solid OpenSCAD_Model
  facet normal 0.947036 -0.321126 0
    outer loop
      vertex 100.096 2.46927 17.7
      vertex 100.264 2.96472 0
      vertex 100.264 2.96472 17.7
    endloop
  endfacet
  facet normal 0.947036 -0.321126 0
    outer loop
      vertex 100.264 2.96472 0
      vertex 100.096 2.46927 17.7
      vertex 100.096 2.46927 0
    endloop
  endfacet
  facet normal 0.321493 -0.946912 0
    outer loop
      vertex 97.4353 0.136292 0
      vertex 97.9307 0.304489 17.7
      vertex 97.4353 0.136292 17.7
    endloop
  endfacet
  facet normal 0.321493 -0.946912 0
    outer loop
      vertex 97.9307 0.304489 17.7
      vertex 97.4353 0.136292 0
      vertex 97.9307 0.304489 0
    endloop
  endfacet
  facet normal 0 -1 0
    outer loop
      vertex 4 0 17.7
      vertex 44.2 0 13.5
      vertex 96.4 0 17.7
    endloop
  endfacet
  facet normal 0 -1 0
    outer loop
      vertex 4 0 17.7
      vertex 44.2 0 6.5
      vertex 44.2 0 13.5
    endloop
  endfacet
  facet normal 0 -1 -0
    outer loop
      vertex 44.2 0 6.5
      vertex 4 0 0
      vertex 56.2 0 6.5
    endloop
  endfacet
  facet normal 0 -1 0
    outer loop
      vertex 4 0 0
      vertex 44.2 0 6.5
      vertex 4 0 17.7
    endloop
  endfacet
  facet normal 0 -1 0
    outer loop
      vertex 56.2 0 13.5
      vertex 96.4 0 17.7
      vertex 44.2 0 13.5
    endloop
  endfacet
  facet normal 0 -1 0
    outer loop
      vertex 56.2 0 6.5
      vertex 96.4 0 17.7
      vertex 56.2 0 13.5
    endloop
  endfacet
  facet normal 0 -1 0
    outer loop
      vertex 56.2 0 6.5
      vertex 96.4 0 0
      vertex 96.4 0 17.7
    endloop
  endfacet
  facet normal 0 -1 0
    outer loop
      vertex 96.4 0 0
      vertex 56.2 0 6.5
      vertex 4 0 0
    endloop
  endfacet
  facet normal 0.195062 -0.980791 0
    outer loop
      vertex 96.9221 0.0342255 0
      vertex 97.4353 0.136292 17.7
      vertex 96.9221 0.0342255 17.7
    endloop
  endfacet
  facet normal 0.195062 -0.980791 0
    outer loop
      vertex 97.4353 0.136292 17.7
      vertex 96.9221 0.0342255 0
      vertex 97.4353 0.136292 0
    endloop
  endfacet
  facet normal -0.896886 0.442261 0
    outer loop
      vertex 0.304489 80.9307 0
      vertex 0.535904 81.4 17.7
      vertex 0.535904 81.4 0
    endloop
  endfacet
  facet normal -0.896886 0.442261 0
    outer loop
      vertex 0.535904 81.4 17.7
      vertex 0.304489 80.9307 0
      vertex 0.304489 80.9307 17.7
    endloop
  endfacet
  facet normal -0.980791 0.195062 0
    outer loop
      vertex 0.0342255 79.9221 0
      vertex 0.136292 80.4353 17.7
      vertex 0.136292 80.4353 0
    endloop
  endfacet
  facet normal -0.980791 0.195062 0
    outer loop
      vertex 0.136292 80.4353 17.7
      vertex 0.0342255 79.9221 0
      vertex 0.0342255 79.9221 17.7
    endloop
  endfacet
  facet normal -0.751847 -0.659337 0
    outer loop
      vertex 1.17157 1.17157 0
      vertex 0.826584 1.56496 17.7
      vertex 0.826584 1.56496 0
    endloop
  endfacet
  facet normal -0.751847 -0.659337 0
    outer loop
      vertex 0.826584 1.56496 17.7
      vertex 1.17157 1.17157 0
      vertex 1.17157 1.17157 17.7
    endloop
  endfacet
  facet normal 0 0 1
    outer loop
      vertex 98.2 78.7 17.7
      vertex 100.4 79.4 17.7
      vertex 100.366 79.9221 17.7
    endloop
  endfacet
  facet normal 0 0 1
    outer loop
      vertex 100.4 79.4 17.7
      vertex 98.2 78.7 17.7
      vertex 100.4 4 17.7
    endloop
  endfacet
  facet normal 0 0 1
    outer loop
      vertex 98.2 78.7 17.7
      vertex 100.366 79.9221 17.7
      vertex 100.264 80.4353 17.7
    endloop
  endfacet
  facet normal -0 0 1
    outer loop
      vertex 98.2 4.7 17.7
      vertex 100.4 4 17.7
      vertex 98.2 78.7 17.7
    endloop
  endfacet
  facet normal 0 0 1
    outer loop
      vertex 98.2 81.2 17.7
      vertex 100.264 80.4353 17.7
      vertex 100.096 80.9307 17.7
    endloop
  endfacet
  facet normal 0 0 1
    outer loop
      vertex 100.4 4 17.7
      vertex 98.2 4.7 17.7
      vertex 100.366 3.47789 17.7
    endloop
  endfacet
  facet normal -0 0 1
    outer loop
      vertex 98.2 81.2 17.7
      vertex 100.096 80.9307 17.7
      vertex 99.8641 81.4 17.7
    endloop
  endfacet
  facet normal 0 0 1
    outer loop
      vertex 100.366 3.47789 17.7
      vertex 98.2 4.7 17.7
      vertex 100.264 2.96472 17.7
    endloop
  endfacet
  facet normal 0 0 1
    outer loop
      vertex 98.2 81.2 17.7
      vertex 99.8641 81.4 17.7
      vertex 99.5734 81.835 17.7
    endloop
  endfacet
  facet normal 0 0 1
    outer loop
      vertex 98.2 2.2 17.7
      vertex 100.264 2.96472 17.7
      vertex 98.2 4.7 17.7
    endloop
  endfacet
  facet normal 0 0 1
    outer loop
      vertex 98.2 81.2 17.7
      vertex 99.5734 81.835 17.7
      vertex 99.2284 82.2284 17.7
    endloop
  endfacet
  facet normal 0 0 1
    outer loop
      vertex 100.264 2.96472 17.7
      vertex 98.2 2.2 17.7
      vertex 100.096 2.46927 17.7
    endloop
  endfacet
  facet normal 0 0 1
    outer loop
      vertex 98.2 81.2 17.7
      vertex 99.2284 82.2284 17.7
      vertex 98.835 82.5734 17.7
    endloop
  endfacet
  facet normal 0 0 1
    outer loop
      vertex 100.096 2.46927 17.7
      vertex 98.2 2.2 17.7
      vertex 99.8641 2 17.7
    endloop
  endfacet
  facet normal 0 0 1
    outer loop
      vertex 98.2 81.2 17.7
      vertex 98.835 82.5734 17.7
      vertex 98.4 82.8641 17.7
    endloop
  endfacet
  facet normal 0 0 1
    outer loop
      vertex 99.8641 2 17.7
      vertex 98.2 2.2 17.7
      vertex 99.5734 1.56496 17.7
    endloop
  endfacet
  facet normal 0 0 1
    outer loop
      vertex 100.264 80.4353 17.7
      vertex 98.2 81.2 17.7
      vertex 98.2 78.7 17.7
    endloop
  endfacet
  facet normal 0 0 1
    outer loop
      vertex 97.9307 83.0955 17.7
      vertex 98.2 81.2 17.7
      vertex 98.4 82.8641 17.7
    endloop
  endfacet
  facet normal 0 0 1
    outer loop
      vertex 97.4353 83.2637 17.7
      vertex 98.2 81.2 17.7
      vertex 97.9307 83.0955 17.7
    endloop
  endfacet
  facet normal 0 0 1
    outer loop
      vertex 95.7 81.2 17.7
      vertex 97.4353 83.2637 17.7
      vertex 96.9221 83.3658 17.7
    endloop
  endfacet
  facet normal 0 0 1
    outer loop
      vertex 95.7 81.2 17.7
      vertex 96.9221 83.3658 17.7
      vertex 96.4 83.4 17.7
    endloop
  endfacet
  facet normal 0 0 1
    outer loop
      vertex 97.4353 83.2637 17.7
      vertex 95.7 81.2 17.7
      vertex 98.2 81.2 17.7
    endloop
  endfacet
  facet normal 0 0 1
    outer loop
      vertex 96.4 83.4 17.7
      vertex 4.7 81.2 17.7
      vertex 95.7 81.2 17.7
    endloop
  endfacet
  facet normal -0 0 1
    outer loop
      vertex 4 83.4 17.7
      vertex 4.7 81.2 17.7
      vertex 96.4 83.4 17.7
    endloop
  endfacet
  facet normal -0 0 1
    outer loop
      vertex 3.47789 83.3658 17.7
      vertex 4.7 81.2 17.7
      vertex 4 83.4 17.7
    endloop
  endfacet
  facet normal -0 0 1
    outer loop
      vertex 2.96472 83.2637 17.7
      vertex 4.7 81.2 17.7
      vertex 3.47789 83.3658 17.7
    endloop
  endfacet
  facet normal 0 0 1
    outer loop
      vertex 2.2 81.2 17.7
      vertex 2.96472 83.2637 17.7
      vertex 2.46927 83.0955 17.7
    endloop
  endfacet
  facet normal 0 0 1
    outer loop
      vertex 2.96472 83.2637 17.7
      vertex 2.2 81.2 17.7
      vertex 4.7 81.2 17.7
    endloop
  endfacet
  facet normal -0 0 1
    outer loop
      vertex 0.136292 80.4353 17.7
      vertex 2.2 78.7 17.7
      vertex 2.2 81.2 17.7
    endloop
  endfacet
  facet normal 0 0 1
    outer loop
      vertex 2.2 78.7 17.7
      vertex 0 79.4 17.7
      vertex 2.2 4.7 17.7
    endloop
  endfacet
  facet normal -0 0 1
    outer loop
      vertex 1.56496 82.5734 17.7
      vertex 2.2 81.2 17.7
      vertex 2 82.8641 17.7
    endloop
  endfacet
  facet normal -0 0 1
    outer loop
      vertex 2 82.8641 17.7
      vertex 2.2 81.2 17.7
      vertex 2.46927 83.0955 17.7
    endloop
  endfacet
  facet normal 0 0 1
    outer loop
      vertex 99.5734 1.56496 17.7
      vertex 98.2 2.2 17.7
      vertex 99.2284 1.17157 17.7
    endloop
  endfacet
  facet normal 0 0 1
    outer loop
      vertex 99.2284 1.17157 17.7
      vertex 98.2 2.2 17.7
      vertex 98.835 0.826584 17.7
    endloop
  endfacet
  facet normal 0 0 1
    outer loop
      vertex 98.835 0.826584 17.7
      vertex 98.2 2.2 17.7
      vertex 98.4 0.535904 17.7
    endloop
  endfacet
  facet normal 0 0 1
    outer loop
      vertex 98.2 2.2 17.7
      vertex 97.9307 0.304489 17.7
      vertex 98.4 0.535904 17.7
    endloop
  endfacet
  facet normal 0 0 1
    outer loop
      vertex 98.2 2.2 17.7
      vertex 97.4353 0.136292 17.7
      vertex 97.9307 0.304489 17.7
    endloop
  endfacet
  facet normal -0 0 1
    outer loop
      vertex 95.7 2.2 17.7
      vertex 97.4353 0.136292 17.7
      vertex 98.2 2.2 17.7
    endloop
  endfacet
  facet normal 0 0 1
    outer loop
      vertex 97.4353 0.136292 17.7
      vertex 95.7 2.2 17.7
      vertex 96.9221 0.0342255 17.7
    endloop
  endfacet
  facet normal 0 0 1
    outer loop
      vertex 96.9221 0.0342255 17.7
      vertex 95.7 2.2 17.7
      vertex 96.4 0 17.7
    endloop
  endfacet
  facet normal -0 0 1
    outer loop
      vertex 4.7 2.2 17.7
      vertex 96.4 0 17.7
      vertex 95.7 2.2 17.7
    endloop
  endfacet
  facet normal 0 0 1
    outer loop
      vertex 4.7 2.2 17.7
      vertex 4 0 17.7
      vertex 96.4 0 17.7
    endloop
  endfacet
  facet normal 0 0 1
    outer loop
      vertex 4.7 2.2 17.7
      vertex 3.47789 0.0342255 17.7
      vertex 4 0 17.7
    endloop
  endfacet
  facet normal 0 0 1
    outer loop
      vertex 4.7 2.2 17.7
      vertex 2.96472 0.136292 17.7
      vertex 3.47789 0.0342255 17.7
    endloop
  endfacet
  facet normal -0 0 1
    outer loop
      vertex 2.2 2.2 17.7
      vertex 2.96472 0.136292 17.7
      vertex 4.7 2.2 17.7
    endloop
  endfacet
  facet normal 0 0 1
    outer loop
      vertex 2.96472 0.136292 17.7
      vertex 2.2 2.2 17.7
      vertex 2.46927 0.304489 17.7
    endloop
  endfacet
  facet normal 0 0 1
    outer loop
      vertex 2.2 2.2 17.7
      vertex 2 0.535904 17.7
      vertex 2.46927 0.304489 17.7
    endloop
  endfacet
  facet normal 0 0 1
    outer loop
      vertex 0 4 17.7
      vertex 2.2 4.7 17.7
      vertex 0 79.4 17.7
    endloop
  endfacet
  facet normal -0 0 1
    outer loop
      vertex 1.17157 82.2284 17.7
      vertex 2.2 81.2 17.7
      vertex 1.56496 82.5734 17.7
    endloop
  endfacet
  facet normal 0 -0 1
    outer loop
      vertex 0.0342255 3.47789 17.7
      vertex 2.2 4.7 17.7
      vertex 0 4 17.7
    endloop
  endfacet
  facet normal -0 0 1
    outer loop
      vertex 0.826584 81.835 17.7
      vertex 2.2 81.2 17.7
      vertex 1.17157 82.2284 17.7
    endloop
  endfacet
  facet normal 0 -0 1
    outer loop
      vertex 0.136292 2.96472 17.7
      vertex 2.2 4.7 17.7
      vertex 0.0342255 3.47789 17.7
    endloop
  endfacet
  facet normal -0 0 1
    outer loop
      vertex 0.535904 81.4 17.7
      vertex 2.2 81.2 17.7
      vertex 0.826584 81.835 17.7
    endloop
  endfacet
  facet normal 0 0 1
    outer loop
      vertex 2.2 2.2 17.7
      vertex 1.56496 0.826584 17.7
      vertex 2 0.535904 17.7
    endloop
  endfacet
  facet normal 0 0 1
    outer loop
      vertex 0.304489 80.9307 17.7
      vertex 2.2 81.2 17.7
      vertex 0.535904 81.4 17.7
    endloop
  endfacet
  facet normal 0 0 1
    outer loop
      vertex 2.2 2.2 17.7
      vertex 1.17157 1.17157 17.7
      vertex 1.56496 0.826584 17.7
    endloop
  endfacet
  facet normal 0 0 1
    outer loop
      vertex 0.136292 80.4353 17.7
      vertex 2.2 81.2 17.7
      vertex 0.304489 80.9307 17.7
    endloop
  endfacet
  facet normal 0 0 1
    outer loop
      vertex 2.2 2.2 17.7
      vertex 0.826584 1.56496 17.7
      vertex 1.17157 1.17157 17.7
    endloop
  endfacet
  facet normal 0 0 1
    outer loop
      vertex 2.2 78.7 17.7
      vertex 0.136292 80.4353 17.7
      vertex 0.0342255 79.9221 17.7
    endloop
  endfacet
  facet normal 0 0 1
    outer loop
      vertex 2.2 2.2 17.7
      vertex 0.535904 2 17.7
      vertex 0.826584 1.56496 17.7
    endloop
  endfacet
  facet normal 0 0 1
    outer loop
      vertex 2.2 78.7 17.7
      vertex 0.0342255 79.9221 17.7
      vertex 0 79.4 17.7
    endloop
  endfacet
  facet normal 0 0 1
    outer loop
      vertex 2.2 2.2 17.7
      vertex 0.304489 2.46927 17.7
      vertex 0.535904 2 17.7
    endloop
  endfacet
  facet normal 0 0 1
    outer loop
      vertex 2.2 2.2 17.7
      vertex 0.136292 2.96472 17.7
      vertex 0.304489 2.46927 17.7
    endloop
  endfacet
  facet normal 0 0 1
    outer loop
      vertex 2.2 4.7 17.7
      vertex 0.136292 2.96472 17.7
      vertex 2.2 2.2 17.7
    endloop
  endfacet
  facet normal 0.0654131 -0.997858 0
    outer loop
      vertex 96.4 0 0
      vertex 96.9221 0.0342255 17.7
      vertex 96.4 0 17.7
    endloop
  endfacet
  facet normal 0.0654131 -0.997858 0
    outer loop
      vertex 96.9221 0.0342255 17.7
      vertex 96.4 0 0
      vertex 96.9221 0.0342255 0
    endloop
  endfacet
  facet normal -0.321464 -0.946922 0
    outer loop
      vertex 2.46927 0.304489 0
      vertex 2.96472 0.136292 17.7
      vertex 2.46927 0.304489 17.7
    endloop
  endfacet
  facet normal -0.321464 -0.946922 -0
    outer loop
      vertex 2.96472 0.136292 17.7
      vertex 2.46927 0.304489 0
      vertex 2.96472 0.136292 0
    endloop
  endfacet
  facet normal 0.751842 0.659343 0
    outer loop
      vertex 99.5734 81.835 17.7
      vertex 99.2284 82.2284 0
      vertex 99.2284 82.2284 17.7
    endloop
  endfacet
  facet normal 0.751842 0.659343 0
    outer loop
      vertex 99.2284 82.2284 0
      vertex 99.5734 81.835 17.7
      vertex 99.5734 81.835 0
    endloop
  endfacet
  facet normal -0.555591 0.831456 0
    outer loop
      vertex 2 82.8641 0
      vertex 1.56496 82.5734 17.7
      vertex 2 82.8641 17.7
    endloop
  endfacet
  facet normal -0.555591 0.831456 0
    outer loop
      vertex 1.56496 82.5734 17.7
      vertex 2 82.8641 0
      vertex 1.56496 82.5734 0
    endloop
  endfacet
  facet normal -0.0653634 0.997862 0
    outer loop
      vertex 4 83.4 0
      vertex 3.47789 83.3658 17.7
      vertex 4 83.4 17.7
    endloop
  endfacet
  facet normal -0.0653634 0.997862 0
    outer loop
      vertex 3.47789 83.3658 17.7
      vertex 4 83.4 0
      vertex 3.47789 83.3658 0
    endloop
  endfacet
  facet normal 0.442238 0.896898 -0
    outer loop
      vertex 98.4 82.8641 0
      vertex 97.9307 83.0955 17.7
      vertex 98.4 82.8641 17.7
    endloop
  endfacet
  facet normal 0.442238 0.896898 0
    outer loop
      vertex 97.9307 83.0955 17.7
      vertex 98.4 82.8641 0
      vertex 97.9307 83.0955 0
    endloop
  endfacet
  facet normal 0.896519 0.443006 0
    outer loop
      vertex 100.096 80.9307 17.7
      vertex 99.8641 81.4 0
      vertex 99.8641 81.4 17.7
    endloop
  endfacet
  facet normal 0.896519 0.443006 0
    outer loop
      vertex 99.8641 81.4 0
      vertex 100.096 80.9307 17.7
      vertex 100.096 80.9307 0
    endloop
  endfacet
  facet normal 1 -0 0
    outer loop
      vertex 100.4 4 17.7
      vertex 100.4 79.4 0
      vertex 100.4 79.4 17.7
    endloop
  endfacet
  facet normal 1 0 0
    outer loop
      vertex 100.4 79.4 0
      vertex 100.4 4 17.7
      vertex 100.4 4 0
    endloop
  endfacet
  facet normal -1 0 0
    outer loop
      vertex 0 4 0
      vertex 0 79.4 17.7
      vertex 0 79.4 0
    endloop
  endfacet
  facet normal -1 -0 0
    outer loop
      vertex 0 79.4 17.7
      vertex 0 4 0
      vertex 0 4 17.7
    endloop
  endfacet
  facet normal 0.831432 0.555626 0
    outer loop
      vertex 99.8641 81.4 17.7
      vertex 99.5734 81.835 0
      vertex 99.5734 81.835 17.7
    endloop
  endfacet
  facet normal 0.831432 0.555626 0
    outer loop
      vertex 99.5734 81.835 0
      vertex 99.8641 81.4 17.7
      vertex 99.8641 81.4 0
    endloop
  endfacet
  facet normal 0.5556 -0.83145 0
    outer loop
      vertex 98.4 0.535904 0
      vertex 98.835 0.826584 17.7
      vertex 98.4 0.535904 17.7
    endloop
  endfacet
  facet normal 0.5556 -0.83145 0
    outer loop
      vertex 98.835 0.826584 17.7
      vertex 98.4 0.535904 0
      vertex 98.835 0.826584 0
    endloop
  endfacet
  facet normal -0.896875 -0.442284 0
    outer loop
      vertex 0.535904 2 0
      vertex 0.304489 2.46927 17.7
      vertex 0.304489 2.46927 0
    endloop
  endfacet
  facet normal -0.896875 -0.442284 0
    outer loop
      vertex 0.304489 2.46927 17.7
      vertex 0.535904 2 0
      vertex 0.535904 2 17.7
    endloop
  endfacet
  facet normal -0.946912 0.321493 0
    outer loop
      vertex 0.136292 80.4353 0
      vertex 0.304489 80.9307 17.7
      vertex 0.304489 80.9307 0
    endloop
  endfacet
  facet normal -0.946912 0.321493 0
    outer loop
      vertex 0.304489 80.9307 17.7
      vertex 0.136292 80.4353 0
      vertex 0.136292 80.4353 17.7
    endloop
  endfacet
  facet normal -0.831474 -0.555564 0
    outer loop
      vertex 0.826584 1.56496 0
      vertex 0.535904 2 17.7
      vertex 0.535904 2 0
    endloop
  endfacet
  facet normal -0.831474 -0.555564 0
    outer loop
      vertex 0.535904 2 17.7
      vertex 0.826584 1.56496 0
      vertex 0.826584 1.56496 17.7
    endloop
  endfacet
  facet normal -0.195073 -0.980789 0
    outer loop
      vertex 2.96472 0.136292 0
      vertex 3.47789 0.0342255 17.7
      vertex 2.96472 0.136292 17.7
    endloop
  endfacet
  facet normal -0.195073 -0.980789 -0
    outer loop
      vertex 3.47789 0.0342255 17.7
      vertex 2.96472 0.136292 0
      vertex 3.47789 0.0342255 0
    endloop
  endfacet
  facet normal 0.555626 0.831432 -0
    outer loop
      vertex 98.835 82.5734 0
      vertex 98.4 82.8641 17.7
      vertex 98.835 82.5734 17.7
    endloop
  endfacet
  facet normal 0.555626 0.831432 0
    outer loop
      vertex 98.4 82.8641 17.7
      vertex 98.835 82.5734 0
      vertex 98.4 82.8641 0
    endloop
  endfacet
  facet normal -0.659337 -0.751847 0
    outer loop
      vertex 1.17157 1.17157 0
      vertex 1.56496 0.826584 17.7
      vertex 1.17157 1.17157 17.7
    endloop
  endfacet
  facet normal -0.659337 -0.751847 -0
    outer loop
      vertex 1.56496 0.826584 17.7
      vertex 1.17157 1.17157 0
      vertex 1.56496 0.826584 0
    endloop
  endfacet
  facet normal -0.0654119 -0.997858 0
    outer loop
      vertex 3.47789 0.0342255 0
      vertex 4 0 17.7
      vertex 3.47789 0.0342255 17.7
    endloop
  endfacet
  facet normal -0.0654119 -0.997858 -0
    outer loop
      vertex 4 0 17.7
      vertex 3.47789 0.0342255 0
      vertex 4 0 0
    endloop
  endfacet
  facet normal 0 1 -0
    outer loop
      vertex 96.4 83.4 0
      vertex 4 83.4 17.7
      vertex 96.4 83.4 17.7
    endloop
  endfacet
  facet normal 0 1 0
    outer loop
      vertex 4 83.4 17.7
      vertex 96.4 83.4 0
      vertex 4 83.4 0
    endloop
  endfacet
  facet normal -0.980789 -0.195073 0
    outer loop
      vertex 0.136292 2.96472 0
      vertex 0.0342255 3.47789 17.7
      vertex 0.0342255 3.47789 0
    endloop
  endfacet
  facet normal -0.980789 -0.195073 0
    outer loop
      vertex 0.0342255 3.47789 17.7
      vertex 0.136292 2.96472 0
      vertex 0.136292 2.96472 17.7
    endloop
  endfacet
  facet normal 0.947026 0.321156 0
    outer loop
      vertex 100.264 80.4353 17.7
      vertex 100.096 80.9307 0
      vertex 100.096 80.9307 17.7
    endloop
  endfacet
  facet normal 0.947026 0.321156 0
    outer loop
      vertex 100.096 80.9307 0
      vertex 100.264 80.4353 17.7
      vertex 100.264 80.4353 0
    endloop
  endfacet
  facet normal 0.980815 0.19494 0
    outer loop
      vertex 100.366 79.9221 17.7
      vertex 100.264 80.4353 0
      vertex 100.264 80.4353 17.7
    endloop
  endfacet
  facet normal 0.980815 0.19494 0
    outer loop
      vertex 100.264 80.4353 0
      vertex 100.366 79.9221 17.7
      vertex 100.366 79.9221 0
    endloop
  endfacet
  facet normal -0.44226 0.896887 0
    outer loop
      vertex 2.46927 83.0955 0
      vertex 2 82.8641 17.7
      vertex 2.46927 83.0955 17.7
    endloop
  endfacet
  facet normal -0.44226 0.896887 0
    outer loop
      vertex 2 82.8641 17.7
      vertex 2.46927 83.0955 0
      vertex 2 82.8641 0
    endloop
  endfacet
  facet normal 0.980813 -0.194951 0
    outer loop
      vertex 100.264 2.96472 17.7
      vertex 100.366 3.47789 0
      vertex 100.366 3.47789 17.7
    endloop
  endfacet
  facet normal 0.980813 -0.194951 0
    outer loop
      vertex 100.366 3.47789 0
      vertex 100.264 2.96472 17.7
      vertex 100.264 2.96472 0
    endloop
  endfacet
  facet normal 0.659343 0.751842 -0
    outer loop
      vertex 99.2284 82.2284 0
      vertex 98.835 82.5734 17.7
      vertex 99.2284 82.2284 17.7
    endloop
  endfacet
  facet normal 0.659343 0.751842 0
    outer loop
      vertex 98.835 82.5734 17.7
      vertex 99.2284 82.2284 0
      vertex 98.835 82.5734 0
    endloop
  endfacet
  facet normal -0.659353 0.751834 0
    outer loop
      vertex 1.56496 82.5734 0
      vertex 1.17157 82.2284 17.7
      vertex 1.56496 82.5734 17.7
    endloop
  endfacet
  facet normal -0.659353 0.751834 0
    outer loop
      vertex 1.17157 82.2284 17.7
      vertex 1.56496 82.5734 0
      vertex 1.17157 82.2284 0
    endloop
  endfacet
  facet normal -0.751855 0.659328 0
    outer loop
      vertex 0.826584 81.835 0
      vertex 1.17157 82.2284 17.7
      vertex 1.17157 82.2284 0
    endloop
  endfacet
  facet normal -0.751855 0.659328 0
    outer loop
      vertex 1.17157 82.2284 17.7
      vertex 0.826584 81.835 0
      vertex 0.826584 81.835 17.7
    endloop
  endfacet
  facet normal -0.195135 0.980776 0
    outer loop
      vertex 3.47789 83.3658 0
      vertex 2.96472 83.2637 17.7
      vertex 3.47789 83.3658 17.7
    endloop
  endfacet
  facet normal -0.195135 0.980776 0
    outer loop
      vertex 2.96472 83.2637 17.7
      vertex 3.47789 83.3658 0
      vertex 2.96472 83.2637 0
    endloop
  endfacet
  facet normal 0.195124 0.980779 -0
    outer loop
      vertex 97.4353 83.2637 0
      vertex 96.9221 83.3658 17.7
      vertex 97.4353 83.2637 17.7
    endloop
  endfacet
  facet normal 0.195124 0.980779 0
    outer loop
      vertex 96.9221 83.3658 17.7
      vertex 97.4353 83.2637 0
      vertex 96.9221 83.3658 0
    endloop
  endfacet
  facet normal -0.321469 0.94692 0
    outer loop
      vertex 2.96472 83.2637 0
      vertex 2.46927 83.0955 17.7
      vertex 2.96472 83.2637 17.7
    endloop
  endfacet
  facet normal -0.321469 0.94692 0
    outer loop
      vertex 2.46927 83.0955 17.7
      vertex 2.96472 83.2637 0
      vertex 2.46927 83.0955 0
    endloop
  endfacet
  facet normal -0.83145 0.5556 0
    outer loop
      vertex 0.535904 81.4 0
      vertex 0.826584 81.835 17.7
      vertex 0.826584 81.835 0
    endloop
  endfacet
  facet normal -0.83145 0.5556 0
    outer loop
      vertex 0.826584 81.835 17.7
      vertex 0.535904 81.4 0
      vertex 0.535904 81.4 17.7
    endloop
  endfacet
  facet normal -0.555564 -0.831474 0
    outer loop
      vertex 1.56496 0.826584 0
      vertex 2 0.535904 17.7
      vertex 1.56496 0.826584 17.7
    endloop
  endfacet
  facet normal -0.555564 -0.831474 -0
    outer loop
      vertex 2 0.535904 17.7
      vertex 1.56496 0.826584 0
      vertex 2 0.535904 0
    endloop
  endfacet
  facet normal -0.442284 -0.896875 0
    outer loop
      vertex 2 0.535904 0
      vertex 2.46927 0.304489 17.7
      vertex 2 0.535904 17.7
    endloop
  endfacet
  facet normal -0.442284 -0.896875 -0
    outer loop
      vertex 2.46927 0.304489 17.7
      vertex 2 0.535904 0
      vertex 2.46927 0.304489 0
    endloop
  endfacet
  facet normal 0.0653646 0.997861 -0
    outer loop
      vertex 96.9221 83.3658 0
      vertex 96.4 83.4 17.7
      vertex 96.9221 83.3658 17.7
    endloop
  endfacet
  facet normal 0.0653646 0.997861 0
    outer loop
      vertex 96.4 83.4 17.7
      vertex 96.9221 83.3658 0
      vertex 96.4 83.4 0
    endloop
  endfacet
  facet normal 0.896507 -0.443029 0
    outer loop
      vertex 99.8641 2 17.7
      vertex 100.096 2.46927 0
      vertex 100.096 2.46927 17.7
    endloop
  endfacet
  facet normal 0.896507 -0.443029 0
    outer loop
      vertex 100.096 2.46927 0
      vertex 99.8641 2 17.7
      vertex 99.8641 2 0
    endloop
  endfacet
  facet normal -0.946922 -0.321464 0
    outer loop
      vertex 0.304489 2.46927 0
      vertex 0.136292 2.96472 17.7
      vertex 0.136292 2.96472 0
    endloop
  endfacet
  facet normal -0.946922 -0.321464 0
    outer loop
      vertex 0.136292 2.96472 17.7
      vertex 0.304489 2.46927 0
      vertex 0.304489 2.46927 17.7
    endloop
  endfacet
  facet normal 0.831456 -0.555591 0
    outer loop
      vertex 99.5734 1.56496 17.7
      vertex 99.8641 2 0
      vertex 99.8641 2 17.7
    endloop
  endfacet
  facet normal 0.831456 -0.555591 0
    outer loop
      vertex 99.8641 2 0
      vertex 99.5734 1.56496 17.7
      vertex 99.5734 1.56496 0
    endloop
  endfacet
  facet normal 0.659328 -0.751855 0
    outer loop
      vertex 98.835 0.826584 0
      vertex 99.2284 1.17157 17.7
      vertex 98.835 0.826584 17.7
    endloop
  endfacet
  facet normal 0.659328 -0.751855 0
    outer loop
      vertex 99.2284 1.17157 17.7
      vertex 98.835 0.826584 0
      vertex 99.2284 1.17157 0
    endloop
  endfacet
  facet normal 0 0 -1
    outer loop
      vertex 96.4 0 0
      vertex 100.4 4 0
      vertex 100.366 3.47789 0
    endloop
  endfacet
  facet normal -0 0 -1
    outer loop
      vertex 100.4 4 0
      vertex 96.4 0 0
      vertex 100.4 79.4 0
    endloop
  endfacet
  facet normal 0 0 -1
    outer loop
      vertex 96.4 0 0
      vertex 100.366 3.47789 0
      vertex 100.264 2.96472 0
    endloop
  endfacet
  facet normal 0 0 -1
    outer loop
      vertex 96.4 83.4 0
      vertex 100.4 79.4 0
      vertex 96.4 0 0
    endloop
  endfacet
  facet normal 0 0 -1
    outer loop
      vertex 96.4 0 0
      vertex 100.264 2.96472 0
      vertex 100.096 2.46927 0
    endloop
  endfacet
  facet normal 0 0 -1
    outer loop
      vertex 100.4 79.4 0
      vertex 96.4 83.4 0
      vertex 100.366 79.9221 0
    endloop
  endfacet
  facet normal 0 0 -1
    outer loop
      vertex 96.4 0 0
      vertex 100.096 2.46927 0
      vertex 99.8641 2 0
    endloop
  endfacet
  facet normal 0 0 -1
    outer loop
      vertex 100.366 79.9221 0
      vertex 96.4 83.4 0
      vertex 100.264 80.4353 0
    endloop
  endfacet
  facet normal 0 0 -1
    outer loop
      vertex 96.4 0 0
      vertex 99.8641 2 0
      vertex 99.5734 1.56496 0
    endloop
  endfacet
  facet normal 0 0 -1
    outer loop
      vertex 100.264 80.4353 0
      vertex 96.4 83.4 0
      vertex 100.096 80.9307 0
    endloop
  endfacet
  facet normal 0 0 -1
    outer loop
      vertex 96.4 0 0
      vertex 99.5734 1.56496 0
      vertex 99.2284 1.17157 0
    endloop
  endfacet
  facet normal 0 0 -1
    outer loop
      vertex 100.096 80.9307 0
      vertex 96.4 83.4 0
      vertex 99.8641 81.4 0
    endloop
  endfacet
  facet normal 0 0 -1
    outer loop
      vertex 96.4 0 0
      vertex 99.2284 1.17157 0
      vertex 98.835 0.826584 0
    endloop
  endfacet
  facet normal 0 0 -1
    outer loop
      vertex 99.8641 81.4 0
      vertex 96.4 83.4 0
      vertex 99.5734 81.835 0
    endloop
  endfacet
  facet normal 0 0 -1
    outer loop
      vertex 96.4 0 0
      vertex 98.835 0.826584 0
      vertex 98.4 0.535904 0
    endloop
  endfacet
  facet normal 0 0 -1
    outer loop
      vertex 99.5734 81.835 0
      vertex 96.4 83.4 0
      vertex 99.2284 82.2284 0
    endloop
  endfacet
  facet normal 0 0 -1
    outer loop
      vertex 96.4 0 0
      vertex 98.4 0.535904 0
      vertex 97.9307 0.304489 0
    endloop
  endfacet
  facet normal 0 0 -1
    outer loop
      vertex 99.2284 82.2284 0
      vertex 96.4 83.4 0
      vertex 98.835 82.5734 0
    endloop
  endfacet
  facet normal 0 0 -1
    outer loop
      vertex 96.4 0 0
      vertex 97.9307 0.304489 0
      vertex 97.4353 0.136292 0
    endloop
  endfacet
  facet normal 0 0 -1
    outer loop
      vertex 98.835 82.5734 0
      vertex 96.4 83.4 0
      vertex 98.4 82.8641 0
    endloop
  endfacet
  facet normal 0 0 -1
    outer loop
      vertex 96.4 0 0
      vertex 97.4353 0.136292 0
      vertex 96.9221 0.0342255 0
    endloop
  endfacet
  facet normal 0 0 -1
    outer loop
      vertex 98.4 82.8641 0
      vertex 96.4 83.4 0
      vertex 97.9307 83.0955 0
    endloop
  endfacet
  facet normal 0 0 -1
    outer loop
      vertex 97.9307 83.0955 0
      vertex 96.4 83.4 0
      vertex 97.4353 83.2637 0
    endloop
  endfacet
  facet normal 0 0 -1
    outer loop
      vertex 97.4353 83.2637 0
      vertex 96.4 83.4 0
      vertex 96.9221 83.3658 0
    endloop
  endfacet
  facet normal 0 0 -1
    outer loop
      vertex 4 0 0
      vertex 96.4 83.4 0
      vertex 96.4 0 0
    endloop
  endfacet
  facet normal 0 0 -1
    outer loop
      vertex 4 0 0
      vertex 4 83.4 0
      vertex 96.4 83.4 0
    endloop
  endfacet
  facet normal 0 0 -1
    outer loop
      vertex 0 4 0
      vertex 4 0 0
      vertex 3.47789 0.0342255 0
    endloop
  endfacet
  facet normal 0 0 -1
    outer loop
      vertex 4 0 0
      vertex 0 4 0
      vertex 4 83.4 0
    endloop
  endfacet
  facet normal 0 0 -1
    outer loop
      vertex 0 4 0
      vertex 3.47789 0.0342255 0
      vertex 2.96472 0.136292 0
    endloop
  endfacet
  facet normal 0 0 -1
    outer loop
      vertex 0 79.4 0
      vertex 4 83.4 0
      vertex 0 4 0
    endloop
  endfacet
  facet normal 0 0 -1
    outer loop
      vertex 0 4 0
      vertex 2.96472 0.136292 0
      vertex 2.46927 0.304489 0
    endloop
  endfacet
  facet normal 0 0 -1
    outer loop
      vertex 4 83.4 0
      vertex 0 79.4 0
      vertex 3.47789 83.3658 0
    endloop
  endfacet
  facet normal 0 0 -1
    outer loop
      vertex 0 4 0
      vertex 2.46927 0.304489 0
      vertex 2 0.535904 0
    endloop
  endfacet
  facet normal 0 0 -1
    outer loop
      vertex 3.47789 83.3658 0
      vertex 0 79.4 0
      vertex 2.96472 83.2637 0
    endloop
  endfacet
  facet normal 0 0 -1
    outer loop
      vertex 0 4 0
      vertex 2 0.535904 0
      vertex 1.56496 0.826584 0
    endloop
  endfacet
  facet normal 0 0 -1
    outer loop
      vertex 2.96472 83.2637 0
      vertex 0 79.4 0
      vertex 2.46927 83.0955 0
    endloop
  endfacet
  facet normal 0 0 -1
    outer loop
      vertex 0 4 0
      vertex 1.56496 0.826584 0
      vertex 1.17157 1.17157 0
    endloop
  endfacet
  facet normal 0 0 -1
    outer loop
      vertex 2.46927 83.0955 0
      vertex 0 79.4 0
      vertex 2 82.8641 0
    endloop
  endfacet
  facet normal 0 0 -1
    outer loop
      vertex 0 4 0
      vertex 1.17157 1.17157 0
      vertex 0.826584 1.56496 0
    endloop
  endfacet
  facet normal 0 0 -1
    outer loop
      vertex 2 82.8641 0
      vertex 0 79.4 0
      vertex 1.56496 82.5734 0
    endloop
  endfacet
  facet normal 0 0 -1
    outer loop
      vertex 0 4 0
      vertex 0.826584 1.56496 0
      vertex 0.535904 2 0
    endloop
  endfacet
  facet normal 0 0 -1
    outer loop
      vertex 1.56496 82.5734 0
      vertex 0 79.4 0
      vertex 1.17157 82.2284 0
    endloop
  endfacet
  facet normal 0 0 -1
    outer loop
      vertex 0 4 0
      vertex 0.535904 2 0
      vertex 0.304489 2.46927 0
    endloop
  endfacet
  facet normal 0 0 -1
    outer loop
      vertex 1.17157 82.2284 0
      vertex 0 79.4 0
      vertex 0.826584 81.835 0
    endloop
  endfacet
  facet normal 0 0 -1
    outer loop
      vertex 0 4 0
      vertex 0.304489 2.46927 0
      vertex 0.136292 2.96472 0
    endloop
  endfacet
  facet normal 0 0 -1
    outer loop
      vertex 0.826584 81.835 0
      vertex 0 79.4 0
      vertex 0.535904 81.4 0
    endloop
  endfacet
  facet normal 0 0 -1
    outer loop
      vertex 0 4 0
      vertex 0.136292 2.96472 0
      vertex 0.0342255 3.47789 0
    endloop
  endfacet
  facet normal 0 0 -1
    outer loop
      vertex 0.535904 81.4 0
      vertex 0 79.4 0
      vertex 0.304489 80.9307 0
    endloop
  endfacet
  facet normal 0 0 -1
    outer loop
      vertex 0.304489 80.9307 0
      vertex 0 79.4 0
      vertex 0.136292 80.4353 0
    endloop
  endfacet
  facet normal 0 0 -1
    outer loop
      vertex 0.136292 80.4353 0
      vertex 0 79.4 0
      vertex 0.0342255 79.9221 0
    endloop
  endfacet
  facet normal 0.751834 -0.659353 0
    outer loop
      vertex 99.2284 1.17157 17.7
      vertex 99.5734 1.56496 0
      vertex 99.5734 1.56496 17.7
    endloop
  endfacet
  facet normal 0.751834 -0.659353 0
    outer loop
      vertex 99.5734 1.56496 0
      vertex 99.2284 1.17157 17.7
      vertex 99.2284 1.17157 0
    endloop
  endfacet
  facet normal 0.997886 0.064984 0
    outer loop
      vertex 100.4 79.4 17.7
      vertex 100.366 79.9221 0
      vertex 100.366 79.9221 17.7
    endloop
  endfacet
  facet normal 0.997886 0.064984 0
    outer loop
      vertex 100.366 79.9221 0
      vertex 100.4 79.4 17.7
      vertex 100.4 79.4 0
    endloop
  endfacet
  facet normal -0.997858 0.0654131 0
    outer loop
      vertex 0 79.4 0
      vertex 0.0342255 79.9221 17.7
      vertex 0.0342255 79.9221 0
    endloop
  endfacet
  facet normal -0.997858 0.0654131 0
    outer loop
      vertex 0.0342255 79.9221 17.7
      vertex 0 79.4 0
      vertex 0 79.4 17.7
    endloop
  endfacet
  facet normal 0.321498 0.94691 -0
    outer loop
      vertex 97.9307 83.0955 0
      vertex 97.4353 83.2637 17.7
      vertex 97.9307 83.0955 17.7
    endloop
  endfacet
  facet normal 0.321498 0.94691 0
    outer loop
      vertex 97.4353 83.2637 17.7
      vertex 97.9307 83.0955 0
      vertex 97.4353 83.2637 0
    endloop
  endfacet
  facet normal -0.997858 -0.0654119 0
    outer loop
      vertex 0.0342255 3.47789 0
      vertex 0 4 17.7
      vertex 0 4 0
    endloop
  endfacet
  facet normal -0.997858 -0.0654119 0
    outer loop
      vertex 0 4 17.7
      vertex 0.0342255 3.47789 0
      vertex 0.0342255 3.47789 17.7
    endloop
  endfacet
  facet normal 0.997886 -0.0649827 0
    outer loop
      vertex 100.366 3.47789 17.7
      vertex 100.4 4 0
      vertex 100.4 4 17.7
    endloop
  endfacet
  facet normal 0.997886 -0.0649827 0
    outer loop
      vertex 100.4 4 0
      vertex 100.366 3.47789 17.7
      vertex 100.366 3.47789 0
    endloop
  endfacet
  facet normal 0.442261 -0.896886 0
    outer loop
      vertex 97.9307 0.304489 0
      vertex 98.4 0.535904 17.7
      vertex 97.9307 0.304489 17.7
    endloop
  endfacet
  facet normal 0.442261 -0.896886 0
    outer loop
      vertex 98.4 0.535904 17.7
      vertex 97.9307 0.304489 0
      vertex 98.4 0.535904 0
    endloop
  endfacet
  facet normal -1 0 0
    outer loop
      vertex 97.7 2.7 2.5
      vertex 97.7 80.7 16.3
      vertex 97.7 80.7 2.5
    endloop
  endfacet
  facet normal -1 -0 0
    outer loop
      vertex 97.7 80.7 16.3
      vertex 97.7 2.7 2.5
      vertex 97.7 2.7 16.3
    endloop
  endfacet
  facet normal 0 0 1
    outer loop
      vertex 7.64856 76.575 2.5
      vertex 92.7514 76.575 2.5
      vertex 7.77873 76.839 2.5
    endloop
  endfacet
  facet normal 0 0 1
    outer loop
      vertex 92.915 7.06971 2.5
      vertex 7.93075 5.99368 2.5
      vertex 7.95 5.7 2.5
    endloop
  endfacet
  facet normal 0 0 1
    outer loop
      vertex 92.7514 76.575 2.5
      vertex 7.64856 76.575 2.5
      vertex 92.915 76.3303 2.5
    endloop
  endfacet
  facet normal 0 0 1
    outer loop
      vertex 92.915 7.06971 2.5
      vertex 7.87333 6.28234 2.5
      vertex 7.93075 5.99368 2.5
    endloop
  endfacet
  facet normal 0 0 1
    outer loop
      vertex 7.48504 76.3303 2.5
      vertex 92.915 76.3303 2.5
      vertex 7.64856 76.575 2.5
    endloop
  endfacet
  facet normal 0 0 1
    outer loop
      vertex 92.915 7.06971 2.5
      vertex 7.77873 6.56104 2.5
      vertex 7.87333 6.28234 2.5
    endloop
  endfacet
  facet normal 0 0 1
    outer loop
      vertex 92.915 76.3303 2.5
      vertex 7.48504 76.3303 2.5
      vertex 92.915 7.06971 2.5
    endloop
  endfacet
  facet normal 0 0 1
    outer loop
      vertex 92.915 7.06971 2.5
      vertex 7.64856 6.825 2.5
      vertex 7.77873 6.56104 2.5
    endloop
  endfacet
  facet normal 0 0 1
    outer loop
      vertex 7.48504 7.06971 2.5
      vertex 92.915 7.06971 2.5
      vertex 7.48504 76.3303 2.5
    endloop
  endfacet
  facet normal 0 0 1
    outer loop
      vertex 92.915 7.06971 2.5
      vertex 7.48504 7.06971 2.5
      vertex 7.64856 6.825 2.5
    endloop
  endfacet
  facet normal -0 0 1
    outer loop
      vertex 7.29099 76.109 2.5
      vertex 7.48504 7.06971 2.5
      vertex 7.48504 76.3303 2.5
    endloop
  endfacet
  facet normal 0 0 1
    outer loop
      vertex 7.29099 76.109 2.5
      vertex 7.29099 7.29099 2.5
      vertex 7.48504 7.06971 2.5
    endloop
  endfacet
  facet normal -0 0 1
    outer loop
      vertex 7.06971 75.915 2.5
      vertex 7.29099 7.29099 2.5
      vertex 7.29099 76.109 2.5
    endloop
  endfacet
  facet normal 0 0 1
    outer loop
      vertex 7.06971 75.915 2.5
      vertex 7.06971 7.48504 2.5
      vertex 7.29099 7.29099 2.5
    endloop
  endfacet
  facet normal -0 0 1
    outer loop
      vertex 6.825 75.7514 2.5
      vertex 7.06971 7.48504 2.5
      vertex 7.06971 75.915 2.5
    endloop
  endfacet
  facet normal 0 0 1
    outer loop
      vertex 6.825 75.7514 2.5
      vertex 6.825 7.64856 2.5
      vertex 7.06971 7.48504 2.5
    endloop
  endfacet
  facet normal -0 0 1
    outer loop
      vertex 6.56104 75.6213 2.5
      vertex 6.825 7.64856 2.5
      vertex 6.825 75.7514 2.5
    endloop
  endfacet
  facet normal 0 0 1
    outer loop
      vertex 6.56104 75.6213 2.5
      vertex 6.56104 7.77873 2.5
      vertex 6.825 7.64856 2.5
    endloop
  endfacet
  facet normal -0 0 1
    outer loop
      vertex 6.28234 75.5267 2.5
      vertex 6.56104 7.77873 2.5
      vertex 6.56104 75.6213 2.5
    endloop
  endfacet
  facet normal 0 0 1
    outer loop
      vertex 6.28234 75.5267 2.5
      vertex 6.28234 7.87333 2.5
      vertex 6.56104 7.77873 2.5
    endloop
  endfacet
  facet normal -0 0 1
    outer loop
      vertex 5.99368 75.4692 2.5
      vertex 6.28234 7.87333 2.5
      vertex 6.28234 75.5267 2.5
    endloop
  endfacet
  facet normal 0 0 1
    outer loop
      vertex 5.99368 75.4692 2.5
      vertex 5.99368 7.93075 2.5
      vertex 6.28234 7.87333 2.5
    endloop
  endfacet
  facet normal -0 0 1
    outer loop
      vertex 5.7 75.45 2.5
      vertex 5.99368 7.93075 2.5
      vertex 5.99368 75.4692 2.5
    endloop
  endfacet
  facet normal 0 0 1
    outer loop
      vertex 5.7 75.45 2.5
      vertex 5.7 7.95 2.5
      vertex 5.99368 7.93075 2.5
    endloop
  endfacet
  facet normal 0 0 1
    outer loop
      vertex 5.40632 75.4692 2.5
      vertex 5.7 7.95 2.5
      vertex 5.7 75.45 2.5
    endloop
  endfacet
  facet normal 0 0 1
    outer loop
      vertex 5.40632 75.4692 2.5
      vertex 5.40632 7.93075 2.5
      vertex 5.7 7.95 2.5
    endloop
  endfacet
  facet normal 0 0 1
    outer loop
      vertex 5.11766 75.5267 2.5
      vertex 5.40632 7.93075 2.5
      vertex 5.40632 75.4692 2.5
    endloop
  endfacet
  facet normal 0 0 1
    outer loop
      vertex 5.11766 75.5267 2.5
      vertex 5.11766 7.87333 2.5
      vertex 5.40632 7.93075 2.5
    endloop
  endfacet
  facet normal 0 0 1
    outer loop
      vertex 4.83896 75.6213 2.5
      vertex 5.11766 7.87333 2.5
      vertex 5.11766 75.5267 2.5
    endloop
  endfacet
  facet normal 0 0 1
    outer loop
      vertex 4.83896 75.6213 2.5
      vertex 4.83896 7.77873 2.5
      vertex 5.11766 7.87333 2.5
    endloop
  endfacet
  facet normal 0 0 1
    outer loop
      vertex 4.575 75.7514 2.5
      vertex 4.83896 7.77873 2.5
      vertex 4.83896 75.6213 2.5
    endloop
  endfacet
  facet normal 0 0 1
    outer loop
      vertex 4.575 75.7514 2.5
      vertex 4.575 7.64856 2.5
      vertex 4.83896 7.77873 2.5
    endloop
  endfacet
  facet normal 0 0 1
    outer loop
      vertex 4.33029 75.915 2.5
      vertex 4.575 7.64856 2.5
      vertex 4.575 75.7514 2.5
    endloop
  endfacet
  facet normal 0 0 1
    outer loop
      vertex 4.33029 75.915 2.5
      vertex 4.33029 7.48504 2.5
      vertex 4.575 7.64856 2.5
    endloop
  endfacet
  facet normal 0 0 1
    outer loop
      vertex 4.10901 76.109 2.5
      vertex 4.33029 7.48504 2.5
      vertex 4.33029 75.915 2.5
    endloop
  endfacet
  facet normal 0 0 1
    outer loop
      vertex 4.10901 76.109 2.5
      vertex 4.10901 7.29099 2.5
      vertex 4.33029 7.48504 2.5
    endloop
  endfacet
  facet normal 0 0 1
    outer loop
      vertex 3.91495 76.3303 2.5
      vertex 4.10901 7.29099 2.5
      vertex 4.10901 76.109 2.5
    endloop
  endfacet
  facet normal 0 0 1
    outer loop
      vertex 3.91495 76.3303 2.5
      vertex 3.91495 7.06971 2.5
      vertex 4.10901 7.29099 2.5
    endloop
  endfacet
  facet normal 0 0 1
    outer loop
      vertex 3.75144 76.575 2.5
      vertex 3.91495 7.06971 2.5
      vertex 3.91495 76.3303 2.5
    endloop
  endfacet
  facet normal 0 0 1
    outer loop
      vertex 3.75144 76.575 2.5
      vertex 3.75144 6.825 2.5
      vertex 3.91495 7.06971 2.5
    endloop
  endfacet
  facet normal 0 0 1
    outer loop
      vertex 3.62127 76.839 2.5
      vertex 3.75144 6.825 2.5
      vertex 3.75144 76.575 2.5
    endloop
  endfacet
  facet normal 0 0 1
    outer loop
      vertex 3.62127 76.839 2.5
      vertex 3.62127 6.56104 2.5
      vertex 3.75144 6.825 2.5
    endloop
  endfacet
  facet normal 0 0 1
    outer loop
      vertex 3.52667 77.1177 2.5
      vertex 3.62127 6.56104 2.5
      vertex 3.62127 76.839 2.5
    endloop
  endfacet
  facet normal 0 0 1
    outer loop
      vertex 3.52667 77.1177 2.5
      vertex 3.52667 6.28234 2.5
      vertex 3.62127 6.56104 2.5
    endloop
  endfacet
  facet normal 0 0 1
    outer loop
      vertex 2.7 80.7 2.5
      vertex 3.52667 77.1177 2.5
      vertex 3.46925 77.4063 2.5
    endloop
  endfacet
  facet normal 0 0 1
    outer loop
      vertex 3.52667 77.1177 2.5
      vertex 2.7 80.7 2.5
      vertex 3.52667 6.28234 2.5
    endloop
  endfacet
  facet normal 0 0 1
    outer loop
      vertex 2.7 80.7 2.5
      vertex 3.46925 77.4063 2.5
      vertex 3.45 77.7 2.5
    endloop
  endfacet
  facet normal 0 0 1
    outer loop
      vertex 2.7 2.7 2.5
      vertex 3.52667 6.28234 2.5
      vertex 2.7 80.7 2.5
    endloop
  endfacet
  facet normal 0 0 1
    outer loop
      vertex 97.7 80.7 2.5
      vertex 96.8733 77.1177 2.5
      vertex 97.7 2.7 2.5
    endloop
  endfacet
  facet normal 0 0 1
    outer loop
      vertex 97.7 2.7 2.5
      vertex 96.9307 5.99368 2.5
      vertex 96.95 5.7 2.5
    endloop
  endfacet
  facet normal -0 0 1
    outer loop
      vertex 96.8733 6.28234 2.5
      vertex 97.7 2.7 2.5
      vertex 96.8733 77.1177 2.5
    endloop
  endfacet
  facet normal 0 0 1
    outer loop
      vertex 97.7 2.7 2.5
      vertex 96.8733 6.28234 2.5
      vertex 96.9307 5.99368 2.5
    endloop
  endfacet
  facet normal -0 0 1
    outer loop
      vertex 96.7787 76.839 2.5
      vertex 96.8733 6.28234 2.5
      vertex 96.8733 77.1177 2.5
    endloop
  endfacet
  facet normal 0 0 1
    outer loop
      vertex 96.7787 76.839 2.5
      vertex 96.7787 6.56104 2.5
      vertex 96.8733 6.28234 2.5
    endloop
  endfacet
  facet normal -0 0 1
    outer loop
      vertex 96.6486 76.575 2.5
      vertex 96.7787 6.56104 2.5
      vertex 96.7787 76.839 2.5
    endloop
  endfacet
  facet normal 0 0 1
    outer loop
      vertex 96.6486 76.575 2.5
      vertex 96.6486 6.825 2.5
      vertex 96.7787 6.56104 2.5
    endloop
  endfacet
  facet normal -0 0 1
    outer loop
      vertex 96.485 76.3303 2.5
      vertex 96.6486 6.825 2.5
      vertex 96.6486 76.575 2.5
    endloop
  endfacet
  facet normal 0 0 1
    outer loop
      vertex 96.485 76.3303 2.5
      vertex 96.485 7.06971 2.5
      vertex 96.6486 6.825 2.5
    endloop
  endfacet
  facet normal -0 0 1
    outer loop
      vertex 96.291 76.109 2.5
      vertex 96.485 7.06971 2.5
      vertex 96.485 76.3303 2.5
    endloop
  endfacet
  facet normal 0 0 1
    outer loop
      vertex 96.291 76.109 2.5
      vertex 96.291 7.29099 2.5
      vertex 96.485 7.06971 2.5
    endloop
  endfacet
  facet normal -0 0 1
    outer loop
      vertex 96.0697 75.915 2.5
      vertex 96.291 7.29099 2.5
      vertex 96.291 76.109 2.5
    endloop
  endfacet
  facet normal 0 0 1
    outer loop
      vertex 96.0697 75.915 2.5
      vertex 96.0697 7.48504 2.5
      vertex 96.291 7.29099 2.5
    endloop
  endfacet
  facet normal -0 0 1
    outer loop
      vertex 95.825 75.7514 2.5
      vertex 96.0697 7.48504 2.5
      vertex 96.0697 75.915 2.5
    endloop
  endfacet
  facet normal 0 0 1
    outer loop
      vertex 95.825 75.7514 2.5
      vertex 95.825 7.64856 2.5
      vertex 96.0697 7.48504 2.5
    endloop
  endfacet
  facet normal -0 0 1
    outer loop
      vertex 95.561 75.6213 2.5
      vertex 95.825 7.64856 2.5
      vertex 95.825 75.7514 2.5
    endloop
  endfacet
  facet normal 0 0 1
    outer loop
      vertex 95.561 75.6213 2.5
      vertex 95.561 7.77873 2.5
      vertex 95.825 7.64856 2.5
    endloop
  endfacet
  facet normal -0 0 1
    outer loop
      vertex 95.2823 75.5267 2.5
      vertex 95.561 7.77873 2.5
      vertex 95.561 75.6213 2.5
    endloop
  endfacet
  facet normal 0 0 1
    outer loop
      vertex 95.2823 75.5267 2.5
      vertex 95.2823 7.87333 2.5
      vertex 95.561 7.77873 2.5
    endloop
  endfacet
  facet normal -0 0 1
    outer loop
      vertex 94.9937 75.4692 2.5
      vertex 95.2823 7.87333 2.5
      vertex 95.2823 75.5267 2.5
    endloop
  endfacet
  facet normal 0 0 1
    outer loop
      vertex 94.9937 75.4692 2.5
      vertex 94.9937 7.93075 2.5
      vertex 95.2823 7.87333 2.5
    endloop
  endfacet
  facet normal -0 0 1
    outer loop
      vertex 94.7 75.45 2.5
      vertex 94.9937 7.93075 2.5
      vertex 94.9937 75.4692 2.5
    endloop
  endfacet
  facet normal 0 0 1
    outer loop
      vertex 94.7 75.45 2.5
      vertex 94.7 7.95 2.5
      vertex 94.9937 7.93075 2.5
    endloop
  endfacet
  facet normal 0 0 1
    outer loop
      vertex 94.4063 75.4692 2.5
      vertex 94.7 7.95 2.5
      vertex 94.7 75.45 2.5
    endloop
  endfacet
  facet normal 0 0 1
    outer loop
      vertex 94.4063 75.4692 2.5
      vertex 94.4063 7.93075 2.5
      vertex 94.7 7.95 2.5
    endloop
  endfacet
  facet normal 0 0 1
    outer loop
      vertex 94.1177 75.5267 2.5
      vertex 94.4063 7.93075 2.5
      vertex 94.4063 75.4692 2.5
    endloop
  endfacet
  facet normal 0 0 1
    outer loop
      vertex 94.1177 75.5267 2.5
      vertex 94.1177 7.87333 2.5
      vertex 94.4063 7.93075 2.5
    endloop
  endfacet
  facet normal 0 0 1
    outer loop
      vertex 93.839 75.6213 2.5
      vertex 94.1177 7.87333 2.5
      vertex 94.1177 75.5267 2.5
    endloop
  endfacet
  facet normal 0 0 1
    outer loop
      vertex 93.839 75.6213 2.5
      vertex 93.839 7.77873 2.5
      vertex 94.1177 7.87333 2.5
    endloop
  endfacet
  facet normal 0 0 1
    outer loop
      vertex 93.575 75.7514 2.5
      vertex 93.839 7.77873 2.5
      vertex 93.839 75.6213 2.5
    endloop
  endfacet
  facet normal 0 0 1
    outer loop
      vertex 93.575 75.7514 2.5
      vertex 93.575 7.64856 2.5
      vertex 93.839 7.77873 2.5
    endloop
  endfacet
  facet normal 0 0 1
    outer loop
      vertex 93.3303 75.915 2.5
      vertex 93.575 7.64856 2.5
      vertex 93.575 75.7514 2.5
    endloop
  endfacet
  facet normal 0 0 1
    outer loop
      vertex 93.3303 75.915 2.5
      vertex 93.3303 7.48504 2.5
      vertex 93.575 7.64856 2.5
    endloop
  endfacet
  facet normal 0 0 1
    outer loop
      vertex 93.109 76.109 2.5
      vertex 93.3303 7.48504 2.5
      vertex 93.3303 75.915 2.5
    endloop
  endfacet
  facet normal 0 0 1
    outer loop
      vertex 93.109 76.109 2.5
      vertex 93.109 7.29099 2.5
      vertex 93.3303 7.48504 2.5
    endloop
  endfacet
  facet normal 0 0 1
    outer loop
      vertex 92.915 76.3303 2.5
      vertex 93.109 7.29099 2.5
      vertex 93.109 76.109 2.5
    endloop
  endfacet
  facet normal 0 0 1
    outer loop
      vertex 92.915 76.3303 2.5
      vertex 92.915 7.06971 2.5
      vertex 93.109 7.29099 2.5
    endloop
  endfacet
  facet normal 0 0 1
    outer loop
      vertex 92.5267 77.1177 2.5
      vertex 7.87333 77.1177 2.5
      vertex 92.6213 76.839 2.5
    endloop
  endfacet
  facet normal 0 0 1
    outer loop
      vertex 7.77873 76.839 2.5
      vertex 92.6213 76.839 2.5
      vertex 7.87333 77.1177 2.5
    endloop
  endfacet
  facet normal 0 0 1
    outer loop
      vertex 7.87333 77.1177 2.5
      vertex 92.5267 77.1177 2.5
      vertex 7.93075 77.4063 2.5
    endloop
  endfacet
  facet normal 0 0 1
    outer loop
      vertex 92.6213 76.839 2.5
      vertex 7.77873 76.839 2.5
      vertex 92.7514 76.575 2.5
    endloop
  endfacet
  facet normal 0 0 1
    outer loop
      vertex 92.4692 77.4063 2.5
      vertex 7.93075 77.4063 2.5
      vertex 92.5267 77.1177 2.5
    endloop
  endfacet
  facet normal 0 0 1
    outer loop
      vertex 92.915 7.06971 2.5
      vertex 7.95 5.7 2.5
      vertex 92.7514 6.825 2.5
    endloop
  endfacet
  facet normal 0 0 1
    outer loop
      vertex 7.93075 77.4063 2.5
      vertex 92.4692 77.4063 2.5
      vertex 7.95 77.7 2.5
    endloop
  endfacet
  facet normal 0 0 1
    outer loop
      vertex 92.7514 6.825 2.5
      vertex 7.95 5.7 2.5
      vertex 92.6213 6.56104 2.5
    endloop
  endfacet
  facet normal -0 0 1
    outer loop
      vertex 7.95 77.7 2.5
      vertex 92.4692 77.4063 2.5
      vertex 92.45 77.7 2.5
    endloop
  endfacet
  facet normal 0 0 1
    outer loop
      vertex 92.6213 6.56104 2.5
      vertex 7.95 5.7 2.5
      vertex 92.5267 6.28234 2.5
    endloop
  endfacet
  facet normal 0 0 1
    outer loop
      vertex 96.9307 77.4063 2.5
      vertex 97.7 80.7 2.5
      vertex 96.95 77.7 2.5
    endloop
  endfacet
  facet normal 0 0 1
    outer loop
      vertex 97.7 80.7 2.5
      vertex 96.9307 77.9937 2.5
      vertex 96.95 77.7 2.5
    endloop
  endfacet
  facet normal 0 0 1
    outer loop
      vertex 97.7 80.7 2.5
      vertex 96.8733 78.2823 2.5
      vertex 96.9307 77.9937 2.5
    endloop
  endfacet
  facet normal 0 0 1
    outer loop
      vertex 97.7 80.7 2.5
      vertex 96.7787 78.561 2.5
      vertex 96.8733 78.2823 2.5
    endloop
  endfacet
  facet normal 0 0 1
    outer loop
      vertex 97.7 80.7 2.5
      vertex 96.6486 78.825 2.5
      vertex 96.7787 78.561 2.5
    endloop
  endfacet
  facet normal 0 0 1
    outer loop
      vertex 97.7 80.7 2.5
      vertex 96.485 79.0697 2.5
      vertex 96.6486 78.825 2.5
    endloop
  endfacet
  facet normal 0 0 1
    outer loop
      vertex 97.7 80.7 2.5
      vertex 96.291 79.291 2.5
      vertex 96.485 79.0697 2.5
    endloop
  endfacet
  facet normal 0 0 1
    outer loop
      vertex 97.7 80.7 2.5
      vertex 96.0697 79.485 2.5
      vertex 96.291 79.291 2.5
    endloop
  endfacet
  facet normal 0 0 1
    outer loop
      vertex 97.7 80.7 2.5
      vertex 95.825 79.6486 2.5
      vertex 96.0697 79.485 2.5
    endloop
  endfacet
  facet normal 0 0 1
    outer loop
      vertex 97.7 80.7 2.5
      vertex 95.561 79.7787 2.5
      vertex 95.825 79.6486 2.5
    endloop
  endfacet
  facet normal 0 0 1
    outer loop
      vertex 97.7 80.7 2.5
      vertex 95.2823 79.8733 2.5
      vertex 95.561 79.7787 2.5
    endloop
  endfacet
  facet normal 0 0 1
    outer loop
      vertex 97.7 80.7 2.5
      vertex 94.9937 79.9307 2.5
      vertex 95.2823 79.8733 2.5
    endloop
  endfacet
  facet normal 0 0 1
    outer loop
      vertex 97.7 80.7 2.5
      vertex 94.7 79.95 2.5
      vertex 94.9937 79.9307 2.5
    endloop
  endfacet
  facet normal 0 0 1
    outer loop
      vertex 97.7 80.7 2.5
      vertex 94.4063 79.9307 2.5
      vertex 94.7 79.95 2.5
    endloop
  endfacet
  facet normal 0 0 1
    outer loop
      vertex 97.7 80.7 2.5
      vertex 94.1177 79.8733 2.5
      vertex 94.4063 79.9307 2.5
    endloop
  endfacet
  facet normal 0 0 1
    outer loop
      vertex 92.5267 6.28234 2.5
      vertex 7.95 5.7 2.5
      vertex 92.4692 5.99368 2.5
    endloop
  endfacet
  facet normal 0 0 1
    outer loop
      vertex 92.4692 77.9937 2.5
      vertex 7.95 77.7 2.5
      vertex 92.45 77.7 2.5
    endloop
  endfacet
  facet normal 0 0 1
    outer loop
      vertex 7.93075 77.9937 2.5
      vertex 92.4692 77.9937 2.5
      vertex 92.5267 78.2823 2.5
    endloop
  endfacet
  facet normal 0 0 1
    outer loop
      vertex 7.87333 78.2823 2.5
      vertex 92.5267 78.2823 2.5
      vertex 92.6213 78.561 2.5
    endloop
  endfacet
  facet normal 0 0 1
    outer loop
      vertex 7.77873 78.561 2.5
      vertex 92.6213 78.561 2.5
      vertex 92.7514 78.825 2.5
    endloop
  endfacet
  facet normal 0 0 1
    outer loop
      vertex 7.64856 78.825 2.5
      vertex 92.7514 78.825 2.5
      vertex 92.915 79.0697 2.5
    endloop
  endfacet
  facet normal 0 0 1
    outer loop
      vertex 7.48504 79.0697 2.5
      vertex 92.915 79.0697 2.5
      vertex 93.109 79.291 2.5
    endloop
  endfacet
  facet normal 0 0 1
    outer loop
      vertex 7.29099 79.291 2.5
      vertex 93.109 79.291 2.5
      vertex 93.3303 79.485 2.5
    endloop
  endfacet
  facet normal 0 0 1
    outer loop
      vertex 7.06971 79.485 2.5
      vertex 93.3303 79.485 2.5
      vertex 93.575 79.6486 2.5
    endloop
  endfacet
  facet normal 0 0 1
    outer loop
      vertex 6.825 79.6486 2.5
      vertex 93.575 79.6486 2.5
      vertex 93.839 79.7787 2.5
    endloop
  endfacet
  facet normal 0 0 1
    outer loop
      vertex 6.56104 79.7787 2.5
      vertex 93.839 79.7787 2.5
      vertex 94.1177 79.8733 2.5
    endloop
  endfacet
  facet normal 0 0 1
    outer loop
      vertex 6.28234 79.8733 2.5
      vertex 94.1177 79.8733 2.5
      vertex 97.7 80.7 2.5
    endloop
  endfacet
  facet normal 0 0 1
    outer loop
      vertex 92.4692 77.9937 2.5
      vertex 7.93075 77.9937 2.5
      vertex 7.95 77.7 2.5
    endloop
  endfacet
  facet normal 0 0 1
    outer loop
      vertex 92.5267 78.2823 2.5
      vertex 7.87333 78.2823 2.5
      vertex 7.93075 77.9937 2.5
    endloop
  endfacet
  facet normal 0 0 1
    outer loop
      vertex 92.6213 78.561 2.5
      vertex 7.77873 78.561 2.5
      vertex 7.87333 78.2823 2.5
    endloop
  endfacet
  facet normal 0 0 1
    outer loop
      vertex 92.7514 78.825 2.5
      vertex 7.64856 78.825 2.5
      vertex 7.77873 78.561 2.5
    endloop
  endfacet
  facet normal 0 0 1
    outer loop
      vertex 92.915 79.0697 2.5
      vertex 7.48504 79.0697 2.5
      vertex 7.64856 78.825 2.5
    endloop
  endfacet
  facet normal 0 0 1
    outer loop
      vertex 93.109 79.291 2.5
      vertex 7.29099 79.291 2.5
      vertex 7.48504 79.0697 2.5
    endloop
  endfacet
  facet normal 0 0 1
    outer loop
      vertex 93.3303 79.485 2.5
      vertex 7.06971 79.485 2.5
      vertex 7.29099 79.291 2.5
    endloop
  endfacet
  facet normal 0 0 1
    outer loop
      vertex 93.575 79.6486 2.5
      vertex 6.825 79.6486 2.5
      vertex 7.06971 79.485 2.5
    endloop
  endfacet
  facet normal 0 0 1
    outer loop
      vertex 93.839 79.7787 2.5
      vertex 6.56104 79.7787 2.5
      vertex 6.825 79.6486 2.5
    endloop
  endfacet
  facet normal 0 0 1
    outer loop
      vertex 94.1177 79.8733 2.5
      vertex 6.28234 79.8733 2.5
      vertex 6.56104 79.7787 2.5
    endloop
  endfacet
  facet normal -0 0 1
    outer loop
      vertex 2.7 80.7 2.5
      vertex 6.28234 79.8733 2.5
      vertex 97.7 80.7 2.5
    endloop
  endfacet
  facet normal 0 0 1
    outer loop
      vertex 6.28234 79.8733 2.5
      vertex 2.7 80.7 2.5
      vertex 5.99368 79.9307 2.5
    endloop
  endfacet
  facet normal 0 0 1
    outer loop
      vertex 3.52667 6.28234 2.5
      vertex 2.7 2.7 2.5
      vertex 3.46925 5.99368 2.5
    endloop
  endfacet
  facet normal 0 0 1
    outer loop
      vertex 3.46925 77.9937 2.5
      vertex 2.7 80.7 2.5
      vertex 3.45 77.7 2.5
    endloop
  endfacet
  facet normal 0 0 1
    outer loop
      vertex 3.52667 78.2823 2.5
      vertex 2.7 80.7 2.5
      vertex 3.46925 77.9937 2.5
    endloop
  endfacet
  facet normal 0 0 1
    outer loop
      vertex 3.62127 78.561 2.5
      vertex 2.7 80.7 2.5
      vertex 3.52667 78.2823 2.5
    endloop
  endfacet
  facet normal 0 0 1
    outer loop
      vertex 3.75144 78.825 2.5
      vertex 2.7 80.7 2.5
      vertex 3.62127 78.561 2.5
    endloop
  endfacet
  facet normal 0 0 1
    outer loop
      vertex 3.91495 79.0697 2.5
      vertex 2.7 80.7 2.5
      vertex 3.75144 78.825 2.5
    endloop
  endfacet
  facet normal 0 0 1
    outer loop
      vertex 4.10901 79.291 2.5
      vertex 2.7 80.7 2.5
      vertex 3.91495 79.0697 2.5
    endloop
  endfacet
  facet normal 0 0 1
    outer loop
      vertex 4.33029 79.485 2.5
      vertex 2.7 80.7 2.5
      vertex 4.10901 79.291 2.5
    endloop
  endfacet
  facet normal 0 0 1
    outer loop
      vertex 4.575 79.6486 2.5
      vertex 2.7 80.7 2.5
      vertex 4.33029 79.485 2.5
    endloop
  endfacet
  facet normal 0 0 1
    outer loop
      vertex 4.83896 79.7787 2.5
      vertex 2.7 80.7 2.5
      vertex 4.575 79.6486 2.5
    endloop
  endfacet
  facet normal 0 0 1
    outer loop
      vertex 5.11766 79.8733 2.5
      vertex 2.7 80.7 2.5
      vertex 4.83896 79.7787 2.5
    endloop
  endfacet
  facet normal 0 0 1
    outer loop
      vertex 5.40632 79.9307 2.5
      vertex 2.7 80.7 2.5
      vertex 5.11766 79.8733 2.5
    endloop
  endfacet
  facet normal 0 0 1
    outer loop
      vertex 5.7 79.95 2.5
      vertex 2.7 80.7 2.5
      vertex 5.40632 79.9307 2.5
    endloop
  endfacet
  facet normal 0 0 1
    outer loop
      vertex 5.99368 79.9307 2.5
      vertex 2.7 80.7 2.5
      vertex 5.7 79.95 2.5
    endloop
  endfacet
  facet normal 0 0 1
    outer loop
      vertex 96.8733 77.1177 2.5
      vertex 97.7 80.7 2.5
      vertex 96.9307 77.4063 2.5
    endloop
  endfacet
  facet normal -0 0 1
    outer loop
      vertex 96.9307 5.40632 2.5
      vertex 97.7 2.7 2.5
      vertex 96.95 5.7 2.5
    endloop
  endfacet
  facet normal -0 0 1
    outer loop
      vertex 96.8733 5.11766 2.5
      vertex 97.7 2.7 2.5
      vertex 96.9307 5.40632 2.5
    endloop
  endfacet
  facet normal -0 0 1
    outer loop
      vertex 96.7787 4.83896 2.5
      vertex 97.7 2.7 2.5
      vertex 96.8733 5.11766 2.5
    endloop
  endfacet
  facet normal -0 0 1
    outer loop
      vertex 96.6486 4.575 2.5
      vertex 97.7 2.7 2.5
      vertex 96.7787 4.83896 2.5
    endloop
  endfacet
  facet normal -0 0 1
    outer loop
      vertex 96.485 4.33029 2.5
      vertex 97.7 2.7 2.5
      vertex 96.6486 4.575 2.5
    endloop
  endfacet
  facet normal -0 0 1
    outer loop
      vertex 96.291 4.10901 2.5
      vertex 97.7 2.7 2.5
      vertex 96.485 4.33029 2.5
    endloop
  endfacet
  facet normal -0 0 1
    outer loop
      vertex 96.0697 3.91495 2.5
      vertex 97.7 2.7 2.5
      vertex 96.291 4.10901 2.5
    endloop
  endfacet
  facet normal -0 0 1
    outer loop
      vertex 95.825 3.75144 2.5
      vertex 97.7 2.7 2.5
      vertex 96.0697 3.91495 2.5
    endloop
  endfacet
  facet normal -0 0 1
    outer loop
      vertex 95.561 3.62127 2.5
      vertex 97.7 2.7 2.5
      vertex 95.825 3.75144 2.5
    endloop
  endfacet
  facet normal -0 0 1
    outer loop
      vertex 95.2823 3.52667 2.5
      vertex 97.7 2.7 2.5
      vertex 95.561 3.62127 2.5
    endloop
  endfacet
  facet normal -0 0 1
    outer loop
      vertex 94.9937 3.46925 2.5
      vertex 97.7 2.7 2.5
      vertex 95.2823 3.52667 2.5
    endloop
  endfacet
  facet normal -0 0 1
    outer loop
      vertex 94.7 3.45 2.5
      vertex 97.7 2.7 2.5
      vertex 94.9937 3.46925 2.5
    endloop
  endfacet
  facet normal 0 0 1
    outer loop
      vertex 94.4063 3.46925 2.5
      vertex 97.7 2.7 2.5
      vertex 94.7 3.45 2.5
    endloop
  endfacet
  facet normal 0 0 1
    outer loop
      vertex 94.1177 3.52667 2.5
      vertex 97.7 2.7 2.5
      vertex 94.4063 3.46925 2.5
    endloop
  endfacet
  facet normal 0 0 1
    outer loop
      vertex 92.4692 5.99368 2.5
      vertex 7.95 5.7 2.5
      vertex 92.45 5.7 2.5
    endloop
  endfacet
  facet normal 0 0 1
    outer loop
      vertex 92.45 5.7 2.5
      vertex 7.95 5.7 2.5
      vertex 92.4692 5.40632 2.5
    endloop
  endfacet
  facet normal 0 0 1
    outer loop
      vertex 7.93075 5.40632 2.5
      vertex 92.4692 5.40632 2.5
      vertex 7.95 5.7 2.5
    endloop
  endfacet
  facet normal 0 0 1
    outer loop
      vertex 92.4692 5.40632 2.5
      vertex 7.93075 5.40632 2.5
      vertex 92.5267 5.11766 2.5
    endloop
  endfacet
  facet normal 0 0 1
    outer loop
      vertex 7.87333 5.11766 2.5
      vertex 92.5267 5.11766 2.5
      vertex 7.93075 5.40632 2.5
    endloop
  endfacet
  facet normal 0 0 1
    outer loop
      vertex 92.5267 5.11766 2.5
      vertex 7.87333 5.11766 2.5
      vertex 92.6213 4.83896 2.5
    endloop
  endfacet
  facet normal 0 0 1
    outer loop
      vertex 7.77873 4.83896 2.5
      vertex 92.6213 4.83896 2.5
      vertex 7.87333 5.11766 2.5
    endloop
  endfacet
  facet normal 0 0 1
    outer loop
      vertex 92.6213 4.83896 2.5
      vertex 7.77873 4.83896 2.5
      vertex 92.7514 4.575 2.5
    endloop
  endfacet
  facet normal 0 0 1
    outer loop
      vertex 7.64856 4.575 2.5
      vertex 92.7514 4.575 2.5
      vertex 7.77873 4.83896 2.5
    endloop
  endfacet
  facet normal 0 0 1
    outer loop
      vertex 92.7514 4.575 2.5
      vertex 7.64856 4.575 2.5
      vertex 92.915 4.33029 2.5
    endloop
  endfacet
  facet normal 0 0 1
    outer loop
      vertex 7.48504 4.33029 2.5
      vertex 92.915 4.33029 2.5
      vertex 7.64856 4.575 2.5
    endloop
  endfacet
  facet normal 0 0 1
    outer loop
      vertex 92.915 4.33029 2.5
      vertex 7.48504 4.33029 2.5
      vertex 93.109 4.10901 2.5
    endloop
  endfacet
  facet normal 0 0 1
    outer loop
      vertex 7.29099 4.10901 2.5
      vertex 93.109 4.10901 2.5
      vertex 7.48504 4.33029 2.5
    endloop
  endfacet
  facet normal 0 0 1
    outer loop
      vertex 93.109 4.10901 2.5
      vertex 7.29099 4.10901 2.5
      vertex 93.3303 3.91495 2.5
    endloop
  endfacet
  facet normal 0 0 1
    outer loop
      vertex 7.06971 3.91495 2.5
      vertex 93.3303 3.91495 2.5
      vertex 7.29099 4.10901 2.5
    endloop
  endfacet
  facet normal 0 0 1
    outer loop
      vertex 93.3303 3.91495 2.5
      vertex 7.06971 3.91495 2.5
      vertex 93.575 3.75144 2.5
    endloop
  endfacet
  facet normal 0 0 1
    outer loop
      vertex 6.825 3.75144 2.5
      vertex 93.575 3.75144 2.5
      vertex 7.06971 3.91495 2.5
    endloop
  endfacet
  facet normal 0 0 1
    outer loop
      vertex 93.575 3.75144 2.5
      vertex 6.825 3.75144 2.5
      vertex 93.839 3.62127 2.5
    endloop
  endfacet
  facet normal 0 0 1
    outer loop
      vertex 6.56104 3.62127 2.5
      vertex 93.839 3.62127 2.5
      vertex 6.825 3.75144 2.5
    endloop
  endfacet
  facet normal 0 0 1
    outer loop
      vertex 93.839 3.62127 2.5
      vertex 6.56104 3.62127 2.5
      vertex 94.1177 3.52667 2.5
    endloop
  endfacet
  facet normal 0 0 1
    outer loop
      vertex 6.28234 3.52667 2.5
      vertex 94.1177 3.52667 2.5
      vertex 6.56104 3.62127 2.5
    endloop
  endfacet
  facet normal 0 0 1
    outer loop
      vertex 94.1177 3.52667 2.5
      vertex 6.28234 3.52667 2.5
      vertex 97.7 2.7 2.5
    endloop
  endfacet
  facet normal 0 0 1
    outer loop
      vertex 2.7 2.7 2.5
      vertex 6.28234 3.52667 2.5
      vertex 5.99368 3.46925 2.5
    endloop
  endfacet
  facet normal 0 0 1
    outer loop
      vertex 2.7 2.7 2.5
      vertex 5.99368 3.46925 2.5
      vertex 5.7 3.45 2.5
    endloop
  endfacet
  facet normal 0 0 1
    outer loop
      vertex 6.28234 3.52667 2.5
      vertex 2.7 2.7 2.5
      vertex 97.7 2.7 2.5
    endloop
  endfacet
  facet normal 0 0 1
    outer loop
      vertex 5.40632 3.46925 2.5
      vertex 2.7 2.7 2.5
      vertex 5.7 3.45 2.5
    endloop
  endfacet
  facet normal 0 0 1
    outer loop
      vertex 5.11766 3.52667 2.5
      vertex 2.7 2.7 2.5
      vertex 5.40632 3.46925 2.5
    endloop
  endfacet
  facet normal 0 0 1
    outer loop
      vertex 4.83896 3.62127 2.5
      vertex 2.7 2.7 2.5
      vertex 5.11766 3.52667 2.5
    endloop
  endfacet
  facet normal 0 0 1
    outer loop
      vertex 4.575 3.75144 2.5
      vertex 2.7 2.7 2.5
      vertex 4.83896 3.62127 2.5
    endloop
  endfacet
  facet normal 0 0 1
    outer loop
      vertex 4.33029 3.91495 2.5
      vertex 2.7 2.7 2.5
      vertex 4.575 3.75144 2.5
    endloop
  endfacet
  facet normal 0 0 1
    outer loop
      vertex 4.10901 4.10901 2.5
      vertex 2.7 2.7 2.5
      vertex 4.33029 3.91495 2.5
    endloop
  endfacet
  facet normal 0 0 1
    outer loop
      vertex 3.91495 4.33029 2.5
      vertex 2.7 2.7 2.5
      vertex 4.10901 4.10901 2.5
    endloop
  endfacet
  facet normal 0 0 1
    outer loop
      vertex 3.75144 4.575 2.5
      vertex 2.7 2.7 2.5
      vertex 3.91495 4.33029 2.5
    endloop
  endfacet
  facet normal 0 0 1
    outer loop
      vertex 3.62127 4.83896 2.5
      vertex 2.7 2.7 2.5
      vertex 3.75144 4.575 2.5
    endloop
  endfacet
  facet normal 0 0 1
    outer loop
      vertex 3.52667 5.11766 2.5
      vertex 2.7 2.7 2.5
      vertex 3.62127 4.83896 2.5
    endloop
  endfacet
  facet normal 0 0 1
    outer loop
      vertex 3.46925 5.40632 2.5
      vertex 2.7 2.7 2.5
      vertex 3.52667 5.11766 2.5
    endloop
  endfacet
  facet normal 0 0 1
    outer loop
      vertex 3.45 5.7 2.5
      vertex 2.7 2.7 2.5
      vertex 3.46925 5.40632 2.5
    endloop
  endfacet
  facet normal 0 0 1
    outer loop
      vertex 3.46925 5.99368 2.5
      vertex 2.7 2.7 2.5
      vertex 3.45 5.7 2.5
    endloop
  endfacet
  facet normal 1 -0 0
    outer loop
      vertex 2.7 2.7 16.3
      vertex 2.7 80.7 2.5
      vertex 2.7 80.7 16.3
    endloop
  endfacet
  facet normal 1 0 0
    outer loop
      vertex 2.7 80.7 2.5
      vertex 2.7 2.7 16.3
      vertex 2.7 2.7 2.5
    endloop
  endfacet
  facet normal 0 -1 0
    outer loop
      vertex 2.7 80.7 2.5
      vertex 97.7 80.7 16.3
      vertex 2.7 80.7 16.3
    endloop
  endfacet
  facet normal 0 -1 -0
    outer loop
      vertex 97.7 80.7 16.3
      vertex 2.7 80.7 2.5
      vertex 97.7 80.7 2.5
    endloop
  endfacet
  facet normal 0 1 0
    outer loop
      vertex 97.7 2.7 16.3
      vertex 56.2 2.7 13.5
      vertex 2.7 2.7 16.3
    endloop
  endfacet
  facet normal 0 1 0
    outer loop
      vertex 97.7 2.7 16.3
      vertex 56.2 2.7 6.5
      vertex 56.2 2.7 13.5
    endloop
  endfacet
  facet normal 0 1 0
    outer loop
      vertex 56.2 2.7 6.5
      vertex 97.7 2.7 2.5
      vertex 44.2 2.7 6.5
    endloop
  endfacet
  facet normal 0 1 -0
    outer loop
      vertex 97.7 2.7 2.5
      vertex 56.2 2.7 6.5
      vertex 97.7 2.7 16.3
    endloop
  endfacet
  facet normal 0 1 -0
    outer loop
      vertex 44.2 2.7 13.5
      vertex 2.7 2.7 16.3
      vertex 56.2 2.7 13.5
    endloop
  endfacet
  facet normal 0 1 -0
    outer loop
      vertex 44.2 2.7 6.5
      vertex 2.7 2.7 16.3
      vertex 44.2 2.7 13.5
    endloop
  endfacet
  facet normal 0 1 0
    outer loop
      vertex 44.2 2.7 6.5
      vertex 2.7 2.7 2.5
      vertex 2.7 2.7 16.3
    endloop
  endfacet
  facet normal 0 1 0
    outer loop
      vertex 2.7 2.7 2.5
      vertex 44.2 2.7 6.5
      vertex 97.7 2.7 2.5
    endloop
  endfacet
  facet normal -1 0 0
    outer loop
      vertex 56.2 0 6.5
      vertex 56.2 2.7 13.5
      vertex 56.2 2.7 6.5
    endloop
  endfacet
  facet normal -1 -0 0
    outer loop
      vertex 56.2 2.7 13.5
      vertex 56.2 0 6.5
      vertex 56.2 0 13.5
    endloop
  endfacet
  facet normal 0 0 -1
    outer loop
      vertex 44.2 0 13.5
      vertex 56.2 2.7 13.5
      vertex 56.2 0 13.5
    endloop
  endfacet
  facet normal -0 0 -1
    outer loop
      vertex 56.2 2.7 13.5
      vertex 44.2 0 13.5
      vertex 44.2 2.7 13.5
    endloop
  endfacet
  facet normal -0 0 1
    outer loop
      vertex 44.2 2.7 6.5
      vertex 56.2 0 6.5
      vertex 56.2 2.7 6.5
    endloop
  endfacet
  facet normal 0 0 1
    outer loop
      vertex 56.2 0 6.5
      vertex 44.2 2.7 6.5
      vertex 44.2 0 6.5
    endloop
  endfacet
  facet normal 1 -0 0
    outer loop
      vertex 44.2 0 13.5
      vertex 44.2 2.7 6.5
      vertex 44.2 2.7 13.5
    endloop
  endfacet
  facet normal 1 0 0
    outer loop
      vertex 44.2 2.7 6.5
      vertex 44.2 0 13.5
      vertex 44.2 0 6.5
    endloop
  endfacet
  facet normal -1 0 0
    outer loop
      vertex 98.2 81.2 16.3
      vertex 98.2 78.7 16.5
      vertex 98.2 81.2 17.7
    endloop
  endfacet
  facet normal -1 0 0
    outer loop
      vertex 98.2 81.2 16.3
      vertex 98.2 4.7 16.5
      vertex 98.2 78.7 16.5
    endloop
  endfacet
  facet normal -1 0 0
    outer loop
      vertex 98.2 2.2 16.3
      vertex 98.2 4.7 16.5
      vertex 98.2 81.2 16.3
    endloop
  endfacet
  facet normal -1 0 0
    outer loop
      vertex 98.2 2.2 17.7
      vertex 98.2 4.7 16.5
      vertex 98.2 2.2 16.3
    endloop
  endfacet
  facet normal -1 0 0
    outer loop
      vertex 98.2 4.7 16.5
      vertex 98.2 2.2 17.7
      vertex 98.2 4.7 17.7
    endloop
  endfacet
  facet normal -1 -0 0
    outer loop
      vertex 98.2 81.2 17.7
      vertex 98.2 78.7 16.5
      vertex 98.2 78.7 17.7
    endloop
  endfacet
  facet normal 1 -0 0
    outer loop
      vertex 98.2 4.7 18
      vertex 98.2 78.7 17.7
      vertex 98.2 78.7 18
    endloop
  endfacet
  facet normal 1 0 0
    outer loop
      vertex 98.2 78.7 17.7
      vertex 98.2 4.7 18
      vertex 98.2 4.7 17.7
    endloop
  endfacet
  facet normal 0 0 1
    outer loop
      vertex 98.2 81.2 16.3
      vertex 97.7 80.7 16.3
      vertex 98.2 2.2 16.3
    endloop
  endfacet
  facet normal 0 0 1
    outer loop
      vertex 98.2 81.2 16.3
      vertex 2.7 80.7 16.3
      vertex 97.7 80.7 16.3
    endloop
  endfacet
  facet normal 0 0 1
    outer loop
      vertex 2.7 80.7 16.3
      vertex 2.2 81.2 16.3
      vertex 2.7 2.7 16.3
    endloop
  endfacet
  facet normal -0 0 1
    outer loop
      vertex 2.2 81.2 16.3
      vertex 2.7 80.7 16.3
      vertex 98.2 81.2 16.3
    endloop
  endfacet
  facet normal -0 0 1
    outer loop
      vertex 97.7 2.7 16.3
      vertex 98.2 2.2 16.3
      vertex 97.7 80.7 16.3
    endloop
  endfacet
  facet normal -0 0 1
    outer loop
      vertex 2.7 2.7 16.3
      vertex 98.2 2.2 16.3
      vertex 97.7 2.7 16.3
    endloop
  endfacet
  facet normal 0 0 1
    outer loop
      vertex 2.7 2.7 16.3
      vertex 2.2 2.2 16.3
      vertex 98.2 2.2 16.3
    endloop
  endfacet
  facet normal 0 0 1
    outer loop
      vertex 2.2 2.2 16.3
      vertex 2.7 2.7 16.3
      vertex 2.2 81.2 16.3
    endloop
  endfacet
  facet normal 1 0 0
    outer loop
      vertex 2.2 4.7 17.7
      vertex 2.2 2.2 17.7
      vertex 2.2 4.7 16.5
    endloop
  endfacet
  facet normal 1 0 0
    outer loop
      vertex 2.2 78.7 16.5
      vertex 2.2 81.2 17.7
      vertex 2.2 78.7 17.7
    endloop
  endfacet
  facet normal 1 0 0
    outer loop
      vertex 2.2 81.2 17.7
      vertex 2.2 78.7 16.5
      vertex 2.2 81.2 16.3
    endloop
  endfacet
  facet normal 1 -0 0
    outer loop
      vertex 2.2 4.7 16.5
      vertex 2.2 81.2 16.3
      vertex 2.2 78.7 16.5
    endloop
  endfacet
  facet normal 1 0 0
    outer loop
      vertex 2.2 4.7 16.5
      vertex 2.2 2.2 16.3
      vertex 2.2 81.2 16.3
    endloop
  endfacet
  facet normal 1 0 0
    outer loop
      vertex 2.2 2.2 16.3
      vertex 2.2 4.7 16.5
      vertex 2.2 2.2 17.7
    endloop
  endfacet
  facet normal -1 0 0
    outer loop
      vertex 2.2 4.7 17.7
      vertex 2.2 78.7 18
      vertex 2.2 78.7 17.7
    endloop
  endfacet
  facet normal -1 -0 0
    outer loop
      vertex 2.2 78.7 18
      vertex 2.2 4.7 17.7
      vertex 2.2 4.7 18
    endloop
  endfacet
  facet normal 0 -1 0
    outer loop
      vertex 2.2 81.2 17.7
      vertex 4.7 81.2 16.5
      vertex 4.7 81.2 17.7
    endloop
  endfacet
  facet normal 0 -1 -0
    outer loop
      vertex 4.7 81.2 16.5
      vertex 2.2 81.2 16.3
      vertex 95.7 81.2 16.5
    endloop
  endfacet
  facet normal 0 -1 0
    outer loop
      vertex 2.2 81.2 16.3
      vertex 4.7 81.2 16.5
      vertex 2.2 81.2 17.7
    endloop
  endfacet
  facet normal 0 -1 0
    outer loop
      vertex 95.7 81.2 16.5
      vertex 98.2 81.2 17.7
      vertex 95.7 81.2 17.7
    endloop
  endfacet
  facet normal 0 -1 0
    outer loop
      vertex 95.7 81.2 16.5
      vertex 98.2 81.2 16.3
      vertex 98.2 81.2 17.7
    endloop
  endfacet
  facet normal 0 -1 0
    outer loop
      vertex 98.2 81.2 16.3
      vertex 95.7 81.2 16.5
      vertex 2.2 81.2 16.3
    endloop
  endfacet
  facet normal 0 1 -0
    outer loop
      vertex 95.7 81.2 17.7
      vertex 4.7 81.2 18
      vertex 95.7 81.2 18
    endloop
  endfacet
  facet normal 0 1 0
    outer loop
      vertex 4.7 81.2 18
      vertex 95.7 81.2 17.7
      vertex 4.7 81.2 17.7
    endloop
  endfacet
  facet normal 0 1 0
    outer loop
      vertex 98.2 2.2 17.7
      vertex 95.7 2.2 16.5
      vertex 95.7 2.2 17.7
    endloop
  endfacet
  facet normal 0 1 0
    outer loop
      vertex 95.7 2.2 16.5
      vertex 98.2 2.2 16.3
      vertex 4.7 2.2 16.5
    endloop
  endfacet
  facet normal 0 1 -0
    outer loop
      vertex 98.2 2.2 16.3
      vertex 95.7 2.2 16.5
      vertex 98.2 2.2 17.7
    endloop
  endfacet
  facet normal 0 1 -0
    outer loop
      vertex 4.7 2.2 16.5
      vertex 2.2 2.2 17.7
      vertex 4.7 2.2 17.7
    endloop
  endfacet
  facet normal 0 1 0
    outer loop
      vertex 4.7 2.2 16.5
      vertex 2.2 2.2 16.3
      vertex 2.2 2.2 17.7
    endloop
  endfacet
  facet normal 0 1 0
    outer loop
      vertex 2.2 2.2 16.3
      vertex 4.7 2.2 16.5
      vertex 98.2 2.2 16.3
    endloop
  endfacet
  facet normal 0 -1 0
    outer loop
      vertex 4.7 2.2 17.7
      vertex 95.7 2.2 18
      vertex 4.7 2.2 18
    endloop
  endfacet
  facet normal 0 -1 -0
    outer loop
      vertex 95.7 2.2 18
      vertex 4.7 2.2 17.7
      vertex 95.7 2.2 17.7
    endloop
  endfacet
  facet normal 0.896874 -0.442287 0
    outer loop
      vertex 7.64856 4.575 3.7
      vertex 7.77873 4.83896 2.5
      vertex 7.77873 4.83896 3.7
    endloop
  endfacet
  facet normal 0.896874 -0.442287 0
    outer loop
      vertex 7.77873 4.83896 2.5
      vertex 7.64856 4.575 3.7
      vertex 7.64856 4.575 2.5
    endloop
  endfacet
  facet normal -0.195097 0.980784 0
    outer loop
      vertex 5.40632 7.93075 2.5
      vertex 5.11766 7.87333 3.7
      vertex 5.40632 7.93075 3.7
    endloop
  endfacet
  facet normal -0.195097 0.980784 0
    outer loop
      vertex 5.11766 7.87333 3.7
      vertex 5.40632 7.93075 2.5
      vertex 5.11766 7.87333 2.5
    endloop
  endfacet
  facet normal 0.980784 0.195097 0
    outer loop
      vertex 7.93075 5.99368 3.7
      vertex 7.87333 6.28234 2.5
      vertex 7.87333 6.28234 3.7
    endloop
  endfacet
  facet normal 0.980784 0.195097 0
    outer loop
      vertex 7.87333 6.28234 2.5
      vertex 7.93075 5.99368 3.7
      vertex 7.93075 5.99368 2.5
    endloop
  endfacet
  facet normal 0.997859 0.0654072 0
    outer loop
      vertex 7.95 5.7 3.7
      vertex 7.93075 5.99368 2.5
      vertex 7.93075 5.99368 3.7
    endloop
  endfacet
  facet normal 0.997859 0.0654072 0
    outer loop
      vertex 7.93075 5.99368 2.5
      vertex 7.95 5.7 3.7
      vertex 7.95 5.7 2.5
    endloop
  endfacet
  facet normal -0.555594 0.831454 0
    outer loop
      vertex 4.575 7.64856 2.5
      vertex 4.33029 7.48504 3.7
      vertex 4.575 7.64856 3.7
    endloop
  endfacet
  facet normal -0.555594 0.831454 0
    outer loop
      vertex 4.33029 7.48504 3.7
      vertex 4.575 7.64856 2.5
      vertex 4.33029 7.48504 2.5
    endloop
  endfacet
  facet normal 0.659332 0.751852 -0
    outer loop
      vertex 7.29099 7.29099 2.5
      vertex 7.06971 7.48504 3.7
      vertex 7.29099 7.29099 3.7
    endloop
  endfacet
  facet normal 0.659332 0.751852 0
    outer loop
      vertex 7.06971 7.48504 3.7
      vertex 7.29099 7.29099 2.5
      vertex 7.06971 7.48504 2.5
    endloop
  endfacet
  facet normal -0.0654072 0.997859 0
    outer loop
      vertex 5.7 7.95 2.5
      vertex 5.40632 7.93075 3.7
      vertex 5.7 7.95 3.7
    endloop
  endfacet
  facet normal -0.0654072 0.997859 0
    outer loop
      vertex 5.40632 7.93075 3.7
      vertex 5.7 7.95 2.5
      vertex 5.40632 7.93075 2.5
    endloop
  endfacet
  facet normal 0.195097 -0.980784 0
    outer loop
      vertex 5.99368 3.46925 2.5
      vertex 6.28234 3.52667 3.7
      vertex 5.99368 3.46925 3.7
    endloop
  endfacet
  facet normal 0.195097 -0.980784 0
    outer loop
      vertex 6.28234 3.52667 3.7
      vertex 5.99368 3.46925 2.5
      vertex 6.28234 3.52667 2.5
    endloop
  endfacet
  facet normal 0.55557 -0.83147 0
    outer loop
      vertex 6.825 3.75144 2.5
      vertex 7.06971 3.91495 3.7
      vertex 6.825 3.75144 3.7
    endloop
  endfacet
  facet normal 0.55557 -0.83147 0
    outer loop
      vertex 7.06971 3.91495 3.7
      vertex 6.825 3.75144 2.5
      vertex 7.06971 3.91495 2.5
    endloop
  endfacet
  facet normal 0.997859 -0.0654072 0
    outer loop
      vertex 7.93075 5.40632 3.7
      vertex 7.95 5.7 2.5
      vertex 7.95 5.7 3.7
    endloop
  endfacet
  facet normal 0.997859 -0.0654072 0
    outer loop
      vertex 7.95 5.7 2.5
      vertex 7.93075 5.40632 3.7
      vertex 7.93075 5.40632 2.5
    endloop
  endfacet
  facet normal 0.831454 0.555594 0
    outer loop
      vertex 7.64856 6.825 3.7
      vertex 7.48504 7.06971 2.5
      vertex 7.48504 7.06971 3.7
    endloop
  endfacet
  facet normal 0.831454 0.555594 0
    outer loop
      vertex 7.48504 7.06971 2.5
      vertex 7.64856 6.825 3.7
      vertex 7.64856 6.825 2.5
    endloop
  endfacet
  facet normal 0.442287 -0.896874 0
    outer loop
      vertex 6.56104 3.62127 2.5
      vertex 6.825 3.75144 3.7
      vertex 6.56104 3.62127 3.7
    endloop
  endfacet
  facet normal 0.442287 -0.896874 0
    outer loop
      vertex 6.825 3.75144 3.7
      vertex 6.56104 3.62127 2.5
      vertex 6.825 3.75144 2.5
    endloop
  endfacet
  facet normal 0.896874 0.442287 0
    outer loop
      vertex 7.77873 6.56104 3.7
      vertex 7.64856 6.825 2.5
      vertex 7.64856 6.825 3.7
    endloop
  endfacet
  facet normal 0.896874 0.442287 0
    outer loop
      vertex 7.64856 6.825 2.5
      vertex 7.77873 6.56104 3.7
      vertex 7.77873 6.56104 2.5
    endloop
  endfacet
  facet normal 0.0654072 0.997859 -0
    outer loop
      vertex 5.99368 7.93075 2.5
      vertex 5.7 7.95 3.7
      vertex 5.99368 7.93075 3.7
    endloop
  endfacet
  facet normal 0.0654072 0.997859 0
    outer loop
      vertex 5.7 7.95 3.7
      vertex 5.99368 7.93075 2.5
      vertex 5.7 7.95 2.5
    endloop
  endfacet
  facet normal 0.0654072 -0.997859 0
    outer loop
      vertex 5.7 3.45 2.5
      vertex 5.99368 3.46925 3.7
      vertex 5.7 3.45 3.7
    endloop
  endfacet
  facet normal 0.0654072 -0.997859 0
    outer loop
      vertex 5.99368 3.46925 3.7
      vertex 5.7 3.45 2.5
      vertex 5.99368 3.46925 2.5
    endloop
  endfacet
  facet normal -0.997859 0.0654072 0
    outer loop
      vertex 3.45 5.7 2.5
      vertex 3.46925 5.99368 3.7
      vertex 3.46925 5.99368 2.5
    endloop
  endfacet
  facet normal -0.997859 0.0654072 0
    outer loop
      vertex 3.46925 5.99368 3.7
      vertex 3.45 5.7 2.5
      vertex 3.45 5.7 3.7
    endloop
  endfacet
  facet normal 0.751852 -0.659332 0
    outer loop
      vertex 7.29099 4.10901 3.7
      vertex 7.48504 4.33029 2.5
      vertex 7.48504 4.33029 3.7
    endloop
  endfacet
  facet normal 0.751852 -0.659332 0
    outer loop
      vertex 7.48504 4.33029 2.5
      vertex 7.29099 4.10901 3.7
      vertex 7.29099 4.10901 2.5
    endloop
  endfacet
  facet normal -0.659332 0.751852 0
    outer loop
      vertex 4.33029 7.48504 2.5
      vertex 4.10901 7.29099 3.7
      vertex 4.33029 7.48504 3.7
    endloop
  endfacet
  facet normal -0.659332 0.751852 0
    outer loop
      vertex 4.10901 7.29099 3.7
      vertex 4.33029 7.48504 2.5
      vertex 4.10901 7.29099 2.5
    endloop
  endfacet
  facet normal 0 0 1
    outer loop
      vertex 7.93075 5.99368 3.7
      vertex 7.93075 5.40632 3.7
      vertex 7.95 5.7 3.7
    endloop
  endfacet
  facet normal 0 0 1
    outer loop
      vertex 7.87333 6.28234 3.7
      vertex 7.93075 5.40632 3.7
      vertex 7.93075 5.99368 3.7
    endloop
  endfacet
  facet normal 0 0 1
    outer loop
      vertex 7.87333 6.28234 3.7
      vertex 7.87333 5.11766 3.7
      vertex 7.93075 5.40632 3.7
    endloop
  endfacet
  facet normal 0 0 1
    outer loop
      vertex 7.77873 6.56104 3.7
      vertex 7.87333 5.11766 3.7
      vertex 7.87333 6.28234 3.7
    endloop
  endfacet
  facet normal 0 0 1
    outer loop
      vertex 7.77873 6.56104 3.7
      vertex 7.77873 4.83896 3.7
      vertex 7.87333 5.11766 3.7
    endloop
  endfacet
  facet normal 0 0 1
    outer loop
      vertex 7.64856 6.825 3.7
      vertex 7.77873 4.83896 3.7
      vertex 7.77873 6.56104 3.7
    endloop
  endfacet
  facet normal 0 0 1
    outer loop
      vertex 7.64856 6.825 3.7
      vertex 7.64856 4.575 3.7
      vertex 7.77873 4.83896 3.7
    endloop
  endfacet
  facet normal 0 0 1
    outer loop
      vertex 7.48504 7.06971 3.7
      vertex 7.64856 4.575 3.7
      vertex 7.64856 6.825 3.7
    endloop
  endfacet
  facet normal 0 0 1
    outer loop
      vertex 7.48504 7.06971 3.7
      vertex 7.48504 4.33029 3.7
      vertex 7.64856 4.575 3.7
    endloop
  endfacet
  facet normal 0 0 1
    outer loop
      vertex 7.29099 7.29099 3.7
      vertex 7.48504 4.33029 3.7
      vertex 7.48504 7.06971 3.7
    endloop
  endfacet
  facet normal 0 0 1
    outer loop
      vertex 7.29099 7.29099 3.7
      vertex 7.29099 4.10901 3.7
      vertex 7.48504 4.33029 3.7
    endloop
  endfacet
  facet normal 0 0 1
    outer loop
      vertex 7.06971 7.48504 3.7
      vertex 7.29099 4.10901 3.7
      vertex 7.29099 7.29099 3.7
    endloop
  endfacet
  facet normal 0 0 1
    outer loop
      vertex 7.06971 7.48504 3.7
      vertex 7.06971 3.91495 3.7
      vertex 7.29099 4.10901 3.7
    endloop
  endfacet
  facet normal 0 0 1
    outer loop
      vertex 6.825 7.64856 3.7
      vertex 7.06971 3.91495 3.7
      vertex 7.06971 7.48504 3.7
    endloop
  endfacet
  facet normal 0 0 1
    outer loop
      vertex 6.825 7.64856 3.7
      vertex 6.825 3.75144 3.7
      vertex 7.06971 3.91495 3.7
    endloop
  endfacet
  facet normal 0 0 1
    outer loop
      vertex 6.56104 7.77873 3.7
      vertex 6.825 3.75144 3.7
      vertex 6.825 7.64856 3.7
    endloop
  endfacet
  facet normal 0 0 1
    outer loop
      vertex 6.56104 7.77873 3.7
      vertex 6.56104 3.62127 3.7
      vertex 6.825 3.75144 3.7
    endloop
  endfacet
  facet normal 0 0 1
    outer loop
      vertex 6.28234 7.87333 3.7
      vertex 6.56104 3.62127 3.7
      vertex 6.56104 7.77873 3.7
    endloop
  endfacet
  facet normal 0 0 1
    outer loop
      vertex 6.28234 7.87333 3.7
      vertex 6.28234 3.52667 3.7
      vertex 6.56104 3.62127 3.7
    endloop
  endfacet
  facet normal 0 0 1
    outer loop
      vertex 5.99368 7.93075 3.7
      vertex 6.28234 3.52667 3.7
      vertex 6.28234 7.87333 3.7
    endloop
  endfacet
  facet normal 0 0 1
    outer loop
      vertex 5.99368 7.93075 3.7
      vertex 5.99368 3.46925 3.7
      vertex 6.28234 3.52667 3.7
    endloop
  endfacet
  facet normal 0 0 1
    outer loop
      vertex 5.7 7.95 3.7
      vertex 5.99368 3.46925 3.7
      vertex 5.99368 7.93075 3.7
    endloop
  endfacet
  facet normal 0 0 1
    outer loop
      vertex 5.7 7.95 3.7
      vertex 5.7 3.45 3.7
      vertex 5.99368 3.46925 3.7
    endloop
  endfacet
  facet normal -0 0 1
    outer loop
      vertex 5.40632 7.93075 3.7
      vertex 5.7 3.45 3.7
      vertex 5.7 7.95 3.7
    endloop
  endfacet
  facet normal 0 0 1
    outer loop
      vertex 5.40632 7.93075 3.7
      vertex 5.40632 3.46925 3.7
      vertex 5.7 3.45 3.7
    endloop
  endfacet
  facet normal -0 0 1
    outer loop
      vertex 5.11766 7.87333 3.7
      vertex 5.40632 3.46925 3.7
      vertex 5.40632 7.93075 3.7
    endloop
  endfacet
  facet normal 0 0 1
    outer loop
      vertex 5.11766 7.87333 3.7
      vertex 5.11766 3.52667 3.7
      vertex 5.40632 3.46925 3.7
    endloop
  endfacet
  facet normal -0 0 1
    outer loop
      vertex 4.83896 7.77873 3.7
      vertex 5.11766 3.52667 3.7
      vertex 5.11766 7.87333 3.7
    endloop
  endfacet
  facet normal 0 0 1
    outer loop
      vertex 4.83896 7.77873 3.7
      vertex 4.83896 3.62127 3.7
      vertex 5.11766 3.52667 3.7
    endloop
  endfacet
  facet normal -0 0 1
    outer loop
      vertex 4.575 7.64856 3.7
      vertex 4.83896 3.62127 3.7
      vertex 4.83896 7.77873 3.7
    endloop
  endfacet
  facet normal 0 0 1
    outer loop
      vertex 4.575 7.64856 3.7
      vertex 4.575 3.75144 3.7
      vertex 4.83896 3.62127 3.7
    endloop
  endfacet
  facet normal -0 0 1
    outer loop
      vertex 4.33029 7.48504 3.7
      vertex 4.575 3.75144 3.7
      vertex 4.575 7.64856 3.7
    endloop
  endfacet
  facet normal 0 0 1
    outer loop
      vertex 4.33029 7.48504 3.7
      vertex 4.33029 3.91495 3.7
      vertex 4.575 3.75144 3.7
    endloop
  endfacet
  facet normal -0 0 1
    outer loop
      vertex 4.10901 7.29099 3.7
      vertex 4.33029 3.91495 3.7
      vertex 4.33029 7.48504 3.7
    endloop
  endfacet
  facet normal 0 0 1
    outer loop
      vertex 4.10901 7.29099 3.7
      vertex 4.10901 4.10901 3.7
      vertex 4.33029 3.91495 3.7
    endloop
  endfacet
  facet normal -0 0 1
    outer loop
      vertex 3.91495 7.06971 3.7
      vertex 4.10901 4.10901 3.7
      vertex 4.10901 7.29099 3.7
    endloop
  endfacet
  facet normal 0 0 1
    outer loop
      vertex 3.91495 7.06971 3.7
      vertex 3.91495 4.33029 3.7
      vertex 4.10901 4.10901 3.7
    endloop
  endfacet
  facet normal -0 0 1
    outer loop
      vertex 3.75144 6.825 3.7
      vertex 3.91495 4.33029 3.7
      vertex 3.91495 7.06971 3.7
    endloop
  endfacet
  facet normal 0 0 1
    outer loop
      vertex 3.75144 6.825 3.7
      vertex 3.75144 4.575 3.7
      vertex 3.91495 4.33029 3.7
    endloop
  endfacet
  facet normal -0 0 1
    outer loop
      vertex 3.62127 6.56104 3.7
      vertex 3.75144 4.575 3.7
      vertex 3.75144 6.825 3.7
    endloop
  endfacet
  facet normal 0 0 1
    outer loop
      vertex 3.62127 6.56104 3.7
      vertex 3.62127 4.83896 3.7
      vertex 3.75144 4.575 3.7
    endloop
  endfacet
  facet normal -0 0 1
    outer loop
      vertex 3.52667 6.28234 3.7
      vertex 3.62127 4.83896 3.7
      vertex 3.62127 6.56104 3.7
    endloop
  endfacet
  facet normal 0 0 1
    outer loop
      vertex 3.52667 6.28234 3.7
      vertex 3.52667 5.11766 3.7
      vertex 3.62127 4.83896 3.7
    endloop
  endfacet
  facet normal -0 0 1
    outer loop
      vertex 3.46925 5.99368 3.7
      vertex 3.52667 5.11766 3.7
      vertex 3.52667 6.28234 3.7
    endloop
  endfacet
  facet normal 0 0 1
    outer loop
      vertex 3.46925 5.99368 3.7
      vertex 3.46925 5.40632 3.7
      vertex 3.52667 5.11766 3.7
    endloop
  endfacet
  facet normal 0 -0 1
    outer loop
      vertex 3.46925 5.40632 3.7
      vertex 3.46925 5.99368 3.7
      vertex 3.45 5.7 3.7
    endloop
  endfacet
  facet normal 0.659351 -0.751835 0
    outer loop
      vertex 7.06971 3.91495 2.5
      vertex 7.29099 4.10901 3.7
      vertex 7.06971 3.91495 3.7
    endloop
  endfacet
  facet normal 0.659351 -0.751835 0
    outer loop
      vertex 7.29099 4.10901 3.7
      vertex 7.06971 3.91495 2.5
      vertex 7.29099 4.10901 2.5
    endloop
  endfacet
  facet normal -0.751835 0.659351 0
    outer loop
      vertex 3.91495 7.06971 2.5
      vertex 4.10901 7.29099 3.7
      vertex 4.10901 7.29099 2.5
    endloop
  endfacet
  facet normal -0.751835 0.659351 0
    outer loop
      vertex 4.10901 7.29099 3.7
      vertex 3.91495 7.06971 2.5
      vertex 3.91495 7.06971 3.7
    endloop
  endfacet
  facet normal -0.55557 -0.83147 0
    outer loop
      vertex 4.33029 3.91495 2.5
      vertex 4.575 3.75144 3.7
      vertex 4.33029 3.91495 3.7
    endloop
  endfacet
  facet normal -0.55557 -0.83147 -0
    outer loop
      vertex 4.575 3.75144 3.7
      vertex 4.33029 3.91495 2.5
      vertex 4.575 3.75144 2.5
    endloop
  endfacet
  facet normal -0.946936 -0.321421 0
    outer loop
      vertex 3.62127 4.83896 2.5
      vertex 3.52667 5.11766 3.7
      vertex 3.52667 5.11766 2.5
    endloop
  endfacet
  facet normal -0.946936 -0.321421 0
    outer loop
      vertex 3.52667 5.11766 3.7
      vertex 3.62127 4.83896 2.5
      vertex 3.62127 4.83896 3.7
    endloop
  endfacet
  facet normal 0.555594 0.831454 -0
    outer loop
      vertex 7.06971 7.48504 2.5
      vertex 6.825 7.64856 3.7
      vertex 7.06971 7.48504 3.7
    endloop
  endfacet
  facet normal 0.555594 0.831454 0
    outer loop
      vertex 6.825 7.64856 3.7
      vertex 7.06971 7.48504 2.5
      vertex 6.825 7.64856 2.5
    endloop
  endfacet
  facet normal 0.946936 -0.321421 0
    outer loop
      vertex 7.77873 4.83896 3.7
      vertex 7.87333 5.11766 2.5
      vertex 7.87333 5.11766 3.7
    endloop
  endfacet
  facet normal 0.946936 -0.321421 0
    outer loop
      vertex 7.87333 5.11766 2.5
      vertex 7.77873 4.83896 3.7
      vertex 7.77873 4.83896 2.5
    endloop
  endfacet
  facet normal 0.980784 -0.195097 0
    outer loop
      vertex 7.87333 5.11766 3.7
      vertex 7.93075 5.40632 2.5
      vertex 7.93075 5.40632 3.7
    endloop
  endfacet
  facet normal 0.980784 -0.195097 0
    outer loop
      vertex 7.93075 5.40632 2.5
      vertex 7.87333 5.11766 3.7
      vertex 7.87333 5.11766 2.5
    endloop
  endfacet
  facet normal 0.831454 -0.555594 0
    outer loop
      vertex 7.48504 4.33029 3.7
      vertex 7.64856 4.575 2.5
      vertex 7.64856 4.575 3.7
    endloop
  endfacet
  facet normal 0.831454 -0.555594 0
    outer loop
      vertex 7.64856 4.575 2.5
      vertex 7.48504 4.33029 3.7
      vertex 7.48504 4.33029 2.5
    endloop
  endfacet
  facet normal -0.321421 0.946936 0
    outer loop
      vertex 5.11766 7.87333 2.5
      vertex 4.83896 7.77873 3.7
      vertex 5.11766 7.87333 3.7
    endloop
  endfacet
  facet normal -0.321421 0.946936 0
    outer loop
      vertex 4.83896 7.77873 3.7
      vertex 5.11766 7.87333 2.5
      vertex 4.83896 7.77873 2.5
    endloop
  endfacet
  facet normal 0.321421 -0.946936 0
    outer loop
      vertex 6.28234 3.52667 2.5
      vertex 6.56104 3.62127 3.7
      vertex 6.28234 3.52667 3.7
    endloop
  endfacet
  facet normal 0.321421 -0.946936 0
    outer loop
      vertex 6.56104 3.62127 3.7
      vertex 6.28234 3.52667 2.5
      vertex 6.56104 3.62127 2.5
    endloop
  endfacet
  facet normal -0.896874 -0.442287 0
    outer loop
      vertex 3.75144 4.575 2.5
      vertex 3.62127 4.83896 3.7
      vertex 3.62127 4.83896 2.5
    endloop
  endfacet
  facet normal -0.896874 -0.442287 0
    outer loop
      vertex 3.62127 4.83896 3.7
      vertex 3.75144 4.575 2.5
      vertex 3.75144 4.575 3.7
    endloop
  endfacet
  facet normal 0.442287 0.896874 -0
    outer loop
      vertex 6.825 7.64856 2.5
      vertex 6.56104 7.77873 3.7
      vertex 6.825 7.64856 3.7
    endloop
  endfacet
  facet normal 0.442287 0.896874 0
    outer loop
      vertex 6.56104 7.77873 3.7
      vertex 6.825 7.64856 2.5
      vertex 6.56104 7.77873 2.5
    endloop
  endfacet
  facet normal 0.321421 0.946936 -0
    outer loop
      vertex 6.56104 7.77873 2.5
      vertex 6.28234 7.87333 3.7
      vertex 6.56104 7.77873 3.7
    endloop
  endfacet
  facet normal 0.321421 0.946936 0
    outer loop
      vertex 6.28234 7.87333 3.7
      vertex 6.56104 7.77873 2.5
      vertex 6.28234 7.87333 2.5
    endloop
  endfacet
  facet normal -0.659351 -0.751835 0
    outer loop
      vertex 4.10901 4.10901 2.5
      vertex 4.33029 3.91495 3.7
      vertex 4.10901 4.10901 3.7
    endloop
  endfacet
  facet normal -0.659351 -0.751835 -0
    outer loop
      vertex 4.33029 3.91495 3.7
      vertex 4.10901 4.10901 2.5
      vertex 4.33029 3.91495 2.5
    endloop
  endfacet
  facet normal 0.195097 0.980784 -0
    outer loop
      vertex 6.28234 7.87333 2.5
      vertex 5.99368 7.93075 3.7
      vertex 6.28234 7.87333 3.7
    endloop
  endfacet
  facet normal 0.195097 0.980784 0
    outer loop
      vertex 5.99368 7.93075 3.7
      vertex 6.28234 7.87333 2.5
      vertex 5.99368 7.93075 2.5
    endloop
  endfacet
  facet normal -0.751835 -0.659351 0
    outer loop
      vertex 4.10901 4.10901 2.5
      vertex 3.91495 4.33029 3.7
      vertex 3.91495 4.33029 2.5
    endloop
  endfacet
  facet normal -0.751835 -0.659351 0
    outer loop
      vertex 3.91495 4.33029 3.7
      vertex 4.10901 4.10901 2.5
      vertex 4.10901 4.10901 3.7
    endloop
  endfacet
  facet normal -0.442287 0.896874 0
    outer loop
      vertex 4.83896 7.77873 2.5
      vertex 4.575 7.64856 3.7
      vertex 4.83896 7.77873 3.7
    endloop
  endfacet
  facet normal -0.442287 0.896874 0
    outer loop
      vertex 4.575 7.64856 3.7
      vertex 4.83896 7.77873 2.5
      vertex 4.575 7.64856 2.5
    endloop
  endfacet
  facet normal -0.980784 0.195097 0
    outer loop
      vertex 3.46925 5.99368 2.5
      vertex 3.52667 6.28234 3.7
      vertex 3.52667 6.28234 2.5
    endloop
  endfacet
  facet normal -0.980784 0.195097 0
    outer loop
      vertex 3.52667 6.28234 3.7
      vertex 3.46925 5.99368 2.5
      vertex 3.46925 5.99368 3.7
    endloop
  endfacet
  facet normal -0.997859 -0.0654072 0
    outer loop
      vertex 3.46925 5.40632 2.5
      vertex 3.45 5.7 3.7
      vertex 3.45 5.7 2.5
    endloop
  endfacet
  facet normal -0.997859 -0.0654072 0
    outer loop
      vertex 3.45 5.7 3.7
      vertex 3.46925 5.40632 2.5
      vertex 3.46925 5.40632 3.7
    endloop
  endfacet
  facet normal -0.83147 -0.55557 0
    outer loop
      vertex 3.91495 4.33029 2.5
      vertex 3.75144 4.575 3.7
      vertex 3.75144 4.575 2.5
    endloop
  endfacet
  facet normal -0.83147 -0.55557 0
    outer loop
      vertex 3.75144 4.575 3.7
      vertex 3.91495 4.33029 2.5
      vertex 3.91495 4.33029 3.7
    endloop
  endfacet
  facet normal 0.751852 0.659332 0
    outer loop
      vertex 7.48504 7.06971 3.7
      vertex 7.29099 7.29099 2.5
      vertex 7.29099 7.29099 3.7
    endloop
  endfacet
  facet normal 0.751852 0.659332 0
    outer loop
      vertex 7.29099 7.29099 2.5
      vertex 7.48504 7.06971 3.7
      vertex 7.48504 7.06971 2.5
    endloop
  endfacet
  facet normal -0.442287 -0.896874 0
    outer loop
      vertex 4.575 3.75144 2.5
      vertex 4.83896 3.62127 3.7
      vertex 4.575 3.75144 3.7
    endloop
  endfacet
  facet normal -0.442287 -0.896874 -0
    outer loop
      vertex 4.83896 3.62127 3.7
      vertex 4.575 3.75144 2.5
      vertex 4.83896 3.62127 2.5
    endloop
  endfacet
  facet normal 0.946936 0.321421 0
    outer loop
      vertex 7.87333 6.28234 3.7
      vertex 7.77873 6.56104 2.5
      vertex 7.77873 6.56104 3.7
    endloop
  endfacet
  facet normal 0.946936 0.321421 0
    outer loop
      vertex 7.77873 6.56104 2.5
      vertex 7.87333 6.28234 3.7
      vertex 7.87333 6.28234 2.5
    endloop
  endfacet
  facet normal -0.0654072 -0.997859 0
    outer loop
      vertex 5.40632 3.46925 2.5
      vertex 5.7 3.45 3.7
      vertex 5.40632 3.46925 3.7
    endloop
  endfacet
  facet normal -0.0654072 -0.997859 -0
    outer loop
      vertex 5.7 3.45 3.7
      vertex 5.40632 3.46925 2.5
      vertex 5.7 3.45 2.5
    endloop
  endfacet
  facet normal -0.980784 -0.195097 0
    outer loop
      vertex 3.52667 5.11766 2.5
      vertex 3.46925 5.40632 3.7
      vertex 3.46925 5.40632 2.5
    endloop
  endfacet
  facet normal -0.980784 -0.195097 0
    outer loop
      vertex 3.46925 5.40632 3.7
      vertex 3.52667 5.11766 2.5
      vertex 3.52667 5.11766 3.7
    endloop
  endfacet
  facet normal -0.195097 -0.980784 0
    outer loop
      vertex 5.11766 3.52667 2.5
      vertex 5.40632 3.46925 3.7
      vertex 5.11766 3.52667 3.7
    endloop
  endfacet
  facet normal -0.195097 -0.980784 -0
    outer loop
      vertex 5.40632 3.46925 3.7
      vertex 5.11766 3.52667 2.5
      vertex 5.40632 3.46925 2.5
    endloop
  endfacet
  facet normal -0.321421 -0.946936 0
    outer loop
      vertex 4.83896 3.62127 2.5
      vertex 5.11766 3.52667 3.7
      vertex 4.83896 3.62127 3.7
    endloop
  endfacet
  facet normal -0.321421 -0.946936 -0
    outer loop
      vertex 5.11766 3.52667 3.7
      vertex 4.83896 3.62127 2.5
      vertex 5.11766 3.52667 2.5
    endloop
  endfacet
  facet normal -0.946936 0.321421 0
    outer loop
      vertex 3.52667 6.28234 2.5
      vertex 3.62127 6.56104 3.7
      vertex 3.62127 6.56104 2.5
    endloop
  endfacet
  facet normal -0.946936 0.321421 0
    outer loop
      vertex 3.62127 6.56104 3.7
      vertex 3.52667 6.28234 2.5
      vertex 3.52667 6.28234 3.7
    endloop
  endfacet
  facet normal -0.83147 0.55557 0
    outer loop
      vertex 3.75144 6.825 2.5
      vertex 3.91495 7.06971 3.7
      vertex 3.91495 7.06971 2.5
    endloop
  endfacet
  facet normal -0.83147 0.55557 0
    outer loop
      vertex 3.91495 7.06971 3.7
      vertex 3.75144 6.825 2.5
      vertex 3.75144 6.825 3.7
    endloop
  endfacet
  facet normal -0.896874 0.442287 0
    outer loop
      vertex 3.62127 6.56104 2.5
      vertex 3.75144 6.825 3.7
      vertex 3.75144 6.825 2.5
    endloop
  endfacet
  facet normal -0.896874 0.442287 0
    outer loop
      vertex 3.75144 6.825 3.7
      vertex 3.62127 6.56104 2.5
      vertex 3.62127 6.56104 3.7
    endloop
  endfacet
  facet normal 0.896968 -0.442096 0
    outer loop
      vertex 96.6486 4.575 3.7
      vertex 96.7787 4.83896 2.5
      vertex 96.7787 4.83896 3.7
    endloop
  endfacet
  facet normal 0.896968 -0.442096 0
    outer loop
      vertex 96.7787 4.83896 2.5
      vertex 96.6486 4.575 3.7
      vertex 96.6486 4.575 2.5
    endloop
  endfacet
  facet normal -0.195136 0.980776 0
    outer loop
      vertex 94.4063 7.93075 2.5
      vertex 94.1177 7.87333 3.7
      vertex 94.4063 7.93075 3.7
    endloop
  endfacet
  facet normal -0.195136 0.980776 0
    outer loop
      vertex 94.1177 7.87333 3.7
      vertex 94.4063 7.93075 2.5
      vertex 94.1177 7.87333 2.5
    endloop
  endfacet
  facet normal 0.980797 0.195031 0
    outer loop
      vertex 96.9307 5.99368 3.7
      vertex 96.8733 6.28234 2.5
      vertex 96.8733 6.28234 3.7
    endloop
  endfacet
  facet normal 0.980797 0.195031 0
    outer loop
      vertex 96.8733 6.28234 2.5
      vertex 96.9307 5.99368 3.7
      vertex 96.9307 5.99368 2.5
    endloop
  endfacet
  facet normal 0.997848 0.0655763 0
    outer loop
      vertex 96.95 5.7 3.7
      vertex 96.9307 5.99368 2.5
      vertex 96.9307 5.99368 3.7
    endloop
  endfacet
  facet normal 0.997848 0.0655763 0
    outer loop
      vertex 96.9307 5.99368 2.5
      vertex 96.95 5.7 3.7
      vertex 96.95 5.7 2.5
    endloop
  endfacet
  facet normal -0.555609 0.831443 0
    outer loop
      vertex 93.575 7.64856 2.5
      vertex 93.3303 7.48504 3.7
      vertex 93.575 7.64856 3.7
    endloop
  endfacet
  facet normal -0.555609 0.831443 0
    outer loop
      vertex 93.3303 7.48504 3.7
      vertex 93.575 7.64856 2.5
      vertex 93.3303 7.48504 2.5
    endloop
  endfacet
  facet normal 0.659298 0.751882 -0
    outer loop
      vertex 96.291 7.29099 2.5
      vertex 96.0697 7.48504 3.7
      vertex 96.291 7.29099 3.7
    endloop
  endfacet
  facet normal 0.659298 0.751882 0
    outer loop
      vertex 96.0697 7.48504 3.7
      vertex 96.291 7.29099 2.5
      vertex 96.0697 7.48504 2.5
    endloop
  endfacet
  facet normal -0.0654027 0.997859 0
    outer loop
      vertex 94.7 7.95 2.5
      vertex 94.4063 7.93075 3.7
      vertex 94.7 7.95 3.7
    endloop
  endfacet
  facet normal -0.0654027 0.997859 0
    outer loop
      vertex 94.4063 7.93075 3.7
      vertex 94.7 7.95 2.5
      vertex 94.4063 7.93075 2.5
    endloop
  endfacet
  facet normal 0.195136 -0.980776 0
    outer loop
      vertex 94.9937 3.46925 2.5
      vertex 95.2823 3.52667 3.7
      vertex 94.9937 3.46925 3.7
    endloop
  endfacet
  facet normal 0.195136 -0.980776 0
    outer loop
      vertex 95.2823 3.52667 3.7
      vertex 94.9937 3.46925 2.5
      vertex 95.2823 3.52667 2.5
    endloop
  endfacet
  facet normal 0.555586 -0.831459 0
    outer loop
      vertex 95.825 3.75144 2.5
      vertex 96.0697 3.91495 3.7
      vertex 95.825 3.75144 3.7
    endloop
  endfacet
  facet normal 0.555586 -0.831459 0
    outer loop
      vertex 96.0697 3.91495 3.7
      vertex 95.825 3.75144 2.5
      vertex 96.0697 3.91495 2.5
    endloop
  endfacet
  facet normal 0.997848 -0.0655763 0
    outer loop
      vertex 96.9307 5.40632 3.7
      vertex 96.95 5.7 2.5
      vertex 96.95 5.7 3.7
    endloop
  endfacet
  facet normal 0.997848 -0.0655763 0
    outer loop
      vertex 96.95 5.7 2.5
      vertex 96.9307 5.40632 3.7
      vertex 96.9307 5.40632 2.5
    endloop
  endfacet
  facet normal 0.831328 0.555782 0
    outer loop
      vertex 96.6486 6.825 3.7
      vertex 96.485 7.06971 2.5
      vertex 96.485 7.06971 3.7
    endloop
  endfacet
  facet normal 0.831328 0.555782 0
    outer loop
      vertex 96.485 7.06971 2.5
      vertex 96.6486 6.825 3.7
      vertex 96.6486 6.825 2.5
    endloop
  endfacet
  facet normal 0.442233 -0.8969 0
    outer loop
      vertex 95.561 3.62127 2.5
      vertex 95.825 3.75144 3.7
      vertex 95.561 3.62127 3.7
    endloop
  endfacet
  facet normal 0.442233 -0.8969 0
    outer loop
      vertex 95.825 3.75144 3.7
      vertex 95.561 3.62127 2.5
      vertex 95.825 3.75144 2.5
    endloop
  endfacet
  facet normal 0.896968 0.442096 0
    outer loop
      vertex 96.7787 6.56104 3.7
      vertex 96.6486 6.825 2.5
      vertex 96.6486 6.825 3.7
    endloop
  endfacet
  facet normal 0.896968 0.442096 0
    outer loop
      vertex 96.6486 6.825 2.5
      vertex 96.7787 6.56104 3.7
      vertex 96.7787 6.56104 2.5
    endloop
  endfacet
  facet normal 0.0654027 0.997859 -0
    outer loop
      vertex 94.9937 7.93075 2.5
      vertex 94.7 7.95 3.7
      vertex 94.9937 7.93075 3.7
    endloop
  endfacet
  facet normal 0.0654027 0.997859 0
    outer loop
      vertex 94.7 7.95 3.7
      vertex 94.9937 7.93075 2.5
      vertex 94.7 7.95 2.5
    endloop
  endfacet
  facet normal 0.0654027 -0.997859 0
    outer loop
      vertex 94.7 3.45 2.5
      vertex 94.9937 3.46925 3.7
      vertex 94.7 3.45 3.7
    endloop
  endfacet
  facet normal 0.0654027 -0.997859 0
    outer loop
      vertex 94.9937 3.46925 3.7
      vertex 94.7 3.45 2.5
      vertex 94.9937 3.46925 2.5
    endloop
  endfacet
  facet normal 0.946936 0.321421 0
    outer loop
      vertex 96.8733 6.28234 3.7
      vertex 96.7787 6.56104 2.5
      vertex 96.7787 6.56104 3.7
    endloop
  endfacet
  facet normal 0.946936 0.321421 0
    outer loop
      vertex 96.7787 6.56104 2.5
      vertex 96.8733 6.28234 3.7
      vertex 96.8733 6.28234 2.5
    endloop
  endfacet
  facet normal -0.99787 0.065238 0
    outer loop
      vertex 92.45 5.7 2.5
      vertex 92.4692 5.99368 3.7
      vertex 92.4692 5.99368 2.5
    endloop
  endfacet
  facet normal -0.99787 0.065238 0
    outer loop
      vertex 92.4692 5.99368 3.7
      vertex 92.45 5.7 2.5
      vertex 92.45 5.7 3.7
    endloop
  endfacet
  facet normal 0.751936 -0.659236 0
    outer loop
      vertex 96.291 4.10901 3.7
      vertex 96.485 4.33029 2.5
      vertex 96.485 4.33029 3.7
    endloop
  endfacet
  facet normal 0.751936 -0.659236 0
    outer loop
      vertex 96.485 4.33029 2.5
      vertex 96.291 4.10901 3.7
      vertex 96.291 4.10901 2.5
    endloop
  endfacet
  facet normal -0.659298 0.751882 0
    outer loop
      vertex 93.3303 7.48504 2.5
      vertex 93.109 7.29099 3.7
      vertex 93.3303 7.48504 3.7
    endloop
  endfacet
  facet normal -0.659298 0.751882 0
    outer loop
      vertex 93.109 7.29099 3.7
      vertex 93.3303 7.48504 2.5
      vertex 93.109 7.29099 2.5
    endloop
  endfacet
  facet normal 0 0 1
    outer loop
      vertex 96.9307 5.99368 3.7
      vertex 96.9307 5.40632 3.7
      vertex 96.95 5.7 3.7
    endloop
  endfacet
  facet normal 0 0 1
    outer loop
      vertex 96.8733 6.28234 3.7
      vertex 96.9307 5.40632 3.7
      vertex 96.9307 5.99368 3.7
    endloop
  endfacet
  facet normal 0 0 1
    outer loop
      vertex 96.8733 6.28234 3.7
      vertex 96.8733 5.11766 3.7
      vertex 96.9307 5.40632 3.7
    endloop
  endfacet
  facet normal 0 0 1
    outer loop
      vertex 96.7787 6.56104 3.7
      vertex 96.8733 5.11766 3.7
      vertex 96.8733 6.28234 3.7
    endloop
  endfacet
  facet normal 0 0 1
    outer loop
      vertex 96.7787 6.56104 3.7
      vertex 96.7787 4.83896 3.7
      vertex 96.8733 5.11766 3.7
    endloop
  endfacet
  facet normal 0 0 1
    outer loop
      vertex 96.6486 6.825 3.7
      vertex 96.7787 4.83896 3.7
      vertex 96.7787 6.56104 3.7
    endloop
  endfacet
  facet normal 0 0 1
    outer loop
      vertex 96.6486 6.825 3.7
      vertex 96.6486 4.575 3.7
      vertex 96.7787 4.83896 3.7
    endloop
  endfacet
  facet normal 0 0 1
    outer loop
      vertex 96.485 7.06971 3.7
      vertex 96.6486 4.575 3.7
      vertex 96.6486 6.825 3.7
    endloop
  endfacet
  facet normal 0 0 1
    outer loop
      vertex 96.485 7.06971 3.7
      vertex 96.485 4.33029 3.7
      vertex 96.6486 4.575 3.7
    endloop
  endfacet
  facet normal 0 0 1
    outer loop
      vertex 96.291 7.29099 3.7
      vertex 96.485 4.33029 3.7
      vertex 96.485 7.06971 3.7
    endloop
  endfacet
  facet normal 0 0 1
    outer loop
      vertex 96.291 7.29099 3.7
      vertex 96.291 4.10901 3.7
      vertex 96.485 4.33029 3.7
    endloop
  endfacet
  facet normal 0 0 1
    outer loop
      vertex 96.0697 7.48504 3.7
      vertex 96.291 4.10901 3.7
      vertex 96.291 7.29099 3.7
    endloop
  endfacet
  facet normal 0 0 1
    outer loop
      vertex 96.0697 7.48504 3.7
      vertex 96.0697 3.91495 3.7
      vertex 96.291 4.10901 3.7
    endloop
  endfacet
  facet normal 0 0 1
    outer loop
      vertex 95.825 7.64856 3.7
      vertex 96.0697 3.91495 3.7
      vertex 96.0697 7.48504 3.7
    endloop
  endfacet
  facet normal 0 0 1
    outer loop
      vertex 95.825 7.64856 3.7
      vertex 95.825 3.75144 3.7
      vertex 96.0697 3.91495 3.7
    endloop
  endfacet
  facet normal 0 0 1
    outer loop
      vertex 95.561 7.77873 3.7
      vertex 95.825 3.75144 3.7
      vertex 95.825 7.64856 3.7
    endloop
  endfacet
  facet normal 0 0 1
    outer loop
      vertex 95.561 7.77873 3.7
      vertex 95.561 3.62127 3.7
      vertex 95.825 3.75144 3.7
    endloop
  endfacet
  facet normal 0 0 1
    outer loop
      vertex 95.2823 7.87333 3.7
      vertex 95.561 3.62127 3.7
      vertex 95.561 7.77873 3.7
    endloop
  endfacet
  facet normal 0 0 1
    outer loop
      vertex 95.2823 7.87333 3.7
      vertex 95.2823 3.52667 3.7
      vertex 95.561 3.62127 3.7
    endloop
  endfacet
  facet normal 0 0 1
    outer loop
      vertex 94.9937 7.93075 3.7
      vertex 95.2823 3.52667 3.7
      vertex 95.2823 7.87333 3.7
    endloop
  endfacet
  facet normal 0 0 1
    outer loop
      vertex 94.9937 7.93075 3.7
      vertex 94.9937 3.46925 3.7
      vertex 95.2823 3.52667 3.7
    endloop
  endfacet
  facet normal 0 0 1
    outer loop
      vertex 94.7 7.95 3.7
      vertex 94.9937 3.46925 3.7
      vertex 94.9937 7.93075 3.7
    endloop
  endfacet
  facet normal 0 0 1
    outer loop
      vertex 94.7 7.95 3.7
      vertex 94.7 3.45 3.7
      vertex 94.9937 3.46925 3.7
    endloop
  endfacet
  facet normal -0 0 1
    outer loop
      vertex 94.4063 7.93075 3.7
      vertex 94.7 3.45 3.7
      vertex 94.7 7.95 3.7
    endloop
  endfacet
  facet normal 0 0 1
    outer loop
      vertex 94.4063 7.93075 3.7
      vertex 94.4063 3.46925 3.7
      vertex 94.7 3.45 3.7
    endloop
  endfacet
  facet normal -0 0 1
    outer loop
      vertex 94.1177 7.87333 3.7
      vertex 94.4063 3.46925 3.7
      vertex 94.4063 7.93075 3.7
    endloop
  endfacet
  facet normal 0 0 1
    outer loop
      vertex 94.1177 7.87333 3.7
      vertex 94.1177 3.52667 3.7
      vertex 94.4063 3.46925 3.7
    endloop
  endfacet
  facet normal -0 0 1
    outer loop
      vertex 93.839 7.77873 3.7
      vertex 94.1177 3.52667 3.7
      vertex 94.1177 7.87333 3.7
    endloop
  endfacet
  facet normal 0 0 1
    outer loop
      vertex 93.839 7.77873 3.7
      vertex 93.839 3.62127 3.7
      vertex 94.1177 3.52667 3.7
    endloop
  endfacet
  facet normal -0 0 1
    outer loop
      vertex 93.575 7.64856 3.7
      vertex 93.839 3.62127 3.7
      vertex 93.839 7.77873 3.7
    endloop
  endfacet
  facet normal 0 0 1
    outer loop
      vertex 93.575 7.64856 3.7
      vertex 93.575 3.75144 3.7
      vertex 93.839 3.62127 3.7
    endloop
  endfacet
  facet normal -0 0 1
    outer loop
      vertex 93.3303 7.48504 3.7
      vertex 93.575 3.75144 3.7
      vertex 93.575 7.64856 3.7
    endloop
  endfacet
  facet normal 0 0 1
    outer loop
      vertex 93.3303 7.48504 3.7
      vertex 93.3303 3.91495 3.7
      vertex 93.575 3.75144 3.7
    endloop
  endfacet
  facet normal -0 0 1
    outer loop
      vertex 93.109 7.29099 3.7
      vertex 93.3303 3.91495 3.7
      vertex 93.3303 7.48504 3.7
    endloop
  endfacet
  facet normal 0 0 1
    outer loop
      vertex 93.109 7.29099 3.7
      vertex 93.109 4.10901 3.7
      vertex 93.3303 3.91495 3.7
    endloop
  endfacet
  facet normal -0 0 1
    outer loop
      vertex 92.915 7.06971 3.7
      vertex 93.109 4.10901 3.7
      vertex 93.109 7.29099 3.7
    endloop
  endfacet
  facet normal 0 0 1
    outer loop
      vertex 92.915 7.06971 3.7
      vertex 92.915 4.33029 3.7
      vertex 93.109 4.10901 3.7
    endloop
  endfacet
  facet normal -0 0 1
    outer loop
      vertex 92.7514 6.825 3.7
      vertex 92.915 4.33029 3.7
      vertex 92.915 7.06971 3.7
    endloop
  endfacet
  facet normal 0 0 1
    outer loop
      vertex 92.7514 6.825 3.7
      vertex 92.7514 4.575 3.7
      vertex 92.915 4.33029 3.7
    endloop
  endfacet
  facet normal -0 0 1
    outer loop
      vertex 92.6213 6.56104 3.7
      vertex 92.7514 4.575 3.7
      vertex 92.7514 6.825 3.7
    endloop
  endfacet
  facet normal 0 0 1
    outer loop
      vertex 92.6213 6.56104 3.7
      vertex 92.6213 4.83896 3.7
      vertex 92.7514 4.575 3.7
    endloop
  endfacet
  facet normal -0 0 1
    outer loop
      vertex 92.5267 6.28234 3.7
      vertex 92.6213 4.83896 3.7
      vertex 92.6213 6.56104 3.7
    endloop
  endfacet
  facet normal 0 0 1
    outer loop
      vertex 92.5267 6.28234 3.7
      vertex 92.5267 5.11766 3.7
      vertex 92.6213 4.83896 3.7
    endloop
  endfacet
  facet normal -0 0 1
    outer loop
      vertex 92.4692 5.99368 3.7
      vertex 92.5267 5.11766 3.7
      vertex 92.5267 6.28234 3.7
    endloop
  endfacet
  facet normal 0 0 1
    outer loop
      vertex 92.4692 5.99368 3.7
      vertex 92.4692 5.40632 3.7
      vertex 92.5267 5.11766 3.7
    endloop
  endfacet
  facet normal 0 -0 1
    outer loop
      vertex 92.4692 5.40632 3.7
      vertex 92.4692 5.99368 3.7
      vertex 92.45 5.7 3.7
    endloop
  endfacet
  facet normal 0.659317 -0.751865 0
    outer loop
      vertex 96.0697 3.91495 2.5
      vertex 96.291 4.10901 3.7
      vertex 96.0697 3.91495 3.7
    endloop
  endfacet
  facet normal 0.659317 -0.751865 0
    outer loop
      vertex 96.291 4.10901 3.7
      vertex 96.0697 3.91495 2.5
      vertex 96.291 4.10901 2.5
    endloop
  endfacet
  facet normal -0.751936 0.659236 0
    outer loop
      vertex 92.915 7.06971 2.5
      vertex 93.109 7.29099 3.7
      vertex 93.109 7.29099 2.5
    endloop
  endfacet
  facet normal -0.751936 0.659236 0
    outer loop
      vertex 93.109 7.29099 3.7
      vertex 92.915 7.06971 2.5
      vertex 92.915 7.06971 3.7
    endloop
  endfacet
  facet normal -0.555586 -0.831459 0
    outer loop
      vertex 93.3303 3.91495 2.5
      vertex 93.575 3.75144 3.7
      vertex 93.3303 3.91495 3.7
    endloop
  endfacet
  facet normal -0.555586 -0.831459 -0
    outer loop
      vertex 93.575 3.75144 3.7
      vertex 93.3303 3.91495 2.5
      vertex 93.575 3.75144 2.5
    endloop
  endfacet
  facet normal -0.946936 -0.321421 0
    outer loop
      vertex 92.6213 4.83896 2.5
      vertex 92.5267 5.11766 3.7
      vertex 92.5267 5.11766 2.5
    endloop
  endfacet
  facet normal -0.946936 -0.321421 0
    outer loop
      vertex 92.5267 5.11766 3.7
      vertex 92.6213 4.83896 2.5
      vertex 92.6213 4.83896 3.7
    endloop
  endfacet
  facet normal 0.555609 0.831443 -0
    outer loop
      vertex 96.0697 7.48504 2.5
      vertex 95.825 7.64856 3.7
      vertex 96.0697 7.48504 3.7
    endloop
  endfacet
  facet normal 0.555609 0.831443 0
    outer loop
      vertex 95.825 7.64856 3.7
      vertex 96.0697 7.48504 2.5
      vertex 95.825 7.64856 2.5
    endloop
  endfacet
  facet normal 0.946936 -0.321421 0
    outer loop
      vertex 96.7787 4.83896 3.7
      vertex 96.8733 5.11766 2.5
      vertex 96.8733 5.11766 3.7
    endloop
  endfacet
  facet normal 0.946936 -0.321421 0
    outer loop
      vertex 96.8733 5.11766 2.5
      vertex 96.7787 4.83896 3.7
      vertex 96.7787 4.83896 2.5
    endloop
  endfacet
  facet normal 0.980797 -0.195031 0
    outer loop
      vertex 96.8733 5.11766 3.7
      vertex 96.9307 5.40632 2.5
      vertex 96.9307 5.40632 3.7
    endloop
  endfacet
  facet normal 0.980797 -0.195031 0
    outer loop
      vertex 96.9307 5.40632 2.5
      vertex 96.8733 5.11766 3.7
      vertex 96.8733 5.11766 2.5
    endloop
  endfacet
  facet normal 0.831328 -0.555782 0
    outer loop
      vertex 96.485 4.33029 3.7
      vertex 96.6486 4.575 2.5
      vertex 96.6486 4.575 3.7
    endloop
  endfacet
  facet normal 0.831328 -0.555782 0
    outer loop
      vertex 96.6486 4.575 2.5
      vertex 96.485 4.33029 3.7
      vertex 96.485 4.33029 2.5
    endloop
  endfacet
  facet normal -0.321421 0.946936 0
    outer loop
      vertex 94.1177 7.87333 2.5
      vertex 93.839 7.77873 3.7
      vertex 94.1177 7.87333 3.7
    endloop
  endfacet
  facet normal -0.321421 0.946936 0
    outer loop
      vertex 93.839 7.77873 3.7
      vertex 94.1177 7.87333 2.5
      vertex 93.839 7.77873 2.5
    endloop
  endfacet
  facet normal 0.321421 -0.946936 0
    outer loop
      vertex 95.2823 3.52667 2.5
      vertex 95.561 3.62127 3.7
      vertex 95.2823 3.52667 3.7
    endloop
  endfacet
  facet normal 0.321421 -0.946936 0
    outer loop
      vertex 95.561 3.62127 3.7
      vertex 95.2823 3.52667 2.5
      vertex 95.561 3.62127 2.5
    endloop
  endfacet
  facet normal -0.896968 -0.442096 0
    outer loop
      vertex 92.7514 4.575 2.5
      vertex 92.6213 4.83896 3.7
      vertex 92.6213 4.83896 2.5
    endloop
  endfacet
  facet normal -0.896968 -0.442096 0
    outer loop
      vertex 92.6213 4.83896 3.7
      vertex 92.7514 4.575 2.5
      vertex 92.7514 4.575 3.7
    endloop
  endfacet
  facet normal 0.442233 0.8969 -0
    outer loop
      vertex 95.825 7.64856 2.5
      vertex 95.561 7.77873 3.7
      vertex 95.825 7.64856 3.7
    endloop
  endfacet
  facet normal 0.442233 0.8969 0
    outer loop
      vertex 95.561 7.77873 3.7
      vertex 95.825 7.64856 2.5
      vertex 95.561 7.77873 2.5
    endloop
  endfacet
  facet normal 0.321421 0.946936 -0
    outer loop
      vertex 95.561 7.77873 2.5
      vertex 95.2823 7.87333 3.7
      vertex 95.561 7.77873 3.7
    endloop
  endfacet
  facet normal 0.321421 0.946936 0
    outer loop
      vertex 95.2823 7.87333 3.7
      vertex 95.561 7.77873 2.5
      vertex 95.2823 7.87333 2.5
    endloop
  endfacet
  facet normal -0.659317 -0.751865 0
    outer loop
      vertex 93.109 4.10901 2.5
      vertex 93.3303 3.91495 3.7
      vertex 93.109 4.10901 3.7
    endloop
  endfacet
  facet normal -0.659317 -0.751865 -0
    outer loop
      vertex 93.3303 3.91495 3.7
      vertex 93.109 4.10901 2.5
      vertex 93.3303 3.91495 2.5
    endloop
  endfacet
  facet normal 0.195136 0.980776 -0
    outer loop
      vertex 95.2823 7.87333 2.5
      vertex 94.9937 7.93075 3.7
      vertex 95.2823 7.87333 3.7
    endloop
  endfacet
  facet normal 0.195136 0.980776 0
    outer loop
      vertex 94.9937 7.93075 3.7
      vertex 95.2823 7.87333 2.5
      vertex 94.9937 7.93075 2.5
    endloop
  endfacet
  facet normal -0.751936 -0.659236 0
    outer loop
      vertex 93.109 4.10901 2.5
      vertex 92.915 4.33029 3.7
      vertex 92.915 4.33029 2.5
    endloop
  endfacet
  facet normal -0.751936 -0.659236 0
    outer loop
      vertex 92.915 4.33029 3.7
      vertex 93.109 4.10901 2.5
      vertex 93.109 4.10901 3.7
    endloop
  endfacet
  facet normal -0.442233 0.8969 0
    outer loop
      vertex 93.839 7.77873 2.5
      vertex 93.575 7.64856 3.7
      vertex 93.839 7.77873 3.7
    endloop
  endfacet
  facet normal -0.442233 0.8969 0
    outer loop
      vertex 93.575 7.64856 3.7
      vertex 93.839 7.77873 2.5
      vertex 93.575 7.64856 2.5
    endloop
  endfacet
  facet normal -0.980732 0.195358 0
    outer loop
      vertex 92.4692 5.99368 2.5
      vertex 92.5267 6.28234 3.7
      vertex 92.5267 6.28234 2.5
    endloop
  endfacet
  facet normal -0.980732 0.195358 0
    outer loop
      vertex 92.5267 6.28234 3.7
      vertex 92.4692 5.99368 2.5
      vertex 92.4692 5.99368 3.7
    endloop
  endfacet
  facet normal -0.99787 -0.065238 0
    outer loop
      vertex 92.4692 5.40632 2.5
      vertex 92.45 5.7 3.7
      vertex 92.45 5.7 2.5
    endloop
  endfacet
  facet normal -0.99787 -0.065238 0
    outer loop
      vertex 92.45 5.7 3.7
      vertex 92.4692 5.40632 2.5
      vertex 92.4692 5.40632 3.7
    endloop
  endfacet
  facet normal -0.831328 -0.555782 0
    outer loop
      vertex 92.915 4.33029 2.5
      vertex 92.7514 4.575 3.7
      vertex 92.7514 4.575 2.5
    endloop
  endfacet
  facet normal -0.831328 -0.555782 0
    outer loop
      vertex 92.7514 4.575 3.7
      vertex 92.915 4.33029 2.5
      vertex 92.915 4.33029 3.7
    endloop
  endfacet
  facet normal 0.751936 0.659236 0
    outer loop
      vertex 96.485 7.06971 3.7
      vertex 96.291 7.29099 2.5
      vertex 96.291 7.29099 3.7
    endloop
  endfacet
  facet normal 0.751936 0.659236 0
    outer loop
      vertex 96.291 7.29099 2.5
      vertex 96.485 7.06971 3.7
      vertex 96.485 7.06971 2.5
    endloop
  endfacet
  facet normal -0.442233 -0.8969 0
    outer loop
      vertex 93.575 3.75144 2.5
      vertex 93.839 3.62127 3.7
      vertex 93.575 3.75144 3.7
    endloop
  endfacet
  facet normal -0.442233 -0.8969 -0
    outer loop
      vertex 93.839 3.62127 3.7
      vertex 93.575 3.75144 2.5
      vertex 93.839 3.62127 2.5
    endloop
  endfacet
  facet normal -0.0654027 -0.997859 0
    outer loop
      vertex 94.4063 3.46925 2.5
      vertex 94.7 3.45 3.7
      vertex 94.4063 3.46925 3.7
    endloop
  endfacet
  facet normal -0.0654027 -0.997859 -0
    outer loop
      vertex 94.7 3.45 3.7
      vertex 94.4063 3.46925 2.5
      vertex 94.7 3.45 2.5
    endloop
  endfacet
  facet normal -0.980732 -0.195358 0
    outer loop
      vertex 92.5267 5.11766 2.5
      vertex 92.4692 5.40632 3.7
      vertex 92.4692 5.40632 2.5
    endloop
  endfacet
  facet normal -0.980732 -0.195358 0
    outer loop
      vertex 92.4692 5.40632 3.7
      vertex 92.5267 5.11766 2.5
      vertex 92.5267 5.11766 3.7
    endloop
  endfacet
  facet normal -0.195136 -0.980776 0
    outer loop
      vertex 94.1177 3.52667 2.5
      vertex 94.4063 3.46925 3.7
      vertex 94.1177 3.52667 3.7
    endloop
  endfacet
  facet normal -0.195136 -0.980776 -0
    outer loop
      vertex 94.4063 3.46925 3.7
      vertex 94.1177 3.52667 2.5
      vertex 94.4063 3.46925 2.5
    endloop
  endfacet
  facet normal -0.321421 -0.946936 0
    outer loop
      vertex 93.839 3.62127 2.5
      vertex 94.1177 3.52667 3.7
      vertex 93.839 3.62127 3.7
    endloop
  endfacet
  facet normal -0.321421 -0.946936 -0
    outer loop
      vertex 94.1177 3.52667 3.7
      vertex 93.839 3.62127 2.5
      vertex 94.1177 3.52667 2.5
    endloop
  endfacet
  facet normal -0.946936 0.321421 0
    outer loop
      vertex 92.5267 6.28234 2.5
      vertex 92.6213 6.56104 3.7
      vertex 92.6213 6.56104 2.5
    endloop
  endfacet
  facet normal -0.946936 0.321421 0
    outer loop
      vertex 92.6213 6.56104 3.7
      vertex 92.5267 6.28234 2.5
      vertex 92.5267 6.28234 3.7
    endloop
  endfacet
  facet normal -0.831328 0.555782 0
    outer loop
      vertex 92.7514 6.825 2.5
      vertex 92.915 7.06971 3.7
      vertex 92.915 7.06971 2.5
    endloop
  endfacet
  facet normal -0.831328 0.555782 0
    outer loop
      vertex 92.915 7.06971 3.7
      vertex 92.7514 6.825 2.5
      vertex 92.7514 6.825 3.7
    endloop
  endfacet
  facet normal -0.896968 0.442096 0
    outer loop
      vertex 92.6213 6.56104 2.5
      vertex 92.7514 6.825 3.7
      vertex 92.7514 6.825 2.5
    endloop
  endfacet
  facet normal -0.896968 0.442096 0
    outer loop
      vertex 92.7514 6.825 3.7
      vertex 92.6213 6.56104 2.5
      vertex 92.6213 6.56104 3.7
    endloop
  endfacet
  facet normal 0.8969 -0.442233 0
    outer loop
      vertex 7.64856 76.575 3.7
      vertex 7.77873 76.839 2.5
      vertex 7.77873 76.839 3.7
    endloop
  endfacet
  facet normal 0.8969 -0.442233 0
    outer loop
      vertex 7.77873 76.839 2.5
      vertex 7.64856 76.575 3.7
      vertex 7.64856 76.575 2.5
    endloop
  endfacet
  facet normal -0.195031 0.980797 0
    outer loop
      vertex 5.40632 79.9307 2.5
      vertex 5.11766 79.8733 3.7
      vertex 5.40632 79.9307 3.7
    endloop
  endfacet
  facet normal -0.195031 0.980797 0
    outer loop
      vertex 5.11766 79.8733 3.7
      vertex 5.40632 79.9307 2.5
      vertex 5.11766 79.8733 2.5
    endloop
  endfacet
  facet normal 0.980776 0.195136 0
    outer loop
      vertex 7.93075 77.9937 3.7
      vertex 7.87333 78.2823 2.5
      vertex 7.87333 78.2823 3.7
    endloop
  endfacet
  facet normal 0.980776 0.195136 0
    outer loop
      vertex 7.87333 78.2823 2.5
      vertex 7.93075 77.9937 3.7
      vertex 7.93075 77.9937 2.5
    endloop
  endfacet
  facet normal 0.997859 0.0654027 0
    outer loop
      vertex 7.95 77.7 3.7
      vertex 7.93075 77.9937 2.5
      vertex 7.93075 77.9937 3.7
    endloop
  endfacet
  facet normal 0.997859 0.0654027 0
    outer loop
      vertex 7.93075 77.9937 2.5
      vertex 7.95 77.7 3.7
      vertex 7.95 77.7 2.5
    endloop
  endfacet
  facet normal -0.555782 0.831328 0
    outer loop
      vertex 4.575 79.6486 2.5
      vertex 4.33029 79.485 3.7
      vertex 4.575 79.6486 3.7
    endloop
  endfacet
  facet normal -0.555782 0.831328 0
    outer loop
      vertex 4.33029 79.485 3.7
      vertex 4.575 79.6486 2.5
      vertex 4.33029 79.485 2.5
    endloop
  endfacet
  facet normal 0.659236 0.751936 -0
    outer loop
      vertex 7.29099 79.291 2.5
      vertex 7.06971 79.485 3.7
      vertex 7.29099 79.291 3.7
    endloop
  endfacet
  facet normal 0.659236 0.751936 0
    outer loop
      vertex 7.06971 79.485 3.7
      vertex 7.29099 79.291 2.5
      vertex 7.06971 79.485 2.5
    endloop
  endfacet
  facet normal 0.195358 -0.980732 0
    outer loop
      vertex 5.99368 75.4692 2.5
      vertex 6.28234 75.5267 3.7
      vertex 5.99368 75.4692 3.7
    endloop
  endfacet
  facet normal 0.195358 -0.980732 0
    outer loop
      vertex 6.28234 75.5267 3.7
      vertex 5.99368 75.4692 2.5
      vertex 6.28234 75.5267 2.5
    endloop
  endfacet
  facet normal 0.555782 -0.831328 0
    outer loop
      vertex 6.825 75.7514 2.5
      vertex 7.06971 75.915 3.7
      vertex 6.825 75.7514 3.7
    endloop
  endfacet
  facet normal 0.555782 -0.831328 0
    outer loop
      vertex 7.06971 75.915 3.7
      vertex 6.825 75.7514 2.5
      vertex 7.06971 75.915 2.5
    endloop
  endfacet
  facet normal 0.997859 -0.0654027 0
    outer loop
      vertex 7.93075 77.4063 3.7
      vertex 7.95 77.7 2.5
      vertex 7.95 77.7 3.7
    endloop
  endfacet
  facet normal 0.997859 -0.0654027 0
    outer loop
      vertex 7.95 77.7 2.5
      vertex 7.93075 77.4063 3.7
      vertex 7.93075 77.4063 2.5
    endloop
  endfacet
  facet normal 0.831443 0.555609 0
    outer loop
      vertex 7.64856 78.825 3.7
      vertex 7.48504 79.0697 2.5
      vertex 7.48504 79.0697 3.7
    endloop
  endfacet
  facet normal 0.831443 0.555609 0
    outer loop
      vertex 7.48504 79.0697 2.5
      vertex 7.64856 78.825 3.7
      vertex 7.64856 78.825 2.5
    endloop
  endfacet
  facet normal 0.442096 -0.896968 0
    outer loop
      vertex 6.56104 75.6213 2.5
      vertex 6.825 75.7514 3.7
      vertex 6.56104 75.6213 3.7
    endloop
  endfacet
  facet normal 0.442096 -0.896968 0
    outer loop
      vertex 6.825 75.7514 3.7
      vertex 6.56104 75.6213 2.5
      vertex 6.825 75.7514 2.5
    endloop
  endfacet
  facet normal 0.8969 0.442233 0
    outer loop
      vertex 7.77873 78.561 3.7
      vertex 7.64856 78.825 2.5
      vertex 7.64856 78.825 3.7
    endloop
  endfacet
  facet normal 0.8969 0.442233 0
    outer loop
      vertex 7.64856 78.825 2.5
      vertex 7.77873 78.561 3.7
      vertex 7.77873 78.561 2.5
    endloop
  endfacet
  facet normal 0.0655763 0.997848 -0
    outer loop
      vertex 5.99368 79.9307 2.5
      vertex 5.7 79.95 3.7
      vertex 5.99368 79.9307 3.7
    endloop
  endfacet
  facet normal 0.0655763 0.997848 0
    outer loop
      vertex 5.7 79.95 3.7
      vertex 5.99368 79.9307 2.5
      vertex 5.7 79.95 2.5
    endloop
  endfacet
  facet normal 0.065238 -0.99787 0
    outer loop
      vertex 5.7 75.45 2.5
      vertex 5.99368 75.4692 3.7
      vertex 5.7 75.45 3.7
    endloop
  endfacet
  facet normal 0.065238 -0.99787 0
    outer loop
      vertex 5.99368 75.4692 3.7
      vertex 5.7 75.45 2.5
      vertex 5.99368 75.4692 2.5
    endloop
  endfacet
  facet normal 0.946936 0.321421 0
    outer loop
      vertex 7.87333 78.2823 3.7
      vertex 7.77873 78.561 2.5
      vertex 7.77873 78.561 3.7
    endloop
  endfacet
  facet normal 0.946936 0.321421 0
    outer loop
      vertex 7.77873 78.561 2.5
      vertex 7.87333 78.2823 3.7
      vertex 7.87333 78.2823 2.5
    endloop
  endfacet
  facet normal -0.997859 0.0654027 0
    outer loop
      vertex 3.45 77.7 2.5
      vertex 3.46925 77.9937 3.7
      vertex 3.46925 77.9937 2.5
    endloop
  endfacet
  facet normal -0.997859 0.0654027 0
    outer loop
      vertex 3.46925 77.9937 3.7
      vertex 3.45 77.7 2.5
      vertex 3.45 77.7 3.7
    endloop
  endfacet
  facet normal 0.751882 -0.659298 0
    outer loop
      vertex 7.29099 76.109 3.7
      vertex 7.48504 76.3303 2.5
      vertex 7.48504 76.3303 3.7
    endloop
  endfacet
  facet normal 0.751882 -0.659298 0
    outer loop
      vertex 7.48504 76.3303 2.5
      vertex 7.29099 76.109 3.7
      vertex 7.29099 76.109 2.5
    endloop
  endfacet
  facet normal -0.659236 0.751936 0
    outer loop
      vertex 4.33029 79.485 2.5
      vertex 4.10901 79.291 3.7
      vertex 4.33029 79.485 3.7
    endloop
  endfacet
  facet normal -0.659236 0.751936 0
    outer loop
      vertex 4.10901 79.291 3.7
      vertex 4.33029 79.485 2.5
      vertex 4.10901 79.291 2.5
    endloop
  endfacet
  facet normal 0 0 1
    outer loop
      vertex 7.93075 77.9937 3.7
      vertex 7.93075 77.4063 3.7
      vertex 7.95 77.7 3.7
    endloop
  endfacet
  facet normal 0 0 1
    outer loop
      vertex 7.87333 78.2823 3.7
      vertex 7.93075 77.4063 3.7
      vertex 7.93075 77.9937 3.7
    endloop
  endfacet
  facet normal 0 0 1
    outer loop
      vertex 7.87333 78.2823 3.7
      vertex 7.87333 77.1177 3.7
      vertex 7.93075 77.4063 3.7
    endloop
  endfacet
  facet normal 0 0 1
    outer loop
      vertex 7.77873 78.561 3.7
      vertex 7.87333 77.1177 3.7
      vertex 7.87333 78.2823 3.7
    endloop
  endfacet
  facet normal 0 0 1
    outer loop
      vertex 7.77873 78.561 3.7
      vertex 7.77873 76.839 3.7
      vertex 7.87333 77.1177 3.7
    endloop
  endfacet
  facet normal 0 0 1
    outer loop
      vertex 7.64856 78.825 3.7
      vertex 7.77873 76.839 3.7
      vertex 7.77873 78.561 3.7
    endloop
  endfacet
  facet normal 0 0 1
    outer loop
      vertex 7.64856 78.825 3.7
      vertex 7.64856 76.575 3.7
      vertex 7.77873 76.839 3.7
    endloop
  endfacet
  facet normal 0 0 1
    outer loop
      vertex 7.48504 79.0697 3.7
      vertex 7.64856 76.575 3.7
      vertex 7.64856 78.825 3.7
    endloop
  endfacet
  facet normal 0 0 1
    outer loop
      vertex 7.48504 79.0697 3.7
      vertex 7.48504 76.3303 3.7
      vertex 7.64856 76.575 3.7
    endloop
  endfacet
  facet normal 0 0 1
    outer loop
      vertex 7.29099 79.291 3.7
      vertex 7.48504 76.3303 3.7
      vertex 7.48504 79.0697 3.7
    endloop
  endfacet
  facet normal 0 0 1
    outer loop
      vertex 7.29099 79.291 3.7
      vertex 7.29099 76.109 3.7
      vertex 7.48504 76.3303 3.7
    endloop
  endfacet
  facet normal 0 0 1
    outer loop
      vertex 7.06971 79.485 3.7
      vertex 7.29099 76.109 3.7
      vertex 7.29099 79.291 3.7
    endloop
  endfacet
  facet normal 0 0 1
    outer loop
      vertex 7.06971 79.485 3.7
      vertex 7.06971 75.915 3.7
      vertex 7.29099 76.109 3.7
    endloop
  endfacet
  facet normal 0 0 1
    outer loop
      vertex 6.825 79.6486 3.7
      vertex 7.06971 75.915 3.7
      vertex 7.06971 79.485 3.7
    endloop
  endfacet
  facet normal 0 0 1
    outer loop
      vertex 6.825 79.6486 3.7
      vertex 6.825 75.7514 3.7
      vertex 7.06971 75.915 3.7
    endloop
  endfacet
  facet normal 0 0 1
    outer loop
      vertex 6.56104 79.7787 3.7
      vertex 6.825 75.7514 3.7
      vertex 6.825 79.6486 3.7
    endloop
  endfacet
  facet normal 0 0 1
    outer loop
      vertex 6.56104 79.7787 3.7
      vertex 6.56104 75.6213 3.7
      vertex 6.825 75.7514 3.7
    endloop
  endfacet
  facet normal 0 0 1
    outer loop
      vertex 6.28234 79.8733 3.7
      vertex 6.56104 75.6213 3.7
      vertex 6.56104 79.7787 3.7
    endloop
  endfacet
  facet normal 0 0 1
    outer loop
      vertex 6.28234 79.8733 3.7
      vertex 6.28234 75.5267 3.7
      vertex 6.56104 75.6213 3.7
    endloop
  endfacet
  facet normal 0 0 1
    outer loop
      vertex 5.99368 79.9307 3.7
      vertex 6.28234 75.5267 3.7
      vertex 6.28234 79.8733 3.7
    endloop
  endfacet
  facet normal 0 0 1
    outer loop
      vertex 5.99368 79.9307 3.7
      vertex 5.99368 75.4692 3.7
      vertex 6.28234 75.5267 3.7
    endloop
  endfacet
  facet normal 0 0 1
    outer loop
      vertex 5.7 79.95 3.7
      vertex 5.99368 75.4692 3.7
      vertex 5.99368 79.9307 3.7
    endloop
  endfacet
  facet normal 0 0 1
    outer loop
      vertex 5.7 79.95 3.7
      vertex 5.7 75.45 3.7
      vertex 5.99368 75.4692 3.7
    endloop
  endfacet
  facet normal -0 0 1
    outer loop
      vertex 5.40632 79.9307 3.7
      vertex 5.7 75.45 3.7
      vertex 5.7 79.95 3.7
    endloop
  endfacet
  facet normal 0 0 1
    outer loop
      vertex 5.40632 79.9307 3.7
      vertex 5.40632 75.4692 3.7
      vertex 5.7 75.45 3.7
    endloop
  endfacet
  facet normal -0 0 1
    outer loop
      vertex 5.11766 79.8733 3.7
      vertex 5.40632 75.4692 3.7
      vertex 5.40632 79.9307 3.7
    endloop
  endfacet
  facet normal 0 0 1
    outer loop
      vertex 5.11766 79.8733 3.7
      vertex 5.11766 75.5267 3.7
      vertex 5.40632 75.4692 3.7
    endloop
  endfacet
  facet normal -0 0 1
    outer loop
      vertex 4.83896 79.7787 3.7
      vertex 5.11766 75.5267 3.7
      vertex 5.11766 79.8733 3.7
    endloop
  endfacet
  facet normal 0 0 1
    outer loop
      vertex 4.83896 79.7787 3.7
      vertex 4.83896 75.6213 3.7
      vertex 5.11766 75.5267 3.7
    endloop
  endfacet
  facet normal -0 0 1
    outer loop
      vertex 4.575 79.6486 3.7
      vertex 4.83896 75.6213 3.7
      vertex 4.83896 79.7787 3.7
    endloop
  endfacet
  facet normal 0 0 1
    outer loop
      vertex 4.575 79.6486 3.7
      vertex 4.575 75.7514 3.7
      vertex 4.83896 75.6213 3.7
    endloop
  endfacet
  facet normal -0 0 1
    outer loop
      vertex 4.33029 79.485 3.7
      vertex 4.575 75.7514 3.7
      vertex 4.575 79.6486 3.7
    endloop
  endfacet
  facet normal 0 0 1
    outer loop
      vertex 4.33029 79.485 3.7
      vertex 4.33029 75.915 3.7
      vertex 4.575 75.7514 3.7
    endloop
  endfacet
  facet normal -0 0 1
    outer loop
      vertex 4.10901 79.291 3.7
      vertex 4.33029 75.915 3.7
      vertex 4.33029 79.485 3.7
    endloop
  endfacet
  facet normal 0 0 1
    outer loop
      vertex 4.10901 79.291 3.7
      vertex 4.10901 76.109 3.7
      vertex 4.33029 75.915 3.7
    endloop
  endfacet
  facet normal -0 0 1
    outer loop
      vertex 3.91495 79.0697 3.7
      vertex 4.10901 76.109 3.7
      vertex 4.10901 79.291 3.7
    endloop
  endfacet
  facet normal 0 0 1
    outer loop
      vertex 3.91495 79.0697 3.7
      vertex 3.91495 76.3303 3.7
      vertex 4.10901 76.109 3.7
    endloop
  endfacet
  facet normal -0 0 1
    outer loop
      vertex 3.75144 78.825 3.7
      vertex 3.91495 76.3303 3.7
      vertex 3.91495 79.0697 3.7
    endloop
  endfacet
  facet normal 0 0 1
    outer loop
      vertex 3.75144 78.825 3.7
      vertex 3.75144 76.575 3.7
      vertex 3.91495 76.3303 3.7
    endloop
  endfacet
  facet normal -0 0 1
    outer loop
      vertex 3.62127 78.561 3.7
      vertex 3.75144 76.575 3.7
      vertex 3.75144 78.825 3.7
    endloop
  endfacet
  facet normal 0 0 1
    outer loop
      vertex 3.62127 78.561 3.7
      vertex 3.62127 76.839 3.7
      vertex 3.75144 76.575 3.7
    endloop
  endfacet
  facet normal -0 0 1
    outer loop
      vertex 3.52667 78.2823 3.7
      vertex 3.62127 76.839 3.7
      vertex 3.62127 78.561 3.7
    endloop
  endfacet
  facet normal 0 0 1
    outer loop
      vertex 3.52667 78.2823 3.7
      vertex 3.52667 77.1177 3.7
      vertex 3.62127 76.839 3.7
    endloop
  endfacet
  facet normal -0 0 1
    outer loop
      vertex 3.46925 77.9937 3.7
      vertex 3.52667 77.1177 3.7
      vertex 3.52667 78.2823 3.7
    endloop
  endfacet
  facet normal 0 0 1
    outer loop
      vertex 3.46925 77.9937 3.7
      vertex 3.46925 77.4063 3.7
      vertex 3.52667 77.1177 3.7
    endloop
  endfacet
  facet normal 0 -0 1
    outer loop
      vertex 3.46925 77.4063 3.7
      vertex 3.46925 77.9937 3.7
      vertex 3.45 77.7 3.7
    endloop
  endfacet
  facet normal 0.659236 -0.751936 0
    outer loop
      vertex 7.06971 75.915 2.5
      vertex 7.29099 76.109 3.7
      vertex 7.06971 75.915 3.7
    endloop
  endfacet
  facet normal 0.659236 -0.751936 0
    outer loop
      vertex 7.29099 76.109 3.7
      vertex 7.06971 75.915 2.5
      vertex 7.29099 76.109 2.5
    endloop
  endfacet
  facet normal -0.751865 0.659317 0
    outer loop
      vertex 3.91495 79.0697 2.5
      vertex 4.10901 79.291 3.7
      vertex 4.10901 79.291 2.5
    endloop
  endfacet
  facet normal -0.751865 0.659317 0
    outer loop
      vertex 4.10901 79.291 3.7
      vertex 3.91495 79.0697 2.5
      vertex 3.91495 79.0697 3.7
    endloop
  endfacet
  facet normal -0.555782 -0.831328 0
    outer loop
      vertex 4.33029 75.915 2.5
      vertex 4.575 75.7514 3.7
      vertex 4.33029 75.915 3.7
    endloop
  endfacet
  facet normal -0.555782 -0.831328 -0
    outer loop
      vertex 4.575 75.7514 3.7
      vertex 4.33029 75.915 2.5
      vertex 4.575 75.7514 2.5
    endloop
  endfacet
  facet normal -0.946936 -0.321421 0
    outer loop
      vertex 3.62127 76.839 2.5
      vertex 3.52667 77.1177 3.7
      vertex 3.52667 77.1177 2.5
    endloop
  endfacet
  facet normal -0.946936 -0.321421 0
    outer loop
      vertex 3.52667 77.1177 3.7
      vertex 3.62127 76.839 2.5
      vertex 3.62127 76.839 3.7
    endloop
  endfacet
  facet normal 0.555782 0.831328 -0
    outer loop
      vertex 7.06971 79.485 2.5
      vertex 6.825 79.6486 3.7
      vertex 7.06971 79.485 3.7
    endloop
  endfacet
  facet normal 0.555782 0.831328 0
    outer loop
      vertex 6.825 79.6486 3.7
      vertex 7.06971 79.485 2.5
      vertex 6.825 79.6486 2.5
    endloop
  endfacet
  facet normal 0.946936 -0.321421 0
    outer loop
      vertex 7.77873 76.839 3.7
      vertex 7.87333 77.1177 2.5
      vertex 7.87333 77.1177 3.7
    endloop
  endfacet
  facet normal 0.946936 -0.321421 0
    outer loop
      vertex 7.87333 77.1177 2.5
      vertex 7.77873 76.839 3.7
      vertex 7.77873 76.839 2.5
    endloop
  endfacet
  facet normal 0.980776 -0.195136 0
    outer loop
      vertex 7.87333 77.1177 3.7
      vertex 7.93075 77.4063 2.5
      vertex 7.93075 77.4063 3.7
    endloop
  endfacet
  facet normal 0.980776 -0.195136 0
    outer loop
      vertex 7.93075 77.4063 2.5
      vertex 7.87333 77.1177 3.7
      vertex 7.87333 77.1177 2.5
    endloop
  endfacet
  facet normal 0.831443 -0.555609 0
    outer loop
      vertex 7.48504 76.3303 3.7
      vertex 7.64856 76.575 2.5
      vertex 7.64856 76.575 3.7
    endloop
  endfacet
  facet normal 0.831443 -0.555609 0
    outer loop
      vertex 7.64856 76.575 2.5
      vertex 7.48504 76.3303 3.7
      vertex 7.48504 76.3303 2.5
    endloop
  endfacet
  facet normal -0.321421 0.946936 0
    outer loop
      vertex 5.11766 79.8733 2.5
      vertex 4.83896 79.7787 3.7
      vertex 5.11766 79.8733 3.7
    endloop
  endfacet
  facet normal -0.321421 0.946936 0
    outer loop
      vertex 4.83896 79.7787 3.7
      vertex 5.11766 79.8733 2.5
      vertex 4.83896 79.7787 2.5
    endloop
  endfacet
  facet normal 0.321421 -0.946936 0
    outer loop
      vertex 6.28234 75.5267 2.5
      vertex 6.56104 75.6213 3.7
      vertex 6.28234 75.5267 3.7
    endloop
  endfacet
  facet normal 0.321421 -0.946936 0
    outer loop
      vertex 6.56104 75.6213 3.7
      vertex 6.28234 75.5267 2.5
      vertex 6.56104 75.6213 2.5
    endloop
  endfacet
  facet normal -0.8969 -0.442233 0
    outer loop
      vertex 3.75144 76.575 2.5
      vertex 3.62127 76.839 3.7
      vertex 3.62127 76.839 2.5
    endloop
  endfacet
  facet normal -0.8969 -0.442233 0
    outer loop
      vertex 3.62127 76.839 3.7
      vertex 3.75144 76.575 2.5
      vertex 3.75144 76.575 3.7
    endloop
  endfacet
  facet normal 0.442096 0.896968 -0
    outer loop
      vertex 6.825 79.6486 2.5
      vertex 6.56104 79.7787 3.7
      vertex 6.825 79.6486 3.7
    endloop
  endfacet
  facet normal 0.442096 0.896968 0
    outer loop
      vertex 6.56104 79.7787 3.7
      vertex 6.825 79.6486 2.5
      vertex 6.56104 79.7787 2.5
    endloop
  endfacet
  facet normal 0.321421 0.946936 -0
    outer loop
      vertex 6.56104 79.7787 2.5
      vertex 6.28234 79.8733 3.7
      vertex 6.56104 79.7787 3.7
    endloop
  endfacet
  facet normal 0.321421 0.946936 0
    outer loop
      vertex 6.28234 79.8733 3.7
      vertex 6.56104 79.7787 2.5
      vertex 6.28234 79.8733 2.5
    endloop
  endfacet
  facet normal -0.659236 -0.751936 0
    outer loop
      vertex 4.10901 76.109 2.5
      vertex 4.33029 75.915 3.7
      vertex 4.10901 76.109 3.7
    endloop
  endfacet
  facet normal -0.659236 -0.751936 -0
    outer loop
      vertex 4.33029 75.915 3.7
      vertex 4.10901 76.109 2.5
      vertex 4.33029 75.915 2.5
    endloop
  endfacet
  facet normal 0.195031 0.980797 -0
    outer loop
      vertex 6.28234 79.8733 2.5
      vertex 5.99368 79.9307 3.7
      vertex 6.28234 79.8733 3.7
    endloop
  endfacet
  facet normal 0.195031 0.980797 0
    outer loop
      vertex 5.99368 79.9307 3.7
      vertex 6.28234 79.8733 2.5
      vertex 5.99368 79.9307 2.5
    endloop
  endfacet
  facet normal -0.751865 -0.659317 0
    outer loop
      vertex 4.10901 76.109 2.5
      vertex 3.91495 76.3303 3.7
      vertex 3.91495 76.3303 2.5
    endloop
  endfacet
  facet normal -0.751865 -0.659317 0
    outer loop
      vertex 3.91495 76.3303 3.7
      vertex 4.10901 76.109 2.5
      vertex 4.10901 76.109 3.7
    endloop
  endfacet
  facet normal -0.442096 0.896968 0
    outer loop
      vertex 4.83896 79.7787 2.5
      vertex 4.575 79.6486 3.7
      vertex 4.83896 79.7787 3.7
    endloop
  endfacet
  facet normal -0.442096 0.896968 0
    outer loop
      vertex 4.575 79.6486 3.7
      vertex 4.83896 79.7787 2.5
      vertex 4.575 79.6486 2.5
    endloop
  endfacet
  facet normal -0.980776 0.195136 0
    outer loop
      vertex 3.46925 77.9937 2.5
      vertex 3.52667 78.2823 3.7
      vertex 3.52667 78.2823 2.5
    endloop
  endfacet
  facet normal -0.980776 0.195136 0
    outer loop
      vertex 3.52667 78.2823 3.7
      vertex 3.46925 77.9937 2.5
      vertex 3.46925 77.9937 3.7
    endloop
  endfacet
  facet normal -0.997859 -0.0654027 0
    outer loop
      vertex 3.46925 77.4063 2.5
      vertex 3.45 77.7 3.7
      vertex 3.45 77.7 2.5
    endloop
  endfacet
  facet normal -0.997859 -0.0654027 0
    outer loop
      vertex 3.45 77.7 3.7
      vertex 3.46925 77.4063 2.5
      vertex 3.46925 77.4063 3.7
    endloop
  endfacet
  facet normal -0.831459 -0.555586 0
    outer loop
      vertex 3.91495 76.3303 2.5
      vertex 3.75144 76.575 3.7
      vertex 3.75144 76.575 2.5
    endloop
  endfacet
  facet normal -0.831459 -0.555586 0
    outer loop
      vertex 3.75144 76.575 3.7
      vertex 3.91495 76.3303 2.5
      vertex 3.91495 76.3303 3.7
    endloop
  endfacet
  facet normal 0.751882 0.659298 0
    outer loop
      vertex 7.48504 79.0697 3.7
      vertex 7.29099 79.291 2.5
      vertex 7.29099 79.291 3.7
    endloop
  endfacet
  facet normal 0.751882 0.659298 0
    outer loop
      vertex 7.29099 79.291 2.5
      vertex 7.48504 79.0697 3.7
      vertex 7.48504 79.0697 2.5
    endloop
  endfacet
  facet normal -0.442096 -0.896968 0
    outer loop
      vertex 4.575 75.7514 2.5
      vertex 4.83896 75.6213 3.7
      vertex 4.575 75.7514 3.7
    endloop
  endfacet
  facet normal -0.442096 -0.896968 -0
    outer loop
      vertex 4.83896 75.6213 3.7
      vertex 4.575 75.7514 2.5
      vertex 4.83896 75.6213 2.5
    endloop
  endfacet
  facet normal -0.065238 -0.99787 0
    outer loop
      vertex 5.40632 75.4692 2.5
      vertex 5.7 75.45 3.7
      vertex 5.40632 75.4692 3.7
    endloop
  endfacet
  facet normal -0.065238 -0.99787 -0
    outer loop
      vertex 5.7 75.45 3.7
      vertex 5.40632 75.4692 2.5
      vertex 5.7 75.45 2.5
    endloop
  endfacet
  facet normal -0.980776 -0.195136 0
    outer loop
      vertex 3.52667 77.1177 2.5
      vertex 3.46925 77.4063 3.7
      vertex 3.46925 77.4063 2.5
    endloop
  endfacet
  facet normal -0.980776 -0.195136 0
    outer loop
      vertex 3.46925 77.4063 3.7
      vertex 3.52667 77.1177 2.5
      vertex 3.52667 77.1177 3.7
    endloop
  endfacet
  facet normal -0.195358 -0.980732 0
    outer loop
      vertex 5.11766 75.5267 2.5
      vertex 5.40632 75.4692 3.7
      vertex 5.11766 75.5267 3.7
    endloop
  endfacet
  facet normal -0.195358 -0.980732 -0
    outer loop
      vertex 5.40632 75.4692 3.7
      vertex 5.11766 75.5267 2.5
      vertex 5.40632 75.4692 2.5
    endloop
  endfacet
  facet normal -0.321421 -0.946936 0
    outer loop
      vertex 4.83896 75.6213 2.5
      vertex 5.11766 75.5267 3.7
      vertex 4.83896 75.6213 3.7
    endloop
  endfacet
  facet normal -0.321421 -0.946936 -0
    outer loop
      vertex 5.11766 75.5267 3.7
      vertex 4.83896 75.6213 2.5
      vertex 5.11766 75.5267 2.5
    endloop
  endfacet
  facet normal -0.946936 0.321421 0
    outer loop
      vertex 3.52667 78.2823 2.5
      vertex 3.62127 78.561 3.7
      vertex 3.62127 78.561 2.5
    endloop
  endfacet
  facet normal -0.946936 0.321421 0
    outer loop
      vertex 3.62127 78.561 3.7
      vertex 3.52667 78.2823 2.5
      vertex 3.52667 78.2823 3.7
    endloop
  endfacet
  facet normal -0.0655763 0.997848 0
    outer loop
      vertex 5.7 79.95 2.5
      vertex 5.40632 79.9307 3.7
      vertex 5.7 79.95 3.7
    endloop
  endfacet
  facet normal -0.0655763 0.997848 0
    outer loop
      vertex 5.40632 79.9307 3.7
      vertex 5.7 79.95 2.5
      vertex 5.40632 79.9307 2.5
    endloop
  endfacet
  facet normal -0.831459 0.555586 0
    outer loop
      vertex 3.75144 78.825 2.5
      vertex 3.91495 79.0697 3.7
      vertex 3.91495 79.0697 2.5
    endloop
  endfacet
  facet normal -0.831459 0.555586 0
    outer loop
      vertex 3.91495 79.0697 3.7
      vertex 3.75144 78.825 2.5
      vertex 3.75144 78.825 3.7
    endloop
  endfacet
  facet normal -0.8969 0.442233 0
    outer loop
      vertex 3.62127 78.561 2.5
      vertex 3.75144 78.825 3.7
      vertex 3.75144 78.825 2.5
    endloop
  endfacet
  facet normal -0.8969 0.442233 0
    outer loop
      vertex 3.75144 78.825 3.7
      vertex 3.62127 78.561 2.5
      vertex 3.62127 78.561 3.7
    endloop
  endfacet
  facet normal 0.896995 -0.442042 0
    outer loop
      vertex 96.6486 76.575 3.7
      vertex 96.7787 76.839 2.5
      vertex 96.7787 76.839 3.7
    endloop
  endfacet
  facet normal 0.896995 -0.442042 0
    outer loop
      vertex 96.7787 76.839 2.5
      vertex 96.6486 76.575 3.7
      vertex 96.6486 76.575 2.5
    endloop
  endfacet
  facet normal -0.19507 0.980789 0
    outer loop
      vertex 94.4063 79.9307 2.5
      vertex 94.1177 79.8733 3.7
      vertex 94.4063 79.9307 3.7
    endloop
  endfacet
  facet normal -0.19507 0.980789 0
    outer loop
      vertex 94.1177 79.8733 3.7
      vertex 94.4063 79.9307 2.5
      vertex 94.1177 79.8733 2.5
    endloop
  endfacet
  facet normal 0.980789 0.19507 0
    outer loop
      vertex 96.9307 77.9937 3.7
      vertex 96.8733 78.2823 2.5
      vertex 96.8733 78.2823 3.7
    endloop
  endfacet
  facet normal 0.980789 0.19507 0
    outer loop
      vertex 96.8733 78.2823 2.5
      vertex 96.9307 77.9937 3.7
      vertex 96.9307 77.9937 2.5
    endloop
  endfacet
  facet normal 0.997848 0.0655719 0
    outer loop
      vertex 96.95 77.7 3.7
      vertex 96.9307 77.9937 2.5
      vertex 96.9307 77.9937 3.7
    endloop
  endfacet
  facet normal 0.997848 0.0655719 0
    outer loop
      vertex 96.9307 77.9937 2.5
      vertex 96.95 77.7 3.7
      vertex 96.95 77.7 2.5
    endloop
  endfacet
  facet normal -0.555797 0.831318 0
    outer loop
      vertex 93.575 79.6486 2.5
      vertex 93.3303 79.485 3.7
      vertex 93.575 79.6486 3.7
    endloop
  endfacet
  facet normal -0.555797 0.831318 0
    outer loop
      vertex 93.3303 79.485 3.7
      vertex 93.575 79.6486 2.5
      vertex 93.3303 79.485 2.5
    endloop
  endfacet
  facet normal 0.659202 0.751966 -0
    outer loop
      vertex 96.291 79.291 2.5
      vertex 96.0697 79.485 3.7
      vertex 96.291 79.291 3.7
    endloop
  endfacet
  facet normal 0.659202 0.751966 0
    outer loop
      vertex 96.0697 79.485 3.7
      vertex 96.291 79.291 2.5
      vertex 96.0697 79.485 2.5
    endloop
  endfacet
  facet normal -0.0655719 0.997848 0
    outer loop
      vertex 94.7 79.95 2.5
      vertex 94.4063 79.9307 3.7
      vertex 94.7 79.95 3.7
    endloop
  endfacet
  facet normal -0.0655719 0.997848 0
    outer loop
      vertex 94.4063 79.9307 3.7
      vertex 94.7 79.95 2.5
      vertex 94.4063 79.9307 2.5
    endloop
  endfacet
  facet normal 0.195397 -0.980724 0
    outer loop
      vertex 94.9937 75.4692 2.5
      vertex 95.2823 75.5267 3.7
      vertex 94.9937 75.4692 3.7
    endloop
  endfacet
  facet normal 0.195397 -0.980724 0
    outer loop
      vertex 95.2823 75.5267 3.7
      vertex 94.9937 75.4692 2.5
      vertex 95.2823 75.5267 2.5
    endloop
  endfacet
  facet normal 0.555797 -0.831318 0
    outer loop
      vertex 95.825 75.7514 2.5
      vertex 96.0697 75.915 3.7
      vertex 95.825 75.7514 3.7
    endloop
  endfacet
  facet normal 0.555797 -0.831318 0
    outer loop
      vertex 96.0697 75.915 3.7
      vertex 95.825 75.7514 2.5
      vertex 96.0697 75.915 2.5
    endloop
  endfacet
  facet normal 0.997848 -0.0655719 0
    outer loop
      vertex 96.9307 77.4063 3.7
      vertex 96.95 77.7 2.5
      vertex 96.95 77.7 3.7
    endloop
  endfacet
  facet normal 0.997848 -0.0655719 0
    outer loop
      vertex 96.95 77.7 2.5
      vertex 96.9307 77.4063 3.7
      vertex 96.9307 77.4063 2.5
    endloop
  endfacet
  facet normal 0.831318 0.555797 0
    outer loop
      vertex 96.6486 78.825 3.7
      vertex 96.485 79.0697 2.5
      vertex 96.485 79.0697 3.7
    endloop
  endfacet
  facet normal 0.831318 0.555797 0
    outer loop
      vertex 96.485 79.0697 2.5
      vertex 96.6486 78.825 3.7
      vertex 96.6486 78.825 2.5
    endloop
  endfacet
  facet normal 0.442042 -0.896995 0
    outer loop
      vertex 95.561 75.6213 2.5
      vertex 95.825 75.7514 3.7
      vertex 95.561 75.6213 3.7
    endloop
  endfacet
  facet normal 0.442042 -0.896995 0
    outer loop
      vertex 95.825 75.7514 3.7
      vertex 95.561 75.6213 2.5
      vertex 95.825 75.7514 2.5
    endloop
  endfacet
  facet normal 0.896995 0.442042 0
    outer loop
      vertex 96.7787 78.561 3.7
      vertex 96.6486 78.825 2.5
      vertex 96.6486 78.825 3.7
    endloop
  endfacet
  facet normal 0.896995 0.442042 0
    outer loop
      vertex 96.6486 78.825 2.5
      vertex 96.7787 78.561 3.7
      vertex 96.7787 78.561 2.5
    endloop
  endfacet
  facet normal 0.0655719 0.997848 -0
    outer loop
      vertex 94.9937 79.9307 2.5
      vertex 94.7 79.95 3.7
      vertex 94.9937 79.9307 3.7
    endloop
  endfacet
  facet normal 0.0655719 0.997848 0
    outer loop
      vertex 94.7 79.95 3.7
      vertex 94.9937 79.9307 2.5
      vertex 94.7 79.95 2.5
    endloop
  endfacet
  facet normal 0.0652336 -0.99787 0
    outer loop
      vertex 94.7 75.45 2.5
      vertex 94.9937 75.4692 3.7
      vertex 94.7 75.45 3.7
    endloop
  endfacet
  facet normal 0.0652336 -0.99787 0
    outer loop
      vertex 94.9937 75.4692 3.7
      vertex 94.7 75.45 2.5
      vertex 94.9937 75.4692 2.5
    endloop
  endfacet
  facet normal 0.946936 0.321421 0
    outer loop
      vertex 96.8733 78.2823 3.7
      vertex 96.7787 78.561 2.5
      vertex 96.7787 78.561 3.7
    endloop
  endfacet
  facet normal 0.946936 0.321421 0
    outer loop
      vertex 96.7787 78.561 2.5
      vertex 96.8733 78.2823 3.7
      vertex 96.8733 78.2823 2.5
    endloop
  endfacet
  facet normal -0.99787 0.0652336 0
    outer loop
      vertex 92.45 77.7 2.5
      vertex 92.4692 77.9937 3.7
      vertex 92.4692 77.9937 2.5
    endloop
  endfacet
  facet normal -0.99787 0.0652336 0
    outer loop
      vertex 92.4692 77.9937 3.7
      vertex 92.45 77.7 2.5
      vertex 92.45 77.7 3.7
    endloop
  endfacet
  facet normal 0.751966 -0.659202 0
    outer loop
      vertex 96.291 76.109 3.7
      vertex 96.485 76.3303 2.5
      vertex 96.485 76.3303 3.7
    endloop
  endfacet
  facet normal 0.751966 -0.659202 0
    outer loop
      vertex 96.485 76.3303 2.5
      vertex 96.291 76.109 3.7
      vertex 96.291 76.109 2.5
    endloop
  endfacet
  facet normal -0.659202 0.751966 0
    outer loop
      vertex 93.3303 79.485 2.5
      vertex 93.109 79.291 3.7
      vertex 93.3303 79.485 3.7
    endloop
  endfacet
  facet normal -0.659202 0.751966 0
    outer loop
      vertex 93.109 79.291 3.7
      vertex 93.3303 79.485 2.5
      vertex 93.109 79.291 2.5
    endloop
  endfacet
  facet normal 0 0 1
    outer loop
      vertex 96.9307 77.9937 3.7
      vertex 96.9307 77.4063 3.7
      vertex 96.95 77.7 3.7
    endloop
  endfacet
  facet normal 0 0 1
    outer loop
      vertex 96.8733 78.2823 3.7
      vertex 96.9307 77.4063 3.7
      vertex 96.9307 77.9937 3.7
    endloop
  endfacet
  facet normal 0 0 1
    outer loop
      vertex 96.8733 78.2823 3.7
      vertex 96.8733 77.1177 3.7
      vertex 96.9307 77.4063 3.7
    endloop
  endfacet
  facet normal 0 0 1
    outer loop
      vertex 96.7787 78.561 3.7
      vertex 96.8733 77.1177 3.7
      vertex 96.8733 78.2823 3.7
    endloop
  endfacet
  facet normal 0 0 1
    outer loop
      vertex 96.7787 78.561 3.7
      vertex 96.7787 76.839 3.7
      vertex 96.8733 77.1177 3.7
    endloop
  endfacet
  facet normal 0 0 1
    outer loop
      vertex 96.6486 78.825 3.7
      vertex 96.7787 76.839 3.7
      vertex 96.7787 78.561 3.7
    endloop
  endfacet
  facet normal 0 0 1
    outer loop
      vertex 96.6486 78.825 3.7
      vertex 96.6486 76.575 3.7
      vertex 96.7787 76.839 3.7
    endloop
  endfacet
  facet normal 0 0 1
    outer loop
      vertex 96.485 79.0697 3.7
      vertex 96.6486 76.575 3.7
      vertex 96.6486 78.825 3.7
    endloop
  endfacet
  facet normal 0 0 1
    outer loop
      vertex 96.485 79.0697 3.7
      vertex 96.485 76.3303 3.7
      vertex 96.6486 76.575 3.7
    endloop
  endfacet
  facet normal 0 0 1
    outer loop
      vertex 96.291 79.291 3.7
      vertex 96.485 76.3303 3.7
      vertex 96.485 79.0697 3.7
    endloop
  endfacet
  facet normal 0 0 1
    outer loop
      vertex 96.291 79.291 3.7
      vertex 96.291 76.109 3.7
      vertex 96.485 76.3303 3.7
    endloop
  endfacet
  facet normal 0 0 1
    outer loop
      vertex 96.0697 79.485 3.7
      vertex 96.291 76.109 3.7
      vertex 96.291 79.291 3.7
    endloop
  endfacet
  facet normal 0 0 1
    outer loop
      vertex 96.0697 79.485 3.7
      vertex 96.0697 75.915 3.7
      vertex 96.291 76.109 3.7
    endloop
  endfacet
  facet normal 0 0 1
    outer loop
      vertex 95.825 79.6486 3.7
      vertex 96.0697 75.915 3.7
      vertex 96.0697 79.485 3.7
    endloop
  endfacet
  facet normal 0 0 1
    outer loop
      vertex 95.825 79.6486 3.7
      vertex 95.825 75.7514 3.7
      vertex 96.0697 75.915 3.7
    endloop
  endfacet
  facet normal 0 0 1
    outer loop
      vertex 95.561 79.7787 3.7
      vertex 95.825 75.7514 3.7
      vertex 95.825 79.6486 3.7
    endloop
  endfacet
  facet normal 0 0 1
    outer loop
      vertex 95.561 79.7787 3.7
      vertex 95.561 75.6213 3.7
      vertex 95.825 75.7514 3.7
    endloop
  endfacet
  facet normal 0 0 1
    outer loop
      vertex 95.2823 79.8733 3.7
      vertex 95.561 75.6213 3.7
      vertex 95.561 79.7787 3.7
    endloop
  endfacet
  facet normal 0 0 1
    outer loop
      vertex 95.2823 79.8733 3.7
      vertex 95.2823 75.5267 3.7
      vertex 95.561 75.6213 3.7
    endloop
  endfacet
  facet normal 0 0 1
    outer loop
      vertex 94.9937 79.9307 3.7
      vertex 95.2823 75.5267 3.7
      vertex 95.2823 79.8733 3.7
    endloop
  endfacet
  facet normal 0 0 1
    outer loop
      vertex 94.9937 79.9307 3.7
      vertex 94.9937 75.4692 3.7
      vertex 95.2823 75.5267 3.7
    endloop
  endfacet
  facet normal 0 0 1
    outer loop
      vertex 94.7 79.95 3.7
      vertex 94.9937 75.4692 3.7
      vertex 94.9937 79.9307 3.7
    endloop
  endfacet
  facet normal 0 0 1
    outer loop
      vertex 94.7 79.95 3.7
      vertex 94.7 75.45 3.7
      vertex 94.9937 75.4692 3.7
    endloop
  endfacet
  facet normal -0 0 1
    outer loop
      vertex 94.4063 79.9307 3.7
      vertex 94.7 75.45 3.7
      vertex 94.7 79.95 3.7
    endloop
  endfacet
  facet normal 0 0 1
    outer loop
      vertex 94.4063 79.9307 3.7
      vertex 94.4063 75.4692 3.7
      vertex 94.7 75.45 3.7
    endloop
  endfacet
  facet normal -0 0 1
    outer loop
      vertex 94.1177 79.8733 3.7
      vertex 94.4063 75.4692 3.7
      vertex 94.4063 79.9307 3.7
    endloop
  endfacet
  facet normal 0 0 1
    outer loop
      vertex 94.1177 79.8733 3.7
      vertex 94.1177 75.5267 3.7
      vertex 94.4063 75.4692 3.7
    endloop
  endfacet
  facet normal -0 0 1
    outer loop
      vertex 93.839 79.7787 3.7
      vertex 94.1177 75.5267 3.7
      vertex 94.1177 79.8733 3.7
    endloop
  endfacet
  facet normal 0 0 1
    outer loop
      vertex 93.839 79.7787 3.7
      vertex 93.839 75.6213 3.7
      vertex 94.1177 75.5267 3.7
    endloop
  endfacet
  facet normal -0 0 1
    outer loop
      vertex 93.575 79.6486 3.7
      vertex 93.839 75.6213 3.7
      vertex 93.839 79.7787 3.7
    endloop
  endfacet
  facet normal 0 0 1
    outer loop
      vertex 93.575 79.6486 3.7
      vertex 93.575 75.7514 3.7
      vertex 93.839 75.6213 3.7
    endloop
  endfacet
  facet normal -0 0 1
    outer loop
      vertex 93.3303 79.485 3.7
      vertex 93.575 75.7514 3.7
      vertex 93.575 79.6486 3.7
    endloop
  endfacet
  facet normal 0 0 1
    outer loop
      vertex 93.3303 79.485 3.7
      vertex 93.3303 75.915 3.7
      vertex 93.575 75.7514 3.7
    endloop
  endfacet
  facet normal -0 0 1
    outer loop
      vertex 93.109 79.291 3.7
      vertex 93.3303 75.915 3.7
      vertex 93.3303 79.485 3.7
    endloop
  endfacet
  facet normal 0 0 1
    outer loop
      vertex 93.109 79.291 3.7
      vertex 93.109 76.109 3.7
      vertex 93.3303 75.915 3.7
    endloop
  endfacet
  facet normal -0 0 1
    outer loop
      vertex 92.915 79.0697 3.7
      vertex 93.109 76.109 3.7
      vertex 93.109 79.291 3.7
    endloop
  endfacet
  facet normal 0 0 1
    outer loop
      vertex 92.915 79.0697 3.7
      vertex 92.915 76.3303 3.7
      vertex 93.109 76.109 3.7
    endloop
  endfacet
  facet normal -0 0 1
    outer loop
      vertex 92.7514 78.825 3.7
      vertex 92.915 76.3303 3.7
      vertex 92.915 79.0697 3.7
    endloop
  endfacet
  facet normal 0 0 1
    outer loop
      vertex 92.7514 78.825 3.7
      vertex 92.7514 76.575 3.7
      vertex 92.915 76.3303 3.7
    endloop
  endfacet
  facet normal -0 0 1
    outer loop
      vertex 92.6213 78.561 3.7
      vertex 92.7514 76.575 3.7
      vertex 92.7514 78.825 3.7
    endloop
  endfacet
  facet normal 0 0 1
    outer loop
      vertex 92.6213 78.561 3.7
      vertex 92.6213 76.839 3.7
      vertex 92.7514 76.575 3.7
    endloop
  endfacet
  facet normal -0 0 1
    outer loop
      vertex 92.5267 78.2823 3.7
      vertex 92.6213 76.839 3.7
      vertex 92.6213 78.561 3.7
    endloop
  endfacet
  facet normal 0 0 1
    outer loop
      vertex 92.5267 78.2823 3.7
      vertex 92.5267 77.1177 3.7
      vertex 92.6213 76.839 3.7
    endloop
  endfacet
  facet normal -0 0 1
    outer loop
      vertex 92.4692 77.9937 3.7
      vertex 92.5267 77.1177 3.7
      vertex 92.5267 78.2823 3.7
    endloop
  endfacet
  facet normal 0 0 1
    outer loop
      vertex 92.4692 77.9937 3.7
      vertex 92.4692 77.4063 3.7
      vertex 92.5267 77.1177 3.7
    endloop
  endfacet
  facet normal 0 -0 1
    outer loop
      vertex 92.4692 77.4063 3.7
      vertex 92.4692 77.9937 3.7
      vertex 92.45 77.7 3.7
    endloop
  endfacet
  facet normal 0.659202 -0.751966 0
    outer loop
      vertex 96.0697 75.915 2.5
      vertex 96.291 76.109 3.7
      vertex 96.0697 75.915 3.7
    endloop
  endfacet
  facet normal 0.659202 -0.751966 0
    outer loop
      vertex 96.291 76.109 3.7
      vertex 96.0697 75.915 2.5
      vertex 96.291 76.109 2.5
    endloop
  endfacet
  facet normal -0.751966 0.659202 0
    outer loop
      vertex 92.915 79.0697 2.5
      vertex 93.109 79.291 3.7
      vertex 93.109 79.291 2.5
    endloop
  endfacet
  facet normal -0.751966 0.659202 0
    outer loop
      vertex 93.109 79.291 3.7
      vertex 92.915 79.0697 2.5
      vertex 92.915 79.0697 3.7
    endloop
  endfacet
  facet normal -0.555797 -0.831318 0
    outer loop
      vertex 93.3303 75.915 2.5
      vertex 93.575 75.7514 3.7
      vertex 93.3303 75.915 3.7
    endloop
  endfacet
  facet normal -0.555797 -0.831318 -0
    outer loop
      vertex 93.575 75.7514 3.7
      vertex 93.3303 75.915 2.5
      vertex 93.575 75.7514 2.5
    endloop
  endfacet
  facet normal -0.946936 -0.321421 0
    outer loop
      vertex 92.6213 76.839 2.5
      vertex 92.5267 77.1177 3.7
      vertex 92.5267 77.1177 2.5
    endloop
  endfacet
  facet normal -0.946936 -0.321421 0
    outer loop
      vertex 92.5267 77.1177 3.7
      vertex 92.6213 76.839 2.5
      vertex 92.6213 76.839 3.7
    endloop
  endfacet
  facet normal 0.555797 0.831318 -0
    outer loop
      vertex 96.0697 79.485 2.5
      vertex 95.825 79.6486 3.7
      vertex 96.0697 79.485 3.7
    endloop
  endfacet
  facet normal 0.555797 0.831318 0
    outer loop
      vertex 95.825 79.6486 3.7
      vertex 96.0697 79.485 2.5
      vertex 95.825 79.6486 2.5
    endloop
  endfacet
  facet normal 0.946936 -0.321421 0
    outer loop
      vertex 96.7787 76.839 3.7
      vertex 96.8733 77.1177 2.5
      vertex 96.8733 77.1177 3.7
    endloop
  endfacet
  facet normal 0.946936 -0.321421 0
    outer loop
      vertex 96.8733 77.1177 2.5
      vertex 96.7787 76.839 3.7
      vertex 96.7787 76.839 2.5
    endloop
  endfacet
  facet normal 0.980789 -0.19507 0
    outer loop
      vertex 96.8733 77.1177 3.7
      vertex 96.9307 77.4063 2.5
      vertex 96.9307 77.4063 3.7
    endloop
  endfacet
  facet normal 0.980789 -0.19507 0
    outer loop
      vertex 96.9307 77.4063 2.5
      vertex 96.8733 77.1177 3.7
      vertex 96.8733 77.1177 2.5
    endloop
  endfacet
  facet normal 0.831318 -0.555797 0
    outer loop
      vertex 96.485 76.3303 3.7
      vertex 96.6486 76.575 2.5
      vertex 96.6486 76.575 3.7
    endloop
  endfacet
  facet normal 0.831318 -0.555797 0
    outer loop
      vertex 96.6486 76.575 2.5
      vertex 96.485 76.3303 3.7
      vertex 96.485 76.3303 2.5
    endloop
  endfacet
  facet normal -0.321421 0.946936 0
    outer loop
      vertex 94.1177 79.8733 2.5
      vertex 93.839 79.7787 3.7
      vertex 94.1177 79.8733 3.7
    endloop
  endfacet
  facet normal -0.321421 0.946936 0
    outer loop
      vertex 93.839 79.7787 3.7
      vertex 94.1177 79.8733 2.5
      vertex 93.839 79.7787 2.5
    endloop
  endfacet
  facet normal 0.321421 -0.946936 0
    outer loop
      vertex 95.2823 75.5267 2.5
      vertex 95.561 75.6213 3.7
      vertex 95.2823 75.5267 3.7
    endloop
  endfacet
  facet normal 0.321421 -0.946936 0
    outer loop
      vertex 95.561 75.6213 3.7
      vertex 95.2823 75.5267 2.5
      vertex 95.561 75.6213 2.5
    endloop
  endfacet
  facet normal -0.896995 -0.442042 0
    outer loop
      vertex 92.7514 76.575 2.5
      vertex 92.6213 76.839 3.7
      vertex 92.6213 76.839 2.5
    endloop
  endfacet
  facet normal -0.896995 -0.442042 0
    outer loop
      vertex 92.6213 76.839 3.7
      vertex 92.7514 76.575 2.5
      vertex 92.7514 76.575 3.7
    endloop
  endfacet
  facet normal 0.442042 0.896995 -0
    outer loop
      vertex 95.825 79.6486 2.5
      vertex 95.561 79.7787 3.7
      vertex 95.825 79.6486 3.7
    endloop
  endfacet
  facet normal 0.442042 0.896995 0
    outer loop
      vertex 95.561 79.7787 3.7
      vertex 95.825 79.6486 2.5
      vertex 95.561 79.7787 2.5
    endloop
  endfacet
  facet normal 0.321421 0.946936 -0
    outer loop
      vertex 95.561 79.7787 2.5
      vertex 95.2823 79.8733 3.7
      vertex 95.561 79.7787 3.7
    endloop
  endfacet
  facet normal 0.321421 0.946936 0
    outer loop
      vertex 95.2823 79.8733 3.7
      vertex 95.561 79.7787 2.5
      vertex 95.2823 79.8733 2.5
    endloop
  endfacet
  facet normal -0.659202 -0.751966 0
    outer loop
      vertex 93.109 76.109 2.5
      vertex 93.3303 75.915 3.7
      vertex 93.109 76.109 3.7
    endloop
  endfacet
  facet normal -0.659202 -0.751966 -0
    outer loop
      vertex 93.3303 75.915 3.7
      vertex 93.109 76.109 2.5
      vertex 93.3303 75.915 2.5
    endloop
  endfacet
  facet normal 0.19507 0.980789 -0
    outer loop
      vertex 95.2823 79.8733 2.5
      vertex 94.9937 79.9307 3.7
      vertex 95.2823 79.8733 3.7
    endloop
  endfacet
  facet normal 0.19507 0.980789 0
    outer loop
      vertex 94.9937 79.9307 3.7
      vertex 95.2823 79.8733 2.5
      vertex 94.9937 79.9307 2.5
    endloop
  endfacet
  facet normal -0.751966 -0.659202 0
    outer loop
      vertex 93.109 76.109 2.5
      vertex 92.915 76.3303 3.7
      vertex 92.915 76.3303 2.5
    endloop
  endfacet
  facet normal -0.751966 -0.659202 0
    outer loop
      vertex 92.915 76.3303 3.7
      vertex 93.109 76.109 2.5
      vertex 93.109 76.109 3.7
    endloop
  endfacet
  facet normal -0.442042 0.896995 0
    outer loop
      vertex 93.839 79.7787 2.5
      vertex 93.575 79.6486 3.7
      vertex 93.839 79.7787 3.7
    endloop
  endfacet
  facet normal -0.442042 0.896995 0
    outer loop
      vertex 93.575 79.6486 3.7
      vertex 93.839 79.7787 2.5
      vertex 93.575 79.6486 2.5
    endloop
  endfacet
  facet normal -0.980724 0.195397 0
    outer loop
      vertex 92.4692 77.9937 2.5
      vertex 92.5267 78.2823 3.7
      vertex 92.5267 78.2823 2.5
    endloop
  endfacet
  facet normal -0.980724 0.195397 0
    outer loop
      vertex 92.5267 78.2823 3.7
      vertex 92.4692 77.9937 2.5
      vertex 92.4692 77.9937 3.7
    endloop
  endfacet
  facet normal -0.99787 -0.0652336 0
    outer loop
      vertex 92.4692 77.4063 2.5
      vertex 92.45 77.7 3.7
      vertex 92.45 77.7 2.5
    endloop
  endfacet
  facet normal -0.99787 -0.0652336 0
    outer loop
      vertex 92.45 77.7 3.7
      vertex 92.4692 77.4063 2.5
      vertex 92.4692 77.4063 3.7
    endloop
  endfacet
  facet normal -0.831318 -0.555797 0
    outer loop
      vertex 92.915 76.3303 2.5
      vertex 92.7514 76.575 3.7
      vertex 92.7514 76.575 2.5
    endloop
  endfacet
  facet normal -0.831318 -0.555797 0
    outer loop
      vertex 92.7514 76.575 3.7
      vertex 92.915 76.3303 2.5
      vertex 92.915 76.3303 3.7
    endloop
  endfacet
  facet normal 0.751966 0.659202 0
    outer loop
      vertex 96.485 79.0697 3.7
      vertex 96.291 79.291 2.5
      vertex 96.291 79.291 3.7
    endloop
  endfacet
  facet normal 0.751966 0.659202 0
    outer loop
      vertex 96.291 79.291 2.5
      vertex 96.485 79.0697 3.7
      vertex 96.485 79.0697 2.5
    endloop
  endfacet
  facet normal -0.442042 -0.896995 0
    outer loop
      vertex 93.575 75.7514 2.5
      vertex 93.839 75.6213 3.7
      vertex 93.575 75.7514 3.7
    endloop
  endfacet
  facet normal -0.442042 -0.896995 -0
    outer loop
      vertex 93.839 75.6213 3.7
      vertex 93.575 75.7514 2.5
      vertex 93.839 75.6213 2.5
    endloop
  endfacet
  facet normal -0.0652336 -0.99787 0
    outer loop
      vertex 94.4063 75.4692 2.5
      vertex 94.7 75.45 3.7
      vertex 94.4063 75.4692 3.7
    endloop
  endfacet
  facet normal -0.0652336 -0.99787 -0
    outer loop
      vertex 94.7 75.45 3.7
      vertex 94.4063 75.4692 2.5
      vertex 94.7 75.45 2.5
    endloop
  endfacet
  facet normal -0.980724 -0.195397 0
    outer loop
      vertex 92.5267 77.1177 2.5
      vertex 92.4692 77.4063 3.7
      vertex 92.4692 77.4063 2.5
    endloop
  endfacet
  facet normal -0.980724 -0.195397 0
    outer loop
      vertex 92.4692 77.4063 3.7
      vertex 92.5267 77.1177 2.5
      vertex 92.5267 77.1177 3.7
    endloop
  endfacet
  facet normal -0.195397 -0.980724 0
    outer loop
      vertex 94.1177 75.5267 2.5
      vertex 94.4063 75.4692 3.7
      vertex 94.1177 75.5267 3.7
    endloop
  endfacet
  facet normal -0.195397 -0.980724 -0
    outer loop
      vertex 94.4063 75.4692 3.7
      vertex 94.1177 75.5267 2.5
      vertex 94.4063 75.4692 2.5
    endloop
  endfacet
  facet normal -0.321421 -0.946936 0
    outer loop
      vertex 93.839 75.6213 2.5
      vertex 94.1177 75.5267 3.7
      vertex 93.839 75.6213 3.7
    endloop
  endfacet
  facet normal -0.321421 -0.946936 -0
    outer loop
      vertex 94.1177 75.5267 3.7
      vertex 93.839 75.6213 2.5
      vertex 94.1177 75.5267 2.5
    endloop
  endfacet
  facet normal -0.946936 0.321421 0
    outer loop
      vertex 92.5267 78.2823 2.5
      vertex 92.6213 78.561 3.7
      vertex 92.6213 78.561 2.5
    endloop
  endfacet
  facet normal -0.946936 0.321421 0
    outer loop
      vertex 92.6213 78.561 3.7
      vertex 92.5267 78.2823 2.5
      vertex 92.5267 78.2823 3.7
    endloop
  endfacet
  facet normal -0.831318 0.555797 0
    outer loop
      vertex 92.7514 78.825 2.5
      vertex 92.915 79.0697 3.7
      vertex 92.915 79.0697 2.5
    endloop
  endfacet
  facet normal -0.831318 0.555797 0
    outer loop
      vertex 92.915 79.0697 3.7
      vertex 92.7514 78.825 2.5
      vertex 92.7514 78.825 3.7
    endloop
  endfacet
  facet normal -0.896995 0.442042 0
    outer loop
      vertex 92.6213 78.561 2.5
      vertex 92.7514 78.825 3.7
      vertex 92.7514 78.825 2.5
    endloop
  endfacet
  facet normal -0.896995 0.442042 0
    outer loop
      vertex 92.7514 78.825 3.7
      vertex 92.6213 78.561 2.5
      vertex 92.6213 78.561 3.7
    endloop
  endfacet
  facet normal -0.195066 0.98079 0
    outer loop
      vertex 52.0117 53.9385 16.5
      vertex 51.1137 53.7599 18
      vertex 52.0117 53.9385 18
    endloop
  endfacet
  facet normal -0.195066 0.98079 0
    outer loop
      vertex 51.1137 53.7599 18
      vertex 52.0117 53.9385 16.5
      vertex 51.1137 53.7599 16.5
    endloop
  endfacet
  facet normal -0.98079 -0.195066 0
    outer loop
      vertex 57.1401 61.6137 17.25
      vertex 56.9615 62.5117 18
      vertex 56.9615 62.5117 17.25
    endloop
  endfacet
  facet normal -0.98079 -0.195066 0
    outer loop
      vertex 56.9615 62.5117 18
      vertex 57.1401 61.6137 17.25
      vertex 57.1401 61.6137 18
    endloop
  endfacet
  facet normal -0.997858 -0.0654172 0
    outer loop
      vertex 57.2 60.7 17.25
      vertex 57.1401 61.6137 18
      vertex 57.1401 61.6137 17.25
    endloop
  endfacet
  facet normal -0.997858 -0.0654172 0
    outer loop
      vertex 57.1401 61.6137 18
      vertex 57.2 60.7 17.25
      vertex 57.2 60.7 18
    endloop
  endfacet
  facet normal 0.98079 -0.195066 0
    outer loop
      vertex 43.2599 61.6137 18
      vertex 43.4385 62.5117 16.5
      vertex 43.4385 62.5117 18
    endloop
  endfacet
  facet normal 0.98079 -0.195066 0
    outer loop
      vertex 43.4385 62.5117 16.5
      vertex 43.2599 61.6137 18
      vertex 43.2599 61.6137 16.5
    endloop
  endfacet
  facet normal 0.659401 -0.751791 0
    outer loop
      vertex 45.2503 65.6497 16.5
      vertex 45.9387 66.2535 18
      vertex 45.2503 65.6497 18
    endloop
  endfacet
  facet normal 0.659401 -0.751791 0
    outer loop
      vertex 45.9387 66.2535 18
      vertex 45.2503 65.6497 16.5
      vertex 45.9387 66.2535 16.5
    endloop
  endfacet
  facet normal -0.831462 -0.555581 -0
    outer loop
      vertex 55.9281 64.7 17.25
      vertex 55.7535 64.9613 16.5
      vertex 55.9281 64.7 16.5
    endloop
  endfacet
  facet normal -0.831462 -0.555581 0
    outer loop
      vertex 55.7535 64.9613 16.5
      vertex 55.9281 64.7 17.25
      vertex 55.7535 64.9613 18
    endloop
  endfacet
  facet normal -0.831461 -0.555583 -0
    outer loop
      vertex 56.2622 64.2 18
      vertex 55.9281 64.7 17.25
      vertex 56.2622 64.2 17.25
    endloop
  endfacet
  facet normal -0.831462 -0.555582 4.80551e-07
    outer loop
      vertex 55.9281 64.7 17.25
      vertex 56.2622 64.2 18
      vertex 55.7535 64.9613 18
    endloop
  endfacet
  facet normal -0.0654172 0.997858 0
    outer loop
      vertex 51.1137 53.7599 16.5
      vertex 50.2 53.7 18
      vertex 51.1137 53.7599 18
    endloop
  endfacet
  facet normal -0.0654172 0.997858 0
    outer loop
      vertex 50.2 53.7 18
      vertex 51.1137 53.7599 16.5
      vertex 50.2 53.7 16.5
    endloop
  endfacet
  facet normal -0.89686 -0.442314 0
    outer loop
      vertex 56.6672 63.3788 17.25
      vertex 56.2622 64.2 18
      vertex 56.2622 64.2 17.25
    endloop
  endfacet
  facet normal -0.89686 -0.442314 0
    outer loop
      vertex 56.2622 64.2 18
      vertex 56.6672 63.3788 17.25
      vertex 56.6672 63.3788 18
    endloop
  endfacet
  facet normal 0.442314 -0.89686 0
    outer loop
      vertex 46.7 66.7622 16.5
      vertex 47.5212 67.1672 18
      vertex 46.7 66.7622 18
    endloop
  endfacet
  facet normal 0.442314 -0.89686 0
    outer loop
      vertex 47.5212 67.1672 18
      vertex 46.7 66.7622 16.5
      vertex 47.5212 67.1672 16.5
    endloop
  endfacet
  facet normal -0.555582 0.831462 0
    outer loop
      vertex 54.4613 55.1465 16.5
      vertex 53.7 54.6378 18
      vertex 54.4613 55.1465 18
    endloop
  endfacet
  facet normal -0.555582 0.831462 0
    outer loop
      vertex 53.7 54.6378 18
      vertex 54.4613 55.1465 16.5
      vertex 53.7 54.6378 16.5
    endloop
  endfacet
  facet normal 0.0654172 0.997858 -0
    outer loop
      vertex 50.2 53.7 16.5
      vertex 49.2863 53.7599 18
      vertex 50.2 53.7 18
    endloop
  endfacet
  facet normal 0.0654172 0.997858 0
    outer loop
      vertex 49.2863 53.7599 18
      vertex 50.2 53.7 16.5
      vertex 49.2863 53.7599 16.5
    endloop
  endfacet
  facet normal 0.89686 0.442314 0
    outer loop
      vertex 44.1378 57.2 18
      vertex 43.7328 58.0212 16.5
      vertex 43.7328 58.0212 18
    endloop
  endfacet
  facet normal 0.89686 0.442314 0
    outer loop
      vertex 43.7328 58.0212 16.5
      vertex 44.1378 57.2 18
      vertex 44.1378 57.2 16.5
    endloop
  endfacet
  facet normal 0.442314 0.89686 -0
    outer loop
      vertex 47.5212 54.2328 16.5
      vertex 46.7 54.6378 18
      vertex 47.5212 54.2328 18
    endloop
  endfacet
  facet normal 0.442314 0.89686 0
    outer loop
      vertex 46.7 54.6378 18
      vertex 47.5212 54.2328 16.5
      vertex 46.7 54.6378 16.5
    endloop
  endfacet
  facet normal -0.98079 0.195066 0
    outer loop
      vertex 56.9615 58.8883 17.25
      vertex 57.1401 59.7863 18
      vertex 57.1401 59.7863 17.25
    endloop
  endfacet
  facet normal -0.98079 0.195066 0
    outer loop
      vertex 57.1401 59.7863 18
      vertex 56.9615 58.8883 17.25
      vertex 56.9615 58.8883 18
    endloop
  endfacet
  facet normal 0.3214 -0.946944 0
    outer loop
      vertex 47.5212 67.1672 16.5
      vertex 48.3883 67.4615 18
      vertex 47.5212 67.1672 18
    endloop
  endfacet
  facet normal 0.3214 -0.946944 0
    outer loop
      vertex 48.3883 67.4615 18
      vertex 47.5212 67.1672 16.5
      vertex 48.3883 67.4615 16.5
    endloop
  endfacet
  facet normal -0.3214 0.946944 0
    outer loop
      vertex 52.8788 54.2328 16.5
      vertex 52.0117 53.9385 18
      vertex 52.8788 54.2328 18
    endloop
  endfacet
  facet normal -0.3214 0.946944 0
    outer loop
      vertex 52.0117 53.9385 18
      vertex 52.8788 54.2328 16.5
      vertex 52.0117 53.9385 16.5
    endloop
  endfacet
  facet normal 0.195066 -0.98079 0
    outer loop
      vertex 48.3883 67.4615 16.5
      vertex 49.2863 67.6401 18
      vertex 48.3883 67.4615 18
    endloop
  endfacet
  facet normal 0.195066 -0.98079 0
    outer loop
      vertex 49.2863 67.6401 18
      vertex 48.3883 67.4615 16.5
      vertex 49.2863 67.6401 16.5
    endloop
  endfacet
  facet normal 0.659401 0.751791 -0
    outer loop
      vertex 45.9387 55.1465 16.5
      vertex 45.2503 55.7503 18
      vertex 45.9387 55.1465 18
    endloop
  endfacet
  facet normal 0.659401 0.751791 0
    outer loop
      vertex 45.2503 55.7503 18
      vertex 45.9387 55.1465 16.5
      vertex 45.2503 55.7503 16.5
    endloop
  endfacet
  facet normal -0.751791 -0.659401 0
    outer loop
      vertex 55.7535 64.9613 16.5
      vertex 55.1497 65.6497 18
      vertex 55.1497 65.6497 16.5
    endloop
  endfacet
  facet normal -0.751791 -0.659401 0
    outer loop
      vertex 55.1497 65.6497 18
      vertex 55.7535 64.9613 16.5
      vertex 55.7535 64.9613 18
    endloop
  endfacet
  facet normal -0.751791 0.659401 0
    outer loop
      vertex 55.1497 55.7503 16.5
      vertex 55.7535 56.4387 18
      vertex 55.7535 56.4387 16.5
    endloop
  endfacet
  facet normal -0.751791 0.659401 0
    outer loop
      vertex 55.7535 56.4387 18
      vertex 55.1497 55.7503 16.5
      vertex 55.1497 55.7503 18
    endloop
  endfacet
  facet normal -0.997858 0.0654172 0
    outer loop
      vertex 57.1401 59.7863 17.25
      vertex 57.2 60.7 18
      vertex 57.2 60.7 17.25
    endloop
  endfacet
  facet normal -0.997858 0.0654172 0
    outer loop
      vertex 57.2 60.7 18
      vertex 57.1401 59.7863 17.25
      vertex 57.1401 59.7863 18
    endloop
  endfacet
  facet normal -0.442314 -0.89686 0
    outer loop
      vertex 52.8788 67.1672 16.5
      vertex 53.7 66.7622 18
      vertex 52.8788 67.1672 18
    endloop
  endfacet
  facet normal -0.442314 -0.89686 -0
    outer loop
      vertex 53.7 66.7622 18
      vertex 52.8788 67.1672 16.5
      vertex 53.7 66.7622 16.5
    endloop
  endfacet
  facet normal 0.555582 -0.831462 0
    outer loop
      vertex 45.9387 66.2535 16.5
      vertex 46.7 66.7622 18
      vertex 45.9387 66.2535 18
    endloop
  endfacet
  facet normal 0.555582 -0.831462 0
    outer loop
      vertex 46.7 66.7622 18
      vertex 45.9387 66.2535 16.5
      vertex 46.7 66.7622 16.5
    endloop
  endfacet
  facet normal 0.946944 0.3214 0
    outer loop
      vertex 43.7328 58.0212 18
      vertex 43.4385 58.8883 16.5
      vertex 43.4385 58.8883 18
    endloop
  endfacet
  facet normal 0.946944 0.3214 0
    outer loop
      vertex 43.4385 58.8883 16.5
      vertex 43.7328 58.0212 18
      vertex 43.7328 58.0212 16.5
    endloop
  endfacet
  facet normal -0.659401 -0.751791 0
    outer loop
      vertex 54.4613 66.2535 16.5
      vertex 55.1497 65.6497 18
      vertex 54.4613 66.2535 18
    endloop
  endfacet
  facet normal -0.659401 -0.751791 -0
    outer loop
      vertex 55.1497 65.6497 18
      vertex 54.4613 66.2535 16.5
      vertex 55.1497 65.6497 16.5
    endloop
  endfacet
  facet normal -0.3214 -0.946944 0
    outer loop
      vertex 52.0117 67.4615 16.5
      vertex 52.8788 67.1672 18
      vertex 52.0117 67.4615 18
    endloop
  endfacet
  facet normal -0.3214 -0.946944 -0
    outer loop
      vertex 52.8788 67.1672 18
      vertex 52.0117 67.4615 16.5
      vertex 52.8788 67.1672 16.5
    endloop
  endfacet
  facet normal 0.997858 -0.0654172 0
    outer loop
      vertex 43.2 60.7 18
      vertex 43.2599 61.6137 16.5
      vertex 43.2599 61.6137 18
    endloop
  endfacet
  facet normal 0.997858 -0.0654172 0
    outer loop
      vertex 43.2599 61.6137 16.5
      vertex 43.2 60.7 18
      vertex 43.2 60.7 16.5
    endloop
  endfacet
  facet normal 0.3214 0.946944 -0
    outer loop
      vertex 48.3883 53.9385 16.5
      vertex 47.5212 54.2328 18
      vertex 48.3883 53.9385 18
    endloop
  endfacet
  facet normal 0.3214 0.946944 0
    outer loop
      vertex 47.5212 54.2328 18
      vertex 48.3883 53.9385 16.5
      vertex 47.5212 54.2328 16.5
    endloop
  endfacet
  facet normal -0.555582 -0.831462 0
    outer loop
      vertex 53.7 66.7622 16.5
      vertex 54.4613 66.2535 18
      vertex 53.7 66.7622 18
    endloop
  endfacet
  facet normal -0.555582 -0.831462 -0
    outer loop
      vertex 54.4613 66.2535 18
      vertex 53.7 66.7622 16.5
      vertex 54.4613 66.2535 16.5
    endloop
  endfacet
  facet normal -0.831462 0.555581 0
    outer loop
      vertex 55.9281 56.7 16.5
      vertex 55.7535 56.4387 16.5
      vertex 55.9281 56.7 17.25
    endloop
  endfacet
  facet normal -0.831461 0.555583 0
    outer loop
      vertex 55.9281 56.7 17.25
      vertex 56.2622 57.2 18
      vertex 56.2622 57.2 17.25
    endloop
  endfacet
  facet normal -0.831462 0.555582 4.80551e-07
    outer loop
      vertex 55.9281 56.7 17.25
      vertex 55.7535 56.4387 18
      vertex 56.2622 57.2 18
    endloop
  endfacet
  facet normal -0.831462 0.555581 0
    outer loop
      vertex 55.7535 56.4387 18
      vertex 55.9281 56.7 17.25
      vertex 55.7535 56.4387 16.5
    endloop
  endfacet
  facet normal -0.89686 0.442314 0
    outer loop
      vertex 56.2622 57.2 17.25
      vertex 56.6672 58.0212 18
      vertex 56.6672 58.0212 17.25
    endloop
  endfacet
  facet normal -0.89686 0.442314 0
    outer loop
      vertex 56.6672 58.0212 18
      vertex 56.2622 57.2 17.25
      vertex 56.2622 57.2 18
    endloop
  endfacet
  facet normal 0.98079 0.195066 0
    outer loop
      vertex 43.4385 58.8883 18
      vertex 43.2599 59.7863 16.5
      vertex 43.2599 59.7863 18
    endloop
  endfacet
  facet normal 0.98079 0.195066 0
    outer loop
      vertex 43.2599 59.7863 16.5
      vertex 43.4385 58.8883 18
      vertex 43.4385 58.8883 16.5
    endloop
  endfacet
  facet normal -0.659401 0.751791 0
    outer loop
      vertex 55.1497 55.7503 16.5
      vertex 54.4613 55.1465 18
      vertex 55.1497 55.7503 18
    endloop
  endfacet
  facet normal -0.659401 0.751791 0
    outer loop
      vertex 54.4613 55.1465 18
      vertex 55.1497 55.7503 16.5
      vertex 54.4613 55.1465 16.5
    endloop
  endfacet
  facet normal -0.195066 -0.98079 0
    outer loop
      vertex 51.1137 67.6401 16.5
      vertex 52.0117 67.4615 18
      vertex 51.1137 67.6401 18
    endloop
  endfacet
  facet normal -0.195066 -0.98079 -0
    outer loop
      vertex 52.0117 67.4615 18
      vertex 51.1137 67.6401 16.5
      vertex 52.0117 67.4615 16.5
    endloop
  endfacet
  facet normal 0.831462 0.555582 0
    outer loop
      vertex 44.6465 56.4387 18
      vertex 44.1378 57.2 16.5
      vertex 44.1378 57.2 18
    endloop
  endfacet
  facet normal 0.831462 0.555582 0
    outer loop
      vertex 44.1378 57.2 16.5
      vertex 44.6465 56.4387 18
      vertex 44.6465 56.4387 16.5
    endloop
  endfacet
  facet normal 0.751791 -0.659401 0
    outer loop
      vertex 44.6465 64.9613 18
      vertex 45.2503 65.6497 16.5
      vertex 45.2503 65.6497 18
    endloop
  endfacet
  facet normal 0.751791 -0.659401 0
    outer loop
      vertex 45.2503 65.6497 16.5
      vertex 44.6465 64.9613 18
      vertex 44.6465 64.9613 16.5
    endloop
  endfacet
  facet normal -0.946944 -0.3214 0
    outer loop
      vertex 56.9615 62.5117 17.25
      vertex 56.6672 63.3788 18
      vertex 56.6672 63.3788 17.25
    endloop
  endfacet
  facet normal -0.946944 -0.3214 0
    outer loop
      vertex 56.6672 63.3788 18
      vertex 56.9615 62.5117 17.25
      vertex 56.9615 62.5117 18
    endloop
  endfacet
  facet normal 0.89686 -0.442314 0
    outer loop
      vertex 43.7328 63.3788 18
      vertex 44.1378 64.2 16.5
      vertex 44.1378 64.2 18
    endloop
  endfacet
  facet normal 0.89686 -0.442314 0
    outer loop
      vertex 44.1378 64.2 16.5
      vertex 43.7328 63.3788 18
      vertex 43.7328 63.3788 16.5
    endloop
  endfacet
  facet normal -0.946944 0.3214 0
    outer loop
      vertex 56.6672 58.0212 17.25
      vertex 56.9615 58.8883 18
      vertex 56.9615 58.8883 17.25
    endloop
  endfacet
  facet normal -0.946944 0.3214 0
    outer loop
      vertex 56.9615 58.8883 18
      vertex 56.6672 58.0212 17.25
      vertex 56.6672 58.0212 18
    endloop
  endfacet
  facet normal 0.555582 0.831462 -0
    outer loop
      vertex 46.7 54.6378 16.5
      vertex 45.9387 55.1465 18
      vertex 46.7 54.6378 18
    endloop
  endfacet
  facet normal 0.555582 0.831462 0
    outer loop
      vertex 45.9387 55.1465 18
      vertex 46.7 54.6378 16.5
      vertex 45.9387 55.1465 16.5
    endloop
  endfacet
  facet normal -0.442314 0.89686 0
    outer loop
      vertex 53.7 54.6378 16.5
      vertex 52.8788 54.2328 18
      vertex 53.7 54.6378 18
    endloop
  endfacet
  facet normal -0.442314 0.89686 0
    outer loop
      vertex 52.8788 54.2328 18
      vertex 53.7 54.6378 16.5
      vertex 52.8788 54.2328 16.5
    endloop
  endfacet
  facet normal 0.997858 0.0654172 0
    outer loop
      vertex 43.2599 59.7863 18
      vertex 43.2 60.7 16.5
      vertex 43.2 60.7 18
    endloop
  endfacet
  facet normal 0.997858 0.0654172 0
    outer loop
      vertex 43.2 60.7 16.5
      vertex 43.2599 59.7863 18
      vertex 43.2599 59.7863 16.5
    endloop
  endfacet
  facet normal -0.0654172 -0.997858 0
    outer loop
      vertex 50.2 67.7 16.5
      vertex 51.1137 67.6401 18
      vertex 50.2 67.7 18
    endloop
  endfacet
  facet normal -0.0654172 -0.997858 -0
    outer loop
      vertex 51.1137 67.6401 18
      vertex 50.2 67.7 16.5
      vertex 51.1137 67.6401 16.5
    endloop
  endfacet
  facet normal 0.195066 0.98079 -0
    outer loop
      vertex 49.2863 53.7599 16.5
      vertex 48.3883 53.9385 18
      vertex 49.2863 53.7599 18
    endloop
  endfacet
  facet normal 0.195066 0.98079 0
    outer loop
      vertex 48.3883 53.9385 18
      vertex 49.2863 53.7599 16.5
      vertex 48.3883 53.9385 16.5
    endloop
  endfacet
  facet normal 0.0654172 -0.997858 0
    outer loop
      vertex 49.2863 67.6401 16.5
      vertex 50.2 67.7 18
      vertex 49.2863 67.6401 18
    endloop
  endfacet
  facet normal 0.0654172 -0.997858 0
    outer loop
      vertex 50.2 67.7 18
      vertex 49.2863 67.6401 16.5
      vertex 50.2 67.7 16.5
    endloop
  endfacet
  facet normal 0.946944 -0.3214 0
    outer loop
      vertex 43.4385 62.5117 18
      vertex 43.7328 63.3788 16.5
      vertex 43.7328 63.3788 18
    endloop
  endfacet
  facet normal 0.946944 -0.3214 0
    outer loop
      vertex 43.7328 63.3788 16.5
      vertex 43.4385 62.5117 18
      vertex 43.4385 62.5117 16.5
    endloop
  endfacet
  facet normal 0.751791 0.659401 0
    outer loop
      vertex 45.2503 55.7503 18
      vertex 44.6465 56.4387 16.5
      vertex 44.6465 56.4387 18
    endloop
  endfacet
  facet normal 0.751791 0.659401 0
    outer loop
      vertex 44.6465 56.4387 16.5
      vertex 45.2503 55.7503 18
      vertex 45.2503 55.7503 16.5
    endloop
  endfacet
  facet normal 0.831462 -0.555582 0
    outer loop
      vertex 44.1378 64.2 18
      vertex 44.6465 64.9613 16.5
      vertex 44.6465 64.9613 18
    endloop
  endfacet
  facet normal 0.831462 -0.555582 0
    outer loop
      vertex 44.6465 64.9613 16.5
      vertex 44.1378 64.2 18
      vertex 44.1378 64.2 16.5
    endloop
  endfacet
  facet normal 0.555582 0.831462 -0
    outer loop
      vertex 27.65 38.6378 16.5
      vertex 26.8887 39.1465 18
      vertex 27.65 38.6378 18
    endloop
  endfacet
  facet normal 0.555582 0.831462 0
    outer loop
      vertex 26.8887 39.1465 18
      vertex 27.65 38.6378 16.5
      vertex 26.8887 39.1465 16.5
    endloop
  endfacet
  facet normal -0.89686 0.442314 0
    outer loop
      vertex 37.2122 41.2 16.5
      vertex 37.6172 42.0212 18
      vertex 37.6172 42.0212 16.5
    endloop
  endfacet
  facet normal -0.89686 0.442314 0
    outer loop
      vertex 37.6172 42.0212 18
      vertex 37.2122 41.2 16.5
      vertex 37.2122 41.2 18
    endloop
  endfacet
  facet normal -0.98079 -0.195066 0
    outer loop
      vertex 38.0901 45.6137 16.5
      vertex 37.9115 46.5117 18
      vertex 37.9115 46.5117 16.5
    endloop
  endfacet
  facet normal -0.98079 -0.195066 0
    outer loop
      vertex 37.9115 46.5117 18
      vertex 38.0901 45.6137 16.5
      vertex 38.0901 45.6137 18
    endloop
  endfacet
  facet normal -0.997858 -0.0654172 0
    outer loop
      vertex 38.15 44.7 16.5
      vertex 38.0901 45.6137 18
      vertex 38.0901 45.6137 16.5
    endloop
  endfacet
  facet normal -0.997858 -0.0654172 0
    outer loop
      vertex 38.0901 45.6137 18
      vertex 38.15 44.7 16.5
      vertex 38.15 44.7 18
    endloop
  endfacet
  facet normal -0.0654172 0.997858 0
    outer loop
      vertex 32.0637 37.7599 16.5
      vertex 31.15 37.7 18
      vertex 32.0637 37.7599 18
    endloop
  endfacet
  facet normal -0.0654172 0.997858 0
    outer loop
      vertex 31.15 37.7 18
      vertex 32.0637 37.7599 16.5
      vertex 31.15 37.7 16.5
    endloop
  endfacet
  facet normal 0.555582 -0.831462 0
    outer loop
      vertex 26.8887 50.2535 16.5
      vertex 27.65 50.7622 18
      vertex 26.8887 50.2535 18
    endloop
  endfacet
  facet normal 0.555582 -0.831462 0
    outer loop
      vertex 27.65 50.7622 18
      vertex 26.8887 50.2535 16.5
      vertex 27.65 50.7622 16.5
    endloop
  endfacet
  facet normal -0.831462 -0.555582 0
    outer loop
      vertex 37.2122 48.2 16.5
      vertex 36.7035 48.9613 18
      vertex 36.7035 48.9613 16.5
    endloop
  endfacet
  facet normal -0.831462 -0.555582 0
    outer loop
      vertex 36.7035 48.9613 18
      vertex 37.2122 48.2 16.5
      vertex 37.2122 48.2 18
    endloop
  endfacet
  facet normal -0.442314 -0.89686 0
    outer loop
      vertex 33.8288 51.1672 16.5
      vertex 34.65 50.7622 18
      vertex 33.8288 51.1672 18
    endloop
  endfacet
  facet normal -0.442314 -0.89686 -0
    outer loop
      vertex 34.65 50.7622 18
      vertex 33.8288 51.1672 16.5
      vertex 34.65 50.7622 16.5
    endloop
  endfacet
  facet normal -0.659401 0.751791 0
    outer loop
      vertex 36.0997 39.7503 16.5
      vertex 35.4113 39.1465 18
      vertex 36.0997 39.7503 18
    endloop
  endfacet
  facet normal -0.659401 0.751791 0
    outer loop
      vertex 35.4113 39.1465 18
      vertex 36.0997 39.7503 16.5
      vertex 35.4113 39.1465 16.5
    endloop
  endfacet
  facet normal -0.751791 0.659401 0
    outer loop
      vertex 36.0997 39.7503 16.5
      vertex 36.7035 40.4387 18
      vertex 36.7035 40.4387 16.5
    endloop
  endfacet
  facet normal -0.751791 0.659401 0
    outer loop
      vertex 36.7035 40.4387 18
      vertex 36.0997 39.7503 16.5
      vertex 36.0997 39.7503 18
    endloop
  endfacet
  facet normal -0.89686 -0.442314 0
    outer loop
      vertex 37.6172 47.3788 16.5
      vertex 37.2122 48.2 18
      vertex 37.2122 48.2 16.5
    endloop
  endfacet
  facet normal -0.89686 -0.442314 0
    outer loop
      vertex 37.2122 48.2 18
      vertex 37.6172 47.3788 16.5
      vertex 37.6172 47.3788 18
    endloop
  endfacet
  facet normal 0.442314 0.89686 -0
    outer loop
      vertex 28.4712 38.2328 16.5
      vertex 27.65 38.6378 18
      vertex 28.4712 38.2328 18
    endloop
  endfacet
  facet normal 0.442314 0.89686 0
    outer loop
      vertex 27.65 38.6378 18
      vertex 28.4712 38.2328 16.5
      vertex 27.65 38.6378 16.5
    endloop
  endfacet
  facet normal -0.751791 -0.659401 0
    outer loop
      vertex 36.7035 48.9613 16.5
      vertex 36.0997 49.6497 18
      vertex 36.0997 49.6497 16.5
    endloop
  endfacet
  facet normal -0.751791 -0.659401 0
    outer loop
      vertex 36.0997 49.6497 18
      vertex 36.7035 48.9613 16.5
      vertex 36.7035 48.9613 18
    endloop
  endfacet
  facet normal -0.3214 0.946944 0
    outer loop
      vertex 33.8288 38.2328 16.5
      vertex 32.9617 37.9385 18
      vertex 33.8288 38.2328 18
    endloop
  endfacet
  facet normal -0.3214 0.946944 0
    outer loop
      vertex 32.9617 37.9385 18
      vertex 33.8288 38.2328 16.5
      vertex 32.9617 37.9385 16.5
    endloop
  endfacet
  facet normal 0.751791 -0.659401 0
    outer loop
      vertex 25.5965 48.9613 18
      vertex 26.2003 49.6497 16.5
      vertex 26.2003 49.6497 18
    endloop
  endfacet
  facet normal 0.751791 -0.659401 0
    outer loop
      vertex 26.2003 49.6497 16.5
      vertex 25.5965 48.9613 18
      vertex 25.5965 48.9613 16.5
    endloop
  endfacet
  facet normal 0.442314 -0.89686 0
    outer loop
      vertex 27.65 50.7622 16.5
      vertex 28.4712 51.1672 18
      vertex 27.65 50.7622 18
    endloop
  endfacet
  facet normal 0.442314 -0.89686 0
    outer loop
      vertex 28.4712 51.1672 18
      vertex 27.65 50.7622 16.5
      vertex 28.4712 51.1672 16.5
    endloop
  endfacet
  facet normal -0.831462 0.555582 0
    outer loop
      vertex 36.7035 40.4387 16.5
      vertex 37.2122 41.2 18
      vertex 37.2122 41.2 16.5
    endloop
  endfacet
  facet normal -0.831462 0.555582 0
    outer loop
      vertex 37.2122 41.2 18
      vertex 36.7035 40.4387 16.5
      vertex 36.7035 40.4387 18
    endloop
  endfacet
  facet normal -0.195066 0.98079 0
    outer loop
      vertex 32.9617 37.9385 16.5
      vertex 32.0637 37.7599 18
      vertex 32.9617 37.9385 18
    endloop
  endfacet
  facet normal -0.195066 0.98079 0
    outer loop
      vertex 32.0637 37.7599 18
      vertex 32.9617 37.9385 16.5
      vertex 32.0637 37.7599 16.5
    endloop
  endfacet
  facet normal 0.831462 0.555582 0
    outer loop
      vertex 25.5965 40.4387 18
      vertex 25.0878 41.2 16.5
      vertex 25.0878 41.2 18
    endloop
  endfacet
  facet normal 0.831462 0.555582 0
    outer loop
      vertex 25.0878 41.2 16.5
      vertex 25.5965 40.4387 18
      vertex 25.5965 40.4387 16.5
    endloop
  endfacet
  facet normal 0.946944 -0.3214 0
    outer loop
      vertex 24.3885 46.5117 18
      vertex 24.6828 47.3788 16.5
      vertex 24.6828 47.3788 18
    endloop
  endfacet
  facet normal 0.946944 -0.3214 0
    outer loop
      vertex 24.6828 47.3788 16.5
      vertex 24.3885 46.5117 18
      vertex 24.3885 46.5117 16.5
    endloop
  endfacet
  facet normal -0.442314 0.89686 0
    outer loop
      vertex 34.65 38.6378 16.5
      vertex 33.8288 38.2328 18
      vertex 34.65 38.6378 18
    endloop
  endfacet
  facet normal -0.442314 0.89686 0
    outer loop
      vertex 33.8288 38.2328 18
      vertex 34.65 38.6378 16.5
      vertex 33.8288 38.2328 16.5
    endloop
  endfacet
  facet normal 0.659401 0.751791 -0
    outer loop
      vertex 26.8887 39.1465 16.5
      vertex 26.2003 39.7503 18
      vertex 26.8887 39.1465 18
    endloop
  endfacet
  facet normal 0.659401 0.751791 0
    outer loop
      vertex 26.2003 39.7503 18
      vertex 26.8887 39.1465 16.5
      vertex 26.2003 39.7503 16.5
    endloop
  endfacet
  facet normal -0.997858 0.0654172 0
    outer loop
      vertex 38.0901 43.7863 16.5
      vertex 38.15 44.7 18
      vertex 38.15 44.7 16.5
    endloop
  endfacet
  facet normal -0.997858 0.0654172 0
    outer loop
      vertex 38.15 44.7 18
      vertex 38.0901 43.7863 16.5
      vertex 38.0901 43.7863 18
    endloop
  endfacet
  facet normal -0.3214 -0.946944 0
    outer loop
      vertex 32.9617 51.4615 16.5
      vertex 33.8288 51.1672 18
      vertex 32.9617 51.4615 18
    endloop
  endfacet
  facet normal -0.3214 -0.946944 -0
    outer loop
      vertex 33.8288 51.1672 18
      vertex 32.9617 51.4615 16.5
      vertex 33.8288 51.1672 16.5
    endloop
  endfacet
  facet normal 0.3214 -0.946944 0
    outer loop
      vertex 28.4712 51.1672 16.5
      vertex 29.3383 51.4615 18
      vertex 28.4712 51.1672 18
    endloop
  endfacet
  facet normal 0.3214 -0.946944 0
    outer loop
      vertex 29.3383 51.4615 18
      vertex 28.4712 51.1672 16.5
      vertex 29.3383 51.4615 16.5
    endloop
  endfacet
  facet normal 0.997858 -0.0654172 0
    outer loop
      vertex 24.15 44.7 18
      vertex 24.2099 45.6137 16.5
      vertex 24.2099 45.6137 18
    endloop
  endfacet
  facet normal 0.997858 -0.0654172 0
    outer loop
      vertex 24.2099 45.6137 16.5
      vertex 24.15 44.7 18
      vertex 24.15 44.7 16.5
    endloop
  endfacet
  facet normal -0.946944 -0.3214 0
    outer loop
      vertex 37.9115 46.5117 16.5
      vertex 37.6172 47.3788 18
      vertex 37.6172 47.3788 16.5
    endloop
  endfacet
  facet normal -0.946944 -0.3214 0
    outer loop
      vertex 37.6172 47.3788 18
      vertex 37.9115 46.5117 16.5
      vertex 37.9115 46.5117 18
    endloop
  endfacet
  facet normal 0.659401 -0.751791 0
    outer loop
      vertex 26.2003 49.6497 16.5
      vertex 26.8887 50.2535 18
      vertex 26.2003 49.6497 18
    endloop
  endfacet
  facet normal 0.659401 -0.751791 0
    outer loop
      vertex 26.8887 50.2535 18
      vertex 26.2003 49.6497 16.5
      vertex 26.8887 50.2535 16.5
    endloop
  endfacet
  facet normal -0.195066 -0.98079 0
    outer loop
      vertex 32.0637 51.6401 16.5
      vertex 32.9617 51.4615 18
      vertex 32.0637 51.6401 18
    endloop
  endfacet
  facet normal -0.195066 -0.98079 -0
    outer loop
      vertex 32.9617 51.4615 18
      vertex 32.0637 51.6401 16.5
      vertex 32.9617 51.4615 16.5
    endloop
  endfacet
  facet normal 0.3214 0.946944 -0
    outer loop
      vertex 29.3383 37.9385 16.5
      vertex 28.4712 38.2328 18
      vertex 29.3383 37.9385 18
    endloop
  endfacet
  facet normal 0.3214 0.946944 0
    outer loop
      vertex 28.4712 38.2328 18
      vertex 29.3383 37.9385 16.5
      vertex 28.4712 38.2328 16.5
    endloop
  endfacet
  facet normal -0.555582 -0.831462 0
    outer loop
      vertex 34.65 50.7622 16.5
      vertex 35.4113 50.2535 18
      vertex 34.65 50.7622 18
    endloop
  endfacet
  facet normal -0.555582 -0.831462 -0
    outer loop
      vertex 35.4113 50.2535 18
      vertex 34.65 50.7622 16.5
      vertex 35.4113 50.2535 16.5
    endloop
  endfacet
  facet normal 0.751791 0.659401 0
    outer loop
      vertex 26.2003 39.7503 18
      vertex 25.5965 40.4387 16.5
      vertex 25.5965 40.4387 18
    endloop
  endfacet
  facet normal 0.751791 0.659401 0
    outer loop
      vertex 25.5965 40.4387 16.5
      vertex 26.2003 39.7503 18
      vertex 26.2003 39.7503 16.5
    endloop
  endfacet
  facet normal 0.98079 0.195066 0
    outer loop
      vertex 24.3885 42.8883 18
      vertex 24.2099 43.7863 16.5
      vertex 24.2099 43.7863 18
    endloop
  endfacet
  facet normal 0.98079 0.195066 0
    outer loop
      vertex 24.2099 43.7863 16.5
      vertex 24.3885 42.8883 18
      vertex 24.3885 42.8883 16.5
    endloop
  endfacet
  facet normal 0.98079 -0.195066 0
    outer loop
      vertex 24.2099 45.6137 18
      vertex 24.3885 46.5117 16.5
      vertex 24.3885 46.5117 18
    endloop
  endfacet
  facet normal 0.98079 -0.195066 0
    outer loop
      vertex 24.3885 46.5117 16.5
      vertex 24.2099 45.6137 18
      vertex 24.2099 45.6137 16.5
    endloop
  endfacet
  facet normal 0.195066 0.98079 -0
    outer loop
      vertex 30.2363 37.7599 16.5
      vertex 29.3383 37.9385 18
      vertex 30.2363 37.7599 18
    endloop
  endfacet
  facet normal 0.195066 0.98079 0
    outer loop
      vertex 29.3383 37.9385 18
      vertex 30.2363 37.7599 16.5
      vertex 29.3383 37.9385 16.5
    endloop
  endfacet
  facet normal -0.946944 0.3214 0
    outer loop
      vertex 37.6172 42.0212 16.5
      vertex 37.9115 42.8883 18
      vertex 37.9115 42.8883 16.5
    endloop
  endfacet
  facet normal -0.946944 0.3214 0
    outer loop
      vertex 37.9115 42.8883 18
      vertex 37.6172 42.0212 16.5
      vertex 37.6172 42.0212 18
    endloop
  endfacet
  facet normal -0.98079 0.195066 0
    outer loop
      vertex 37.9115 42.8883 16.5
      vertex 38.0901 43.7863 18
      vertex 38.0901 43.7863 16.5
    endloop
  endfacet
  facet normal -0.98079 0.195066 0
    outer loop
      vertex 38.0901 43.7863 18
      vertex 37.9115 42.8883 16.5
      vertex 37.9115 42.8883 18
    endloop
  endfacet
  facet normal 0.195066 -0.98079 0
    outer loop
      vertex 29.3383 51.4615 16.5
      vertex 30.2363 51.6401 18
      vertex 29.3383 51.4615 18
    endloop
  endfacet
  facet normal 0.195066 -0.98079 0
    outer loop
      vertex 30.2363 51.6401 18
      vertex 29.3383 51.4615 16.5
      vertex 30.2363 51.6401 16.5
    endloop
  endfacet
  facet normal 0.997858 0.0654172 0
    outer loop
      vertex 24.2099 43.7863 18
      vertex 24.15 44.7 16.5
      vertex 24.15 44.7 18
    endloop
  endfacet
  facet normal 0.997858 0.0654172 0
    outer loop
      vertex 24.15 44.7 16.5
      vertex 24.2099 43.7863 18
      vertex 24.2099 43.7863 16.5
    endloop
  endfacet
  facet normal 0.89686 0.442314 0
    outer loop
      vertex 25.0878 41.2 18
      vertex 24.6828 42.0212 16.5
      vertex 24.6828 42.0212 18
    endloop
  endfacet
  facet normal 0.89686 0.442314 0
    outer loop
      vertex 24.6828 42.0212 16.5
      vertex 25.0878 41.2 18
      vertex 25.0878 41.2 16.5
    endloop
  endfacet
  facet normal 0.946944 0.3214 0
    outer loop
      vertex 24.6828 42.0212 18
      vertex 24.3885 42.8883 16.5
      vertex 24.3885 42.8883 18
    endloop
  endfacet
  facet normal 0.946944 0.3214 0
    outer loop
      vertex 24.3885 42.8883 16.5
      vertex 24.6828 42.0212 18
      vertex 24.6828 42.0212 16.5
    endloop
  endfacet
  facet normal -0.0654172 -0.997858 0
    outer loop
      vertex 31.15 51.7 16.5
      vertex 32.0637 51.6401 18
      vertex 31.15 51.7 18
    endloop
  endfacet
  facet normal -0.0654172 -0.997858 -0
    outer loop
      vertex 32.0637 51.6401 18
      vertex 31.15 51.7 16.5
      vertex 32.0637 51.6401 16.5
    endloop
  endfacet
  facet normal -0.659401 -0.751791 0
    outer loop
      vertex 35.4113 50.2535 16.5
      vertex 36.0997 49.6497 18
      vertex 35.4113 50.2535 18
    endloop
  endfacet
  facet normal -0.659401 -0.751791 -0
    outer loop
      vertex 36.0997 49.6497 18
      vertex 35.4113 50.2535 16.5
      vertex 36.0997 49.6497 16.5
    endloop
  endfacet
  facet normal 0.0654172 -0.997858 0
    outer loop
      vertex 30.2363 51.6401 16.5
      vertex 31.15 51.7 18
      vertex 30.2363 51.6401 18
    endloop
  endfacet
  facet normal 0.0654172 -0.997858 0
    outer loop
      vertex 31.15 51.7 18
      vertex 30.2363 51.6401 16.5
      vertex 31.15 51.7 16.5
    endloop
  endfacet
  facet normal -0.555582 0.831462 0
    outer loop
      vertex 35.4113 39.1465 16.5
      vertex 34.65 38.6378 18
      vertex 35.4113 39.1465 18
    endloop
  endfacet
  facet normal -0.555582 0.831462 0
    outer loop
      vertex 34.65 38.6378 18
      vertex 35.4113 39.1465 16.5
      vertex 34.65 38.6378 16.5
    endloop
  endfacet
  facet normal 0.89686 -0.442314 0
    outer loop
      vertex 24.6828 47.3788 18
      vertex 25.0878 48.2 16.5
      vertex 25.0878 48.2 18
    endloop
  endfacet
  facet normal 0.89686 -0.442314 0
    outer loop
      vertex 25.0878 48.2 16.5
      vertex 24.6828 47.3788 18
      vertex 24.6828 47.3788 16.5
    endloop
  endfacet
  facet normal 0.831462 -0.555582 0
    outer loop
      vertex 25.0878 48.2 18
      vertex 25.5965 48.9613 16.5
      vertex 25.5965 48.9613 18
    endloop
  endfacet
  facet normal 0.831462 -0.555582 0
    outer loop
      vertex 25.5965 48.9613 16.5
      vertex 25.0878 48.2 18
      vertex 25.0878 48.2 16.5
    endloop
  endfacet
  facet normal 0.0654172 0.997858 -0
    outer loop
      vertex 31.15 37.7 16.5
      vertex 30.2363 37.7599 18
      vertex 31.15 37.7 18
    endloop
  endfacet
  facet normal 0.0654172 0.997858 0
    outer loop
      vertex 30.2363 37.7599 18
      vertex 31.15 37.7 16.5
      vertex 30.2363 37.7599 16.5
    endloop
  endfacet
  facet normal -0.195066 0.98079 0
    outer loop
      vertex 52.0117 37.9385 16.5
      vertex 51.1137 37.7599 18
      vertex 52.0117 37.9385 18
    endloop
  endfacet
  facet normal -0.195066 0.98079 0
    outer loop
      vertex 51.1137 37.7599 18
      vertex 52.0117 37.9385 16.5
      vertex 51.1137 37.7599 16.5
    endloop
  endfacet
  facet normal -0.98079 -0.195066 0
    outer loop
      vertex 57.1401 45.6137 16.5
      vertex 56.9615 46.5117 18
      vertex 56.9615 46.5117 16.5
    endloop
  endfacet
  facet normal -0.98079 -0.195066 0
    outer loop
      vertex 56.9615 46.5117 18
      vertex 57.1401 45.6137 16.5
      vertex 57.1401 45.6137 18
    endloop
  endfacet
  facet normal -0.997858 -0.0654172 0
    outer loop
      vertex 57.2 44.7 16.5
      vertex 57.1401 45.6137 18
      vertex 57.1401 45.6137 16.5
    endloop
  endfacet
  facet normal -0.997858 -0.0654172 0
    outer loop
      vertex 57.1401 45.6137 18
      vertex 57.2 44.7 16.5
      vertex 57.2 44.7 18
    endloop
  endfacet
  facet normal 0.98079 -0.195066 0
    outer loop
      vertex 43.2599 45.6137 18
      vertex 43.4385 46.5117 16.5
      vertex 43.4385 46.5117 18
    endloop
  endfacet
  facet normal 0.98079 -0.195066 0
    outer loop
      vertex 43.4385 46.5117 16.5
      vertex 43.2599 45.6137 18
      vertex 43.2599 45.6137 16.5
    endloop
  endfacet
  facet normal 0.659401 -0.751791 0
    outer loop
      vertex 45.2503 49.6497 16.5
      vertex 45.9387 50.2535 18
      vertex 45.2503 49.6497 18
    endloop
  endfacet
  facet normal 0.659401 -0.751791 0
    outer loop
      vertex 45.9387 50.2535 18
      vertex 45.2503 49.6497 16.5
      vertex 45.9387 50.2535 16.5
    endloop
  endfacet
  facet normal -0.831462 -0.555582 0
    outer loop
      vertex 56.2622 48.2 16.5
      vertex 55.7535 48.9613 18
      vertex 55.7535 48.9613 16.5
    endloop
  endfacet
  facet normal -0.831462 -0.555582 0
    outer loop
      vertex 55.7535 48.9613 18
      vertex 56.2622 48.2 16.5
      vertex 56.2622 48.2 18
    endloop
  endfacet
  facet normal -0.0654172 0.997858 0
    outer loop
      vertex 51.1137 37.7599 16.5
      vertex 50.2 37.7 18
      vertex 51.1137 37.7599 18
    endloop
  endfacet
  facet normal -0.0654172 0.997858 0
    outer loop
      vertex 50.2 37.7 18
      vertex 51.1137 37.7599 16.5
      vertex 50.2 37.7 16.5
    endloop
  endfacet
  facet normal -0.89686 -0.442314 0
    outer loop
      vertex 56.6672 47.3788 16.5
      vertex 56.2622 48.2 18
      vertex 56.2622 48.2 16.5
    endloop
  endfacet
  facet normal -0.89686 -0.442314 0
    outer loop
      vertex 56.2622 48.2 18
      vertex 56.6672 47.3788 16.5
      vertex 56.6672 47.3788 18
    endloop
  endfacet
  facet normal 0.442314 -0.89686 0
    outer loop
      vertex 46.7 50.7622 16.5
      vertex 47.5212 51.1672 18
      vertex 46.7 50.7622 18
    endloop
  endfacet
  facet normal 0.442314 -0.89686 0
    outer loop
      vertex 47.5212 51.1672 18
      vertex 46.7 50.7622 16.5
      vertex 47.5212 51.1672 16.5
    endloop
  endfacet
  facet normal -0.555582 0.831462 0
    outer loop
      vertex 54.4613 39.1465 16.5
      vertex 53.7 38.6378 18
      vertex 54.4613 39.1465 18
    endloop
  endfacet
  facet normal -0.555582 0.831462 0
    outer loop
      vertex 53.7 38.6378 18
      vertex 54.4613 39.1465 16.5
      vertex 53.7 38.6378 16.5
    endloop
  endfacet
  facet normal 0.0654172 0.997858 -0
    outer loop
      vertex 50.2 37.7 16.5
      vertex 49.2863 37.7599 18
      vertex 50.2 37.7 18
    endloop
  endfacet
  facet normal 0.0654172 0.997858 0
    outer loop
      vertex 49.2863 37.7599 18
      vertex 50.2 37.7 16.5
      vertex 49.2863 37.7599 16.5
    endloop
  endfacet
  facet normal 0.89686 0.442314 0
    outer loop
      vertex 44.1378 41.2 18
      vertex 43.7328 42.0212 16.5
      vertex 43.7328 42.0212 18
    endloop
  endfacet
  facet normal 0.89686 0.442314 0
    outer loop
      vertex 43.7328 42.0212 16.5
      vertex 44.1378 41.2 18
      vertex 44.1378 41.2 16.5
    endloop
  endfacet
  facet normal 0.442314 0.89686 -0
    outer loop
      vertex 47.5212 38.2328 16.5
      vertex 46.7 38.6378 18
      vertex 47.5212 38.2328 18
    endloop
  endfacet
  facet normal 0.442314 0.89686 0
    outer loop
      vertex 46.7 38.6378 18
      vertex 47.5212 38.2328 16.5
      vertex 46.7 38.6378 16.5
    endloop
  endfacet
  facet normal -0.98079 0.195066 0
    outer loop
      vertex 56.9615 42.8883 16.5
      vertex 57.1401 43.7863 18
      vertex 57.1401 43.7863 16.5
    endloop
  endfacet
  facet normal -0.98079 0.195066 0
    outer loop
      vertex 57.1401 43.7863 18
      vertex 56.9615 42.8883 16.5
      vertex 56.9615 42.8883 18
    endloop
  endfacet
  facet normal 0.3214 -0.946944 0
    outer loop
      vertex 47.5212 51.1672 16.5
      vertex 48.3883 51.4615 18
      vertex 47.5212 51.1672 18
    endloop
  endfacet
  facet normal 0.3214 -0.946944 0
    outer loop
      vertex 48.3883 51.4615 18
      vertex 47.5212 51.1672 16.5
      vertex 48.3883 51.4615 16.5
    endloop
  endfacet
  facet normal -0.3214 0.946944 0
    outer loop
      vertex 52.8788 38.2328 16.5
      vertex 52.0117 37.9385 18
      vertex 52.8788 38.2328 18
    endloop
  endfacet
  facet normal -0.3214 0.946944 0
    outer loop
      vertex 52.0117 37.9385 18
      vertex 52.8788 38.2328 16.5
      vertex 52.0117 37.9385 16.5
    endloop
  endfacet
  facet normal 0.195066 -0.98079 0
    outer loop
      vertex 48.3883 51.4615 16.5
      vertex 49.2863 51.6401 18
      vertex 48.3883 51.4615 18
    endloop
  endfacet
  facet normal 0.195066 -0.98079 0
    outer loop
      vertex 49.2863 51.6401 18
      vertex 48.3883 51.4615 16.5
      vertex 49.2863 51.6401 16.5
    endloop
  endfacet
  facet normal 0.659401 0.751791 -0
    outer loop
      vertex 45.9387 39.1465 16.5
      vertex 45.2503 39.7503 18
      vertex 45.9387 39.1465 18
    endloop
  endfacet
  facet normal 0.659401 0.751791 0
    outer loop
      vertex 45.2503 39.7503 18
      vertex 45.9387 39.1465 16.5
      vertex 45.2503 39.7503 16.5
    endloop
  endfacet
  facet normal -0.751791 -0.659401 0
    outer loop
      vertex 55.7535 48.9613 16.5
      vertex 55.1497 49.6497 18
      vertex 55.1497 49.6497 16.5
    endloop
  endfacet
  facet normal -0.751791 -0.659401 0
    outer loop
      vertex 55.1497 49.6497 18
      vertex 55.7535 48.9613 16.5
      vertex 55.7535 48.9613 18
    endloop
  endfacet
  facet normal -0.751791 0.659401 0
    outer loop
      vertex 55.1497 39.7503 16.5
      vertex 55.7535 40.4387 18
      vertex 55.7535 40.4387 16.5
    endloop
  endfacet
  facet normal -0.751791 0.659401 0
    outer loop
      vertex 55.7535 40.4387 18
      vertex 55.1497 39.7503 16.5
      vertex 55.1497 39.7503 18
    endloop
  endfacet
  facet normal -0.997858 0.0654172 0
    outer loop
      vertex 57.1401 43.7863 16.5
      vertex 57.2 44.7 18
      vertex 57.2 44.7 16.5
    endloop
  endfacet
  facet normal -0.997858 0.0654172 0
    outer loop
      vertex 57.2 44.7 18
      vertex 57.1401 43.7863 16.5
      vertex 57.1401 43.7863 18
    endloop
  endfacet
  facet normal -0.442314 -0.89686 0
    outer loop
      vertex 52.8788 51.1672 16.5
      vertex 53.7 50.7622 18
      vertex 52.8788 51.1672 18
    endloop
  endfacet
  facet normal -0.442314 -0.89686 -0
    outer loop
      vertex 53.7 50.7622 18
      vertex 52.8788 51.1672 16.5
      vertex 53.7 50.7622 16.5
    endloop
  endfacet
  facet normal -0.659401 0.751791 0
    outer loop
      vertex 55.1497 39.7503 16.5
      vertex 54.4613 39.1465 18
      vertex 55.1497 39.7503 18
    endloop
  endfacet
  facet normal -0.659401 0.751791 0
    outer loop
      vertex 54.4613 39.1465 18
      vertex 55.1497 39.7503 16.5
      vertex 54.4613 39.1465 16.5
    endloop
  endfacet
  facet normal 0.555582 -0.831462 0
    outer loop
      vertex 45.9387 50.2535 16.5
      vertex 46.7 50.7622 18
      vertex 45.9387 50.2535 18
    endloop
  endfacet
  facet normal 0.555582 -0.831462 0
    outer loop
      vertex 46.7 50.7622 18
      vertex 45.9387 50.2535 16.5
      vertex 46.7 50.7622 16.5
    endloop
  endfacet
  facet normal 0.946944 0.3214 0
    outer loop
      vertex 43.7328 42.0212 18
      vertex 43.4385 42.8883 16.5
      vertex 43.4385 42.8883 18
    endloop
  endfacet
  facet normal 0.946944 0.3214 0
    outer loop
      vertex 43.4385 42.8883 16.5
      vertex 43.7328 42.0212 18
      vertex 43.7328 42.0212 16.5
    endloop
  endfacet
  facet normal -0.659401 -0.751791 0
    outer loop
      vertex 54.4613 50.2535 16.5
      vertex 55.1497 49.6497 18
      vertex 54.4613 50.2535 18
    endloop
  endfacet
  facet normal -0.659401 -0.751791 -0
    outer loop
      vertex 55.1497 49.6497 18
      vertex 54.4613 50.2535 16.5
      vertex 55.1497 49.6497 16.5
    endloop
  endfacet
  facet normal -0.3214 -0.946944 0
    outer loop
      vertex 52.0117 51.4615 16.5
      vertex 52.8788 51.1672 18
      vertex 52.0117 51.4615 18
    endloop
  endfacet
  facet normal -0.3214 -0.946944 -0
    outer loop
      vertex 52.8788 51.1672 18
      vertex 52.0117 51.4615 16.5
      vertex 52.8788 51.1672 16.5
    endloop
  endfacet
  facet normal -0.946944 0.3214 0
    outer loop
      vertex 56.6672 42.0212 16.5
      vertex 56.9615 42.8883 18
      vertex 56.9615 42.8883 16.5
    endloop
  endfacet
  facet normal -0.946944 0.3214 0
    outer loop
      vertex 56.9615 42.8883 18
      vertex 56.6672 42.0212 16.5
      vertex 56.6672 42.0212 18
    endloop
  endfacet
  facet normal 0.997858 -0.0654172 0
    outer loop
      vertex 43.2 44.7 18
      vertex 43.2599 45.6137 16.5
      vertex 43.2599 45.6137 18
    endloop
  endfacet
  facet normal 0.997858 -0.0654172 0
    outer loop
      vertex 43.2599 45.6137 16.5
      vertex 43.2 44.7 18
      vertex 43.2 44.7 16.5
    endloop
  endfacet
  facet normal 0.3214 0.946944 -0
    outer loop
      vertex 48.3883 37.9385 16.5
      vertex 47.5212 38.2328 18
      vertex 48.3883 37.9385 18
    endloop
  endfacet
  facet normal 0.3214 0.946944 0
    outer loop
      vertex 47.5212 38.2328 18
      vertex 48.3883 37.9385 16.5
      vertex 47.5212 38.2328 16.5
    endloop
  endfacet
  facet normal -0.555582 -0.831462 0
    outer loop
      vertex 53.7 50.7622 16.5
      vertex 54.4613 50.2535 18
      vertex 53.7 50.7622 18
    endloop
  endfacet
  facet normal -0.555582 -0.831462 -0
    outer loop
      vertex 54.4613 50.2535 18
      vertex 53.7 50.7622 16.5
      vertex 54.4613 50.2535 16.5
    endloop
  endfacet
  facet normal -0.831462 0.555582 0
    outer loop
      vertex 55.7535 40.4387 16.5
      vertex 56.2622 41.2 18
      vertex 56.2622 41.2 16.5
    endloop
  endfacet
  facet normal -0.831462 0.555582 0
    outer loop
      vertex 56.2622 41.2 18
      vertex 55.7535 40.4387 16.5
      vertex 55.7535 40.4387 18
    endloop
  endfacet
  facet normal -0.89686 0.442314 0
    outer loop
      vertex 56.2622 41.2 16.5
      vertex 56.6672 42.0212 18
      vertex 56.6672 42.0212 16.5
    endloop
  endfacet
  facet normal -0.89686 0.442314 0
    outer loop
      vertex 56.6672 42.0212 18
      vertex 56.2622 41.2 16.5
      vertex 56.2622 41.2 18
    endloop
  endfacet
  facet normal 0.98079 0.195066 0
    outer loop
      vertex 43.4385 42.8883 18
      vertex 43.2599 43.7863 16.5
      vertex 43.2599 43.7863 18
    endloop
  endfacet
  facet normal 0.98079 0.195066 0
    outer loop
      vertex 43.2599 43.7863 16.5
      vertex 43.4385 42.8883 18
      vertex 43.4385 42.8883 16.5
    endloop
  endfacet
  facet normal 0.831462 -0.555582 0
    outer loop
      vertex 44.1378 48.2 18
      vertex 44.6465 48.9613 16.5
      vertex 44.6465 48.9613 18
    endloop
  endfacet
  facet normal 0.831462 -0.555582 0
    outer loop
      vertex 44.6465 48.9613 16.5
      vertex 44.1378 48.2 18
      vertex 44.1378 48.2 16.5
    endloop
  endfacet
  facet normal -0.195066 -0.98079 0
    outer loop
      vertex 51.1137 51.6401 16.5
      vertex 52.0117 51.4615 18
      vertex 51.1137 51.6401 18
    endloop
  endfacet
  facet normal -0.195066 -0.98079 -0
    outer loop
      vertex 52.0117 51.4615 18
      vertex 51.1137 51.6401 16.5
      vertex 52.0117 51.4615 16.5
    endloop
  endfacet
  facet normal 0.831462 0.555582 0
    outer loop
      vertex 44.6465 40.4387 18
      vertex 44.1378 41.2 16.5
      vertex 44.1378 41.2 18
    endloop
  endfacet
  facet normal 0.831462 0.555582 0
    outer loop
      vertex 44.1378 41.2 16.5
      vertex 44.6465 40.4387 18
      vertex 44.6465 40.4387 16.5
    endloop
  endfacet
  facet normal 0.751791 -0.659401 0
    outer loop
      vertex 44.6465 48.9613 18
      vertex 45.2503 49.6497 16.5
      vertex 45.2503 49.6497 18
    endloop
  endfacet
  facet normal 0.751791 -0.659401 0
    outer loop
      vertex 45.2503 49.6497 16.5
      vertex 44.6465 48.9613 18
      vertex 44.6465 48.9613 16.5
    endloop
  endfacet
  facet normal -0.946944 -0.3214 0
    outer loop
      vertex 56.9615 46.5117 16.5
      vertex 56.6672 47.3788 18
      vertex 56.6672 47.3788 16.5
    endloop
  endfacet
  facet normal -0.946944 -0.3214 0
    outer loop
      vertex 56.6672 47.3788 18
      vertex 56.9615 46.5117 16.5
      vertex 56.9615 46.5117 18
    endloop
  endfacet
  facet normal 0.89686 -0.442314 0
    outer loop
      vertex 43.7328 47.3788 18
      vertex 44.1378 48.2 16.5
      vertex 44.1378 48.2 18
    endloop
  endfacet
  facet normal 0.89686 -0.442314 0
    outer loop
      vertex 44.1378 48.2 16.5
      vertex 43.7328 47.3788 18
      vertex 43.7328 47.3788 16.5
    endloop
  endfacet
  facet normal 0.555582 0.831462 -0
    outer loop
      vertex 46.7 38.6378 16.5
      vertex 45.9387 39.1465 18
      vertex 46.7 38.6378 18
    endloop
  endfacet
  facet normal 0.555582 0.831462 0
    outer loop
      vertex 45.9387 39.1465 18
      vertex 46.7 38.6378 16.5
      vertex 45.9387 39.1465 16.5
    endloop
  endfacet
  facet normal -0.442314 0.89686 0
    outer loop
      vertex 53.7 38.6378 16.5
      vertex 52.8788 38.2328 18
      vertex 53.7 38.6378 18
    endloop
  endfacet
  facet normal -0.442314 0.89686 0
    outer loop
      vertex 52.8788 38.2328 18
      vertex 53.7 38.6378 16.5
      vertex 52.8788 38.2328 16.5
    endloop
  endfacet
  facet normal 0.997858 0.0654172 0
    outer loop
      vertex 43.2599 43.7863 18
      vertex 43.2 44.7 16.5
      vertex 43.2 44.7 18
    endloop
  endfacet
  facet normal 0.997858 0.0654172 0
    outer loop
      vertex 43.2 44.7 16.5
      vertex 43.2599 43.7863 18
      vertex 43.2599 43.7863 16.5
    endloop
  endfacet
  facet normal 0.0654172 -0.997858 0
    outer loop
      vertex 49.2863 51.6401 16.5
      vertex 50.2 51.7 18
      vertex 49.2863 51.6401 18
    endloop
  endfacet
  facet normal 0.0654172 -0.997858 0
    outer loop
      vertex 50.2 51.7 18
      vertex 49.2863 51.6401 16.5
      vertex 50.2 51.7 16.5
    endloop
  endfacet
  facet normal -0.0654172 -0.997858 0
    outer loop
      vertex 50.2 51.7 16.5
      vertex 51.1137 51.6401 18
      vertex 50.2 51.7 18
    endloop
  endfacet
  facet normal -0.0654172 -0.997858 -0
    outer loop
      vertex 51.1137 51.6401 18
      vertex 50.2 51.7 16.5
      vertex 51.1137 51.6401 16.5
    endloop
  endfacet
  facet normal 0.195066 0.98079 -0
    outer loop
      vertex 49.2863 37.7599 16.5
      vertex 48.3883 37.9385 18
      vertex 49.2863 37.7599 18
    endloop
  endfacet
  facet normal 0.195066 0.98079 0
    outer loop
      vertex 48.3883 37.9385 18
      vertex 49.2863 37.7599 16.5
      vertex 48.3883 37.9385 16.5
    endloop
  endfacet
  facet normal 0.946944 -0.3214 0
    outer loop
      vertex 43.4385 46.5117 18
      vertex 43.7328 47.3788 16.5
      vertex 43.7328 47.3788 18
    endloop
  endfacet
  facet normal 0.946944 -0.3214 0
    outer loop
      vertex 43.7328 47.3788 16.5
      vertex 43.4385 46.5117 18
      vertex 43.4385 46.5117 16.5
    endloop
  endfacet
  facet normal 0.751791 0.659401 0
    outer loop
      vertex 45.2503 39.7503 18
      vertex 44.6465 40.4387 16.5
      vertex 44.6465 40.4387 18
    endloop
  endfacet
  facet normal 0.751791 0.659401 0
    outer loop
      vertex 44.6465 40.4387 16.5
      vertex 45.2503 39.7503 18
      vertex 45.2503 39.7503 16.5
    endloop
  endfacet
  facet normal -0.98079 -0.195066 0
    outer loop
      vertex 76.1901 45.6137 16.5
      vertex 76.0115 46.5117 18
      vertex 76.0115 46.5117 16.5
    endloop
  endfacet
  facet normal -0.98079 -0.195066 0
    outer loop
      vertex 76.0115 46.5117 18
      vertex 76.1901 45.6137 16.5
      vertex 76.1901 45.6137 18
    endloop
  endfacet
  facet normal -0.997858 -0.0654172 0
    outer loop
      vertex 76.25 44.7 16.5
      vertex 76.1901 45.6137 18
      vertex 76.1901 45.6137 16.5
    endloop
  endfacet
  facet normal -0.997858 -0.0654172 0
    outer loop
      vertex 76.1901 45.6137 18
      vertex 76.25 44.7 16.5
      vertex 76.25 44.7 18
    endloop
  endfacet
  facet normal 0.997858 -0.0654172 0
    outer loop
      vertex 62.25 44.7 18
      vertex 62.3099 45.6137 16.5
      vertex 62.3099 45.6137 18
    endloop
  endfacet
  facet normal 0.997858 -0.0654172 0
    outer loop
      vertex 62.3099 45.6137 16.5
      vertex 62.25 44.7 18
      vertex 62.25 44.7 16.5
    endloop
  endfacet
  facet normal 0.195066 -0.98079 0
    outer loop
      vertex 67.4383 51.4615 16.5
      vertex 68.3363 51.6401 18
      vertex 67.4383 51.4615 18
    endloop
  endfacet
  facet normal 0.195066 -0.98079 0
    outer loop
      vertex 68.3363 51.6401 18
      vertex 67.4383 51.4615 16.5
      vertex 68.3363 51.6401 16.5
    endloop
  endfacet
  facet normal -0.659401 -0.751791 0
    outer loop
      vertex 73.5113 50.2535 16.5
      vertex 74.1997 49.6497 18
      vertex 73.5113 50.2535 18
    endloop
  endfacet
  facet normal -0.659401 -0.751791 -0
    outer loop
      vertex 74.1997 49.6497 18
      vertex 73.5113 50.2535 16.5
      vertex 74.1997 49.6497 16.5
    endloop
  endfacet
  facet normal -0.0654172 0.997858 0
    outer loop
      vertex 70.1637 37.7599 16.5
      vertex 69.25 37.7 18
      vertex 70.1637 37.7599 18
    endloop
  endfacet
  facet normal -0.0654172 0.997858 0
    outer loop
      vertex 69.25 37.7 18
      vertex 70.1637 37.7599 16.5
      vertex 69.25 37.7 16.5
    endloop
  endfacet
  facet normal -0.89686 0.442314 0
    outer loop
      vertex 75.3122 41.2 16.5
      vertex 75.7172 42.0212 18
      vertex 75.7172 42.0212 16.5
    endloop
  endfacet
  facet normal -0.89686 0.442314 0
    outer loop
      vertex 75.7172 42.0212 18
      vertex 75.3122 41.2 16.5
      vertex 75.3122 41.2 18
    endloop
  endfacet
  facet normal -0.195066 0.98079 0
    outer loop
      vertex 71.0617 37.9385 16.5
      vertex 70.1637 37.7599 18
      vertex 71.0617 37.9385 18
    endloop
  endfacet
  facet normal -0.195066 0.98079 0
    outer loop
      vertex 70.1637 37.7599 18
      vertex 71.0617 37.9385 16.5
      vertex 70.1637 37.7599 16.5
    endloop
  endfacet
  facet normal -0.555582 0.831462 0
    outer loop
      vertex 73.5113 39.1465 16.5
      vertex 72.75 38.6378 18
      vertex 73.5113 39.1465 18
    endloop
  endfacet
  facet normal -0.555582 0.831462 0
    outer loop
      vertex 72.75 38.6378 18
      vertex 73.5113 39.1465 16.5
      vertex 72.75 38.6378 16.5
    endloop
  endfacet
  facet normal -0.997858 0.0654172 0
    outer loop
      vertex 76.1901 43.7863 16.5
      vertex 76.25 44.7 18
      vertex 76.25 44.7 16.5
    endloop
  endfacet
  facet normal -0.997858 0.0654172 0
    outer loop
      vertex 76.25 44.7 18
      vertex 76.1901 43.7863 16.5
      vertex 76.1901 43.7863 18
    endloop
  endfacet
  facet normal -0.831462 -0.555582 0
    outer loop
      vertex 75.3122 48.2 16.5
      vertex 74.8035 48.9613 18
      vertex 74.8035 48.9613 16.5
    endloop
  endfacet
  facet normal -0.831462 -0.555582 0
    outer loop
      vertex 74.8035 48.9613 18
      vertex 75.3122 48.2 16.5
      vertex 75.3122 48.2 18
    endloop
  endfacet
  facet normal -0.831462 0.555582 0
    outer loop
      vertex 74.8035 40.4387 16.5
      vertex 75.3122 41.2 18
      vertex 75.3122 41.2 16.5
    endloop
  endfacet
  facet normal -0.831462 0.555582 0
    outer loop
      vertex 75.3122 41.2 18
      vertex 74.8035 40.4387 16.5
      vertex 74.8035 40.4387 18
    endloop
  endfacet
  facet normal -0.442314 -0.89686 0
    outer loop
      vertex 71.9288 51.1672 16.5
      vertex 72.75 50.7622 18
      vertex 71.9288 51.1672 18
    endloop
  endfacet
  facet normal -0.442314 -0.89686 -0
    outer loop
      vertex 72.75 50.7622 18
      vertex 71.9288 51.1672 16.5
      vertex 72.75 50.7622 16.5
    endloop
  endfacet
  facet normal -0.659401 0.751791 0
    outer loop
      vertex 74.1997 39.7503 16.5
      vertex 73.5113 39.1465 18
      vertex 74.1997 39.7503 18
    endloop
  endfacet
  facet normal -0.659401 0.751791 0
    outer loop
      vertex 73.5113 39.1465 18
      vertex 74.1997 39.7503 16.5
      vertex 73.5113 39.1465 16.5
    endloop
  endfacet
  facet normal 0.0654172 -0.997858 0
    outer loop
      vertex 68.3363 51.6401 16.5
      vertex 69.25 51.7 18
      vertex 68.3363 51.6401 18
    endloop
  endfacet
  facet normal 0.0654172 -0.997858 0
    outer loop
      vertex 69.25 51.7 18
      vertex 68.3363 51.6401 16.5
      vertex 69.25 51.7 16.5
    endloop
  endfacet
  facet normal 0.555582 -0.831462 0
    outer loop
      vertex 64.9887 50.2535 16.5
      vertex 65.75 50.7622 18
      vertex 64.9887 50.2535 18
    endloop
  endfacet
  facet normal 0.555582 -0.831462 0
    outer loop
      vertex 65.75 50.7622 18
      vertex 64.9887 50.2535 16.5
      vertex 65.75 50.7622 16.5
    endloop
  endfacet
  facet normal 0.751791 0.659401 0
    outer loop
      vertex 64.3003 39.7503 18
      vertex 63.6965 40.4387 16.5
      vertex 63.6965 40.4387 18
    endloop
  endfacet
  facet normal 0.751791 0.659401 0
    outer loop
      vertex 63.6965 40.4387 16.5
      vertex 64.3003 39.7503 18
      vertex 64.3003 39.7503 16.5
    endloop
  endfacet
  facet normal 0.659401 -0.751791 0
    outer loop
      vertex 64.3003 49.6497 16.5
      vertex 64.9887 50.2535 18
      vertex 64.3003 49.6497 18
    endloop
  endfacet
  facet normal 0.659401 -0.751791 0
    outer loop
      vertex 64.9887 50.2535 18
      vertex 64.3003 49.6497 16.5
      vertex 64.9887 50.2535 16.5
    endloop
  endfacet
  facet normal -0.751791 0.659401 0
    outer loop
      vertex 74.1997 39.7503 16.5
      vertex 74.8035 40.4387 18
      vertex 74.8035 40.4387 16.5
    endloop
  endfacet
  facet normal -0.751791 0.659401 0
    outer loop
      vertex 74.8035 40.4387 18
      vertex 74.1997 39.7503 16.5
      vertex 74.1997 39.7503 18
    endloop
  endfacet
  facet normal -0.3214 -0.946944 0
    outer loop
      vertex 71.0617 51.4615 16.5
      vertex 71.9288 51.1672 18
      vertex 71.0617 51.4615 18
    endloop
  endfacet
  facet normal -0.3214 -0.946944 -0
    outer loop
      vertex 71.9288 51.1672 18
      vertex 71.0617 51.4615 16.5
      vertex 71.9288 51.1672 16.5
    endloop
  endfacet
  facet normal 0.3214 0.946944 -0
    outer loop
      vertex 67.4383 37.9385 16.5
      vertex 66.5712 38.2328 18
      vertex 67.4383 37.9385 18
    endloop
  endfacet
  facet normal 0.3214 0.946944 0
    outer loop
      vertex 66.5712 38.2328 18
      vertex 67.4383 37.9385 16.5
      vertex 66.5712 38.2328 16.5
    endloop
  endfacet
  facet normal 0.89686 -0.442314 0
    outer loop
      vertex 62.7828 47.3788 18
      vertex 63.1878 48.2 16.5
      vertex 63.1878 48.2 18
    endloop
  endfacet
  facet normal 0.89686 -0.442314 0
    outer loop
      vertex 63.1878 48.2 16.5
      vertex 62.7828 47.3788 18
      vertex 62.7828 47.3788 16.5
    endloop
  endfacet
  facet normal 0.442314 0.89686 -0
    outer loop
      vertex 66.5712 38.2328 16.5
      vertex 65.75 38.6378 18
      vertex 66.5712 38.2328 18
    endloop
  endfacet
  facet normal 0.442314 0.89686 0
    outer loop
      vertex 65.75 38.6378 18
      vertex 66.5712 38.2328 16.5
      vertex 65.75 38.6378 16.5
    endloop
  endfacet
  facet normal -0.3214 0.946944 0
    outer loop
      vertex 71.9288 38.2328 16.5
      vertex 71.0617 37.9385 18
      vertex 71.9288 38.2328 18
    endloop
  endfacet
  facet normal -0.3214 0.946944 0
    outer loop
      vertex 71.0617 37.9385 18
      vertex 71.9288 38.2328 16.5
      vertex 71.0617 37.9385 16.5
    endloop
  endfacet
  facet normal 0.946944 0.3214 0
    outer loop
      vertex 62.7828 42.0212 18
      vertex 62.4885 42.8883 16.5
      vertex 62.4885 42.8883 18
    endloop
  endfacet
  facet normal 0.946944 0.3214 0
    outer loop
      vertex 62.4885 42.8883 16.5
      vertex 62.7828 42.0212 18
      vertex 62.7828 42.0212 16.5
    endloop
  endfacet
  facet normal -0.555582 -0.831462 0
    outer loop
      vertex 72.75 50.7622 16.5
      vertex 73.5113 50.2535 18
      vertex 72.75 50.7622 18
    endloop
  endfacet
  facet normal -0.555582 -0.831462 -0
    outer loop
      vertex 73.5113 50.2535 18
      vertex 72.75 50.7622 16.5
      vertex 73.5113 50.2535 16.5
    endloop
  endfacet
  facet normal 0.442314 -0.89686 0
    outer loop
      vertex 65.75 50.7622 16.5
      vertex 66.5712 51.1672 18
      vertex 65.75 50.7622 18
    endloop
  endfacet
  facet normal 0.442314 -0.89686 0
    outer loop
      vertex 66.5712 51.1672 18
      vertex 65.75 50.7622 16.5
      vertex 66.5712 51.1672 16.5
    endloop
  endfacet
  facet normal 0.751791 -0.659401 0
    outer loop
      vertex 63.6965 48.9613 18
      vertex 64.3003 49.6497 16.5
      vertex 64.3003 49.6497 18
    endloop
  endfacet
  facet normal 0.751791 -0.659401 0
    outer loop
      vertex 64.3003 49.6497 16.5
      vertex 63.6965 48.9613 18
      vertex 63.6965 48.9613 16.5
    endloop
  endfacet
  facet normal 0.98079 -0.195066 0
    outer loop
      vertex 62.3099 45.6137 18
      vertex 62.4885 46.5117 16.5
      vertex 62.4885 46.5117 18
    endloop
  endfacet
  facet normal 0.98079 -0.195066 0
    outer loop
      vertex 62.4885 46.5117 16.5
      vertex 62.3099 45.6137 18
      vertex 62.3099 45.6137 16.5
    endloop
  endfacet
  facet normal 0.659401 0.751791 -0
    outer loop
      vertex 64.9887 39.1465 16.5
      vertex 64.3003 39.7503 18
      vertex 64.9887 39.1465 18
    endloop
  endfacet
  facet normal 0.659401 0.751791 0
    outer loop
      vertex 64.3003 39.7503 18
      vertex 64.9887 39.1465 16.5
      vertex 64.3003 39.7503 16.5
    endloop
  endfacet
  facet normal -0.946944 0.3214 0
    outer loop
      vertex 75.7172 42.0212 16.5
      vertex 76.0115 42.8883 18
      vertex 76.0115 42.8883 16.5
    endloop
  endfacet
  facet normal -0.946944 0.3214 0
    outer loop
      vertex 76.0115 42.8883 18
      vertex 75.7172 42.0212 16.5
      vertex 75.7172 42.0212 18
    endloop
  endfacet
  facet normal 0.831462 0.555582 0
    outer loop
      vertex 63.6965 40.4387 18
      vertex 63.1878 41.2 16.5
      vertex 63.1878 41.2 18
    endloop
  endfacet
  facet normal 0.831462 0.555582 0
    outer loop
      vertex 63.1878 41.2 16.5
      vertex 63.6965 40.4387 18
      vertex 63.6965 40.4387 16.5
    endloop
  endfacet
  facet normal -0.89686 -0.442314 0
    outer loop
      vertex 75.7172 47.3788 16.5
      vertex 75.3122 48.2 18
      vertex 75.3122 48.2 16.5
    endloop
  endfacet
  facet normal -0.89686 -0.442314 0
    outer loop
      vertex 75.3122 48.2 18
      vertex 75.7172 47.3788 16.5
      vertex 75.7172 47.3788 18
    endloop
  endfacet
  facet normal -0.442314 0.89686 0
    outer loop
      vertex 72.75 38.6378 16.5
      vertex 71.9288 38.2328 18
      vertex 72.75 38.6378 18
    endloop
  endfacet
  facet normal -0.442314 0.89686 0
    outer loop
      vertex 71.9288 38.2328 18
      vertex 72.75 38.6378 16.5
      vertex 71.9288 38.2328 16.5
    endloop
  endfacet
  facet normal -0.98079 0.195066 0
    outer loop
      vertex 76.0115 42.8883 16.5
      vertex 76.1901 43.7863 18
      vertex 76.1901 43.7863 16.5
    endloop
  endfacet
  facet normal -0.98079 0.195066 0
    outer loop
      vertex 76.1901 43.7863 18
      vertex 76.0115 42.8883 16.5
      vertex 76.0115 42.8883 18
    endloop
  endfacet
  facet normal -0.195066 -0.98079 0
    outer loop
      vertex 70.1637 51.6401 16.5
      vertex 71.0617 51.4615 18
      vertex 70.1637 51.6401 18
    endloop
  endfacet
  facet normal -0.195066 -0.98079 -0
    outer loop
      vertex 71.0617 51.4615 18
      vertex 70.1637 51.6401 16.5
      vertex 71.0617 51.4615 16.5
    endloop
  endfacet
  facet normal -0.751791 -0.659401 0
    outer loop
      vertex 74.8035 48.9613 16.5
      vertex 74.1997 49.6497 18
      vertex 74.1997 49.6497 16.5
    endloop
  endfacet
  facet normal -0.751791 -0.659401 0
    outer loop
      vertex 74.1997 49.6497 18
      vertex 74.8035 48.9613 16.5
      vertex 74.8035 48.9613 18
    endloop
  endfacet
  facet normal -0.946944 -0.3214 0
    outer loop
      vertex 76.0115 46.5117 16.5
      vertex 75.7172 47.3788 18
      vertex 75.7172 47.3788 16.5
    endloop
  endfacet
  facet normal -0.946944 -0.3214 0
    outer loop
      vertex 75.7172 47.3788 18
      vertex 76.0115 46.5117 16.5
      vertex 76.0115 46.5117 18
    endloop
  endfacet
  facet normal 0.3214 -0.946944 0
    outer loop
      vertex 66.5712 51.1672 16.5
      vertex 67.4383 51.4615 18
      vertex 66.5712 51.1672 18
    endloop
  endfacet
  facet normal 0.3214 -0.946944 0
    outer loop
      vertex 67.4383 51.4615 18
      vertex 66.5712 51.1672 16.5
      vertex 67.4383 51.4615 16.5
    endloop
  endfacet
  facet normal 0.0654172 0.997858 -0
    outer loop
      vertex 69.25 37.7 16.5
      vertex 68.3363 37.7599 18
      vertex 69.25 37.7 18
    endloop
  endfacet
  facet normal 0.0654172 0.997858 0
    outer loop
      vertex 68.3363 37.7599 18
      vertex 69.25 37.7 16.5
      vertex 68.3363 37.7599 16.5
    endloop
  endfacet
  facet normal 0.997858 0.0654172 0
    outer loop
      vertex 62.3099 43.7863 18
      vertex 62.25 44.7 16.5
      vertex 62.25 44.7 18
    endloop
  endfacet
  facet normal 0.997858 0.0654172 0
    outer loop
      vertex 62.25 44.7 16.5
      vertex 62.3099 43.7863 18
      vertex 62.3099 43.7863 16.5
    endloop
  endfacet
  facet normal 0.98079 0.195066 0
    outer loop
      vertex 62.4885 42.8883 18
      vertex 62.3099 43.7863 16.5
      vertex 62.3099 43.7863 18
    endloop
  endfacet
  facet normal 0.98079 0.195066 0
    outer loop
      vertex 62.3099 43.7863 16.5
      vertex 62.4885 42.8883 18
      vertex 62.4885 42.8883 16.5
    endloop
  endfacet
  facet normal -0.0654172 -0.997858 0
    outer loop
      vertex 69.25 51.7 16.5
      vertex 70.1637 51.6401 18
      vertex 69.25 51.7 18
    endloop
  endfacet
  facet normal -0.0654172 -0.997858 -0
    outer loop
      vertex 70.1637 51.6401 18
      vertex 69.25 51.7 16.5
      vertex 70.1637 51.6401 16.5
    endloop
  endfacet
  facet normal 0.89686 0.442314 0
    outer loop
      vertex 63.1878 41.2 18
      vertex 62.7828 42.0212 16.5
      vertex 62.7828 42.0212 18
    endloop
  endfacet
  facet normal 0.89686 0.442314 0
    outer loop
      vertex 62.7828 42.0212 16.5
      vertex 63.1878 41.2 18
      vertex 63.1878 41.2 16.5
    endloop
  endfacet
  facet normal 0.831462 -0.555582 0
    outer loop
      vertex 63.1878 48.2 18
      vertex 63.6965 48.9613 16.5
      vertex 63.6965 48.9613 18
    endloop
  endfacet
  facet normal 0.831462 -0.555582 0
    outer loop
      vertex 63.6965 48.9613 16.5
      vertex 63.1878 48.2 18
      vertex 63.1878 48.2 16.5
    endloop
  endfacet
  facet normal 0.195066 0.98079 -0
    outer loop
      vertex 68.3363 37.7599 16.5
      vertex 67.4383 37.9385 18
      vertex 68.3363 37.7599 18
    endloop
  endfacet
  facet normal 0.195066 0.98079 0
    outer loop
      vertex 67.4383 37.9385 18
      vertex 68.3363 37.7599 16.5
      vertex 67.4383 37.9385 16.5
    endloop
  endfacet
  facet normal 0.555582 0.831462 -0
    outer loop
      vertex 65.75 38.6378 16.5
      vertex 64.9887 39.1465 18
      vertex 65.75 38.6378 18
    endloop
  endfacet
  facet normal 0.555582 0.831462 0
    outer loop
      vertex 64.9887 39.1465 18
      vertex 65.75 38.6378 16.5
      vertex 64.9887 39.1465 16.5
    endloop
  endfacet
  facet normal 0.946944 -0.3214 0
    outer loop
      vertex 62.4885 46.5117 18
      vertex 62.7828 47.3788 16.5
      vertex 62.7828 47.3788 18
    endloop
  endfacet
  facet normal 0.946944 -0.3214 0
    outer loop
      vertex 62.7828 47.3788 16.5
      vertex 62.4885 46.5117 18
      vertex 62.4885 46.5117 16.5
    endloop
  endfacet
  facet normal -0.195066 0.98079 0
    outer loop
      vertex 52.0117 21.9385 16.5
      vertex 51.1137 21.7599 18
      vertex 52.0117 21.9385 18
    endloop
  endfacet
  facet normal -0.195066 0.98079 0
    outer loop
      vertex 51.1137 21.7599 18
      vertex 52.0117 21.9385 16.5
      vertex 51.1137 21.7599 16.5
    endloop
  endfacet
  facet normal -0.98079 -0.195066 0
    outer loop
      vertex 57.1401 29.6137 16.5
      vertex 56.9615 30.5117 18
      vertex 56.9615 30.5117 16.5
    endloop
  endfacet
  facet normal -0.98079 -0.195066 0
    outer loop
      vertex 56.9615 30.5117 18
      vertex 57.1401 29.6137 16.5
      vertex 57.1401 29.6137 18
    endloop
  endfacet
  facet normal -0.997858 -0.0654172 0
    outer loop
      vertex 57.2 28.7 16.5
      vertex 57.1401 29.6137 18
      vertex 57.1401 29.6137 16.5
    endloop
  endfacet
  facet normal -0.997858 -0.0654172 0
    outer loop
      vertex 57.1401 29.6137 18
      vertex 57.2 28.7 16.5
      vertex 57.2 28.7 18
    endloop
  endfacet
  facet normal 0.98079 -0.195066 0
    outer loop
      vertex 43.2599 29.6137 18
      vertex 43.4385 30.5117 16.5
      vertex 43.4385 30.5117 18
    endloop
  endfacet
  facet normal 0.98079 -0.195066 0
    outer loop
      vertex 43.4385 30.5117 16.5
      vertex 43.2599 29.6137 18
      vertex 43.2599 29.6137 16.5
    endloop
  endfacet
  facet normal 0.659401 -0.751791 0
    outer loop
      vertex 45.2503 33.6497 16.5
      vertex 45.9387 34.2535 18
      vertex 45.2503 33.6497 18
    endloop
  endfacet
  facet normal 0.659401 -0.751791 0
    outer loop
      vertex 45.9387 34.2535 18
      vertex 45.2503 33.6497 16.5
      vertex 45.9387 34.2535 16.5
    endloop
  endfacet
  facet normal -0.831462 -0.555582 0
    outer loop
      vertex 56.2622 32.2 16.5
      vertex 55.7535 32.9613 18
      vertex 55.7535 32.9613 16.5
    endloop
  endfacet
  facet normal -0.831462 -0.555582 0
    outer loop
      vertex 55.7535 32.9613 18
      vertex 56.2622 32.2 16.5
      vertex 56.2622 32.2 18
    endloop
  endfacet
  facet normal -0.0654172 0.997858 0
    outer loop
      vertex 51.1137 21.7599 16.5
      vertex 50.2 21.7 18
      vertex 51.1137 21.7599 18
    endloop
  endfacet
  facet normal -0.0654172 0.997858 0
    outer loop
      vertex 50.2 21.7 18
      vertex 51.1137 21.7599 16.5
      vertex 50.2 21.7 16.5
    endloop
  endfacet
  facet normal -0.89686 -0.442314 0
    outer loop
      vertex 56.6672 31.3788 16.5
      vertex 56.2622 32.2 18
      vertex 56.2622 32.2 16.5
    endloop
  endfacet
  facet normal -0.89686 -0.442314 0
    outer loop
      vertex 56.2622 32.2 18
      vertex 56.6672 31.3788 16.5
      vertex 56.6672 31.3788 18
    endloop
  endfacet
  facet normal 0.442314 -0.89686 0
    outer loop
      vertex 46.7 34.7622 16.5
      vertex 47.5212 35.1672 18
      vertex 46.7 34.7622 18
    endloop
  endfacet
  facet normal 0.442314 -0.89686 0
    outer loop
      vertex 47.5212 35.1672 18
      vertex 46.7 34.7622 16.5
      vertex 47.5212 35.1672 16.5
    endloop
  endfacet
  facet normal -0.555582 0.831462 0
    outer loop
      vertex 54.4613 23.1465 16.5
      vertex 53.7 22.6378 18
      vertex 54.4613 23.1465 18
    endloop
  endfacet
  facet normal -0.555582 0.831462 0
    outer loop
      vertex 53.7 22.6378 18
      vertex 54.4613 23.1465 16.5
      vertex 53.7 22.6378 16.5
    endloop
  endfacet
  facet normal 0.0654172 0.997858 -0
    outer loop
      vertex 50.2 21.7 16.5
      vertex 49.2863 21.7599 18
      vertex 50.2 21.7 18
    endloop
  endfacet
  facet normal 0.0654172 0.997858 0
    outer loop
      vertex 49.2863 21.7599 18
      vertex 50.2 21.7 16.5
      vertex 49.2863 21.7599 16.5
    endloop
  endfacet
  facet normal 0.89686 0.442314 0
    outer loop
      vertex 44.1378 25.2 18
      vertex 43.7328 26.0212 16.5
      vertex 43.7328 26.0212 18
    endloop
  endfacet
  facet normal 0.89686 0.442314 0
    outer loop
      vertex 43.7328 26.0212 16.5
      vertex 44.1378 25.2 18
      vertex 44.1378 25.2 16.5
    endloop
  endfacet
  facet normal 0.442314 0.89686 -0
    outer loop
      vertex 47.5212 22.2328 16.5
      vertex 46.7 22.6378 18
      vertex 47.5212 22.2328 18
    endloop
  endfacet
  facet normal 0.442314 0.89686 0
    outer loop
      vertex 46.7 22.6378 18
      vertex 47.5212 22.2328 16.5
      vertex 46.7 22.6378 16.5
    endloop
  endfacet
  facet normal -0.98079 0.195066 0
    outer loop
      vertex 56.9615 26.8883 16.5
      vertex 57.1401 27.7863 18
      vertex 57.1401 27.7863 16.5
    endloop
  endfacet
  facet normal -0.98079 0.195066 0
    outer loop
      vertex 57.1401 27.7863 18
      vertex 56.9615 26.8883 16.5
      vertex 56.9615 26.8883 18
    endloop
  endfacet
  facet normal 0.3214 -0.946944 0
    outer loop
      vertex 47.5212 35.1672 16.5
      vertex 48.3883 35.4615 18
      vertex 47.5212 35.1672 18
    endloop
  endfacet
  facet normal 0.3214 -0.946944 0
    outer loop
      vertex 48.3883 35.4615 18
      vertex 47.5212 35.1672 16.5
      vertex 48.3883 35.4615 16.5
    endloop
  endfacet
  facet normal -0.3214 0.946944 0
    outer loop
      vertex 52.8788 22.2328 16.5
      vertex 52.0117 21.9385 18
      vertex 52.8788 22.2328 18
    endloop
  endfacet
  facet normal -0.3214 0.946944 0
    outer loop
      vertex 52.0117 21.9385 18
      vertex 52.8788 22.2328 16.5
      vertex 52.0117 21.9385 16.5
    endloop
  endfacet
  facet normal 0.195066 -0.98079 0
    outer loop
      vertex 48.3883 35.4615 16.5
      vertex 49.2863 35.6401 18
      vertex 48.3883 35.4615 18
    endloop
  endfacet
  facet normal 0.195066 -0.98079 0
    outer loop
      vertex 49.2863 35.6401 18
      vertex 48.3883 35.4615 16.5
      vertex 49.2863 35.6401 16.5
    endloop
  endfacet
  facet normal 0.659401 0.751791 -0
    outer loop
      vertex 45.9387 23.1465 16.5
      vertex 45.2503 23.7503 18
      vertex 45.9387 23.1465 18
    endloop
  endfacet
  facet normal 0.659401 0.751791 0
    outer loop
      vertex 45.2503 23.7503 18
      vertex 45.9387 23.1465 16.5
      vertex 45.2503 23.7503 16.5
    endloop
  endfacet
  facet normal -0.751791 -0.659401 0
    outer loop
      vertex 55.7535 32.9613 16.5
      vertex 55.1497 33.6497 18
      vertex 55.1497 33.6497 16.5
    endloop
  endfacet
  facet normal -0.751791 -0.659401 0
    outer loop
      vertex 55.1497 33.6497 18
      vertex 55.7535 32.9613 16.5
      vertex 55.7535 32.9613 18
    endloop
  endfacet
  facet normal -0.751791 0.659401 0
    outer loop
      vertex 55.1497 23.7503 16.5
      vertex 55.7535 24.4387 18
      vertex 55.7535 24.4387 16.5
    endloop
  endfacet
  facet normal -0.751791 0.659401 0
    outer loop
      vertex 55.7535 24.4387 18
      vertex 55.1497 23.7503 16.5
      vertex 55.1497 23.7503 18
    endloop
  endfacet
  facet normal -0.997858 0.0654172 0
    outer loop
      vertex 57.1401 27.7863 16.5
      vertex 57.2 28.7 18
      vertex 57.2 28.7 16.5
    endloop
  endfacet
  facet normal -0.997858 0.0654172 0
    outer loop
      vertex 57.2 28.7 18
      vertex 57.1401 27.7863 16.5
      vertex 57.1401 27.7863 18
    endloop
  endfacet
  facet normal -0.442314 -0.89686 0
    outer loop
      vertex 52.8788 35.1672 16.5
      vertex 53.7 34.7622 18
      vertex 52.8788 35.1672 18
    endloop
  endfacet
  facet normal -0.442314 -0.89686 -0
    outer loop
      vertex 53.7 34.7622 18
      vertex 52.8788 35.1672 16.5
      vertex 53.7 34.7622 16.5
    endloop
  endfacet
  facet normal 0.555582 -0.831462 0
    outer loop
      vertex 45.9387 34.2535 16.5
      vertex 46.7 34.7622 18
      vertex 45.9387 34.2535 18
    endloop
  endfacet
  facet normal 0.555582 -0.831462 0
    outer loop
      vertex 46.7 34.7622 18
      vertex 45.9387 34.2535 16.5
      vertex 46.7 34.7622 16.5
    endloop
  endfacet
  facet normal 0.946944 0.3214 0
    outer loop
      vertex 43.7328 26.0212 18
      vertex 43.4385 26.8883 16.5
      vertex 43.4385 26.8883 18
    endloop
  endfacet
  facet normal 0.946944 0.3214 0
    outer loop
      vertex 43.4385 26.8883 16.5
      vertex 43.7328 26.0212 18
      vertex 43.7328 26.0212 16.5
    endloop
  endfacet
  facet normal -0.659401 -0.751791 0
    outer loop
      vertex 54.4613 34.2535 16.5
      vertex 55.1497 33.6497 18
      vertex 54.4613 34.2535 18
    endloop
  endfacet
  facet normal -0.659401 -0.751791 -0
    outer loop
      vertex 55.1497 33.6497 18
      vertex 54.4613 34.2535 16.5
      vertex 55.1497 33.6497 16.5
    endloop
  endfacet
  facet normal -0.3214 -0.946944 0
    outer loop
      vertex 52.0117 35.4615 16.5
      vertex 52.8788 35.1672 18
      vertex 52.0117 35.4615 18
    endloop
  endfacet
  facet normal -0.3214 -0.946944 -0
    outer loop
      vertex 52.8788 35.1672 18
      vertex 52.0117 35.4615 16.5
      vertex 52.8788 35.1672 16.5
    endloop
  endfacet
  facet normal -0.946944 0.3214 0
    outer loop
      vertex 56.6672 26.0212 16.5
      vertex 56.9615 26.8883 18
      vertex 56.9615 26.8883 16.5
    endloop
  endfacet
  facet normal -0.946944 0.3214 0
    outer loop
      vertex 56.9615 26.8883 18
      vertex 56.6672 26.0212 16.5
      vertex 56.6672 26.0212 18
    endloop
  endfacet
  facet normal 0.997858 -0.0654172 0
    outer loop
      vertex 43.2 28.7 18
      vertex 43.2599 29.6137 16.5
      vertex 43.2599 29.6137 18
    endloop
  endfacet
  facet normal 0.997858 -0.0654172 0
    outer loop
      vertex 43.2599 29.6137 16.5
      vertex 43.2 28.7 18
      vertex 43.2 28.7 16.5
    endloop
  endfacet
  facet normal 0.3214 0.946944 -0
    outer loop
      vertex 48.3883 21.9385 16.5
      vertex 47.5212 22.2328 18
      vertex 48.3883 21.9385 18
    endloop
  endfacet
  facet normal 0.3214 0.946944 0
    outer loop
      vertex 47.5212 22.2328 18
      vertex 48.3883 21.9385 16.5
      vertex 47.5212 22.2328 16.5
    endloop
  endfacet
  facet normal -0.555582 -0.831462 0
    outer loop
      vertex 53.7 34.7622 16.5
      vertex 54.4613 34.2535 18
      vertex 53.7 34.7622 18
    endloop
  endfacet
  facet normal -0.555582 -0.831462 -0
    outer loop
      vertex 54.4613 34.2535 18
      vertex 53.7 34.7622 16.5
      vertex 54.4613 34.2535 16.5
    endloop
  endfacet
  facet normal 0.831462 0.555582 0
    outer loop
      vertex 44.6465 24.4387 18
      vertex 44.1378 25.2 16.5
      vertex 44.1378 25.2 18
    endloop
  endfacet
  facet normal 0.831462 0.555582 0
    outer loop
      vertex 44.1378 25.2 16.5
      vertex 44.6465 24.4387 18
      vertex 44.6465 24.4387 16.5
    endloop
  endfacet
  facet normal -0.831462 0.555582 0
    outer loop
      vertex 55.7535 24.4387 16.5
      vertex 56.2622 25.2 18
      vertex 56.2622 25.2 16.5
    endloop
  endfacet
  facet normal -0.831462 0.555582 0
    outer loop
      vertex 56.2622 25.2 18
      vertex 55.7535 24.4387 16.5
      vertex 55.7535 24.4387 18
    endloop
  endfacet
  facet normal -0.89686 0.442314 0
    outer loop
      vertex 56.2622 25.2 16.5
      vertex 56.6672 26.0212 18
      vertex 56.6672 26.0212 16.5
    endloop
  endfacet
  facet normal -0.89686 0.442314 0
    outer loop
      vertex 56.6672 26.0212 18
      vertex 56.2622 25.2 16.5
      vertex 56.2622 25.2 18
    endloop
  endfacet
  facet normal 0.98079 0.195066 0
    outer loop
      vertex 43.4385 26.8883 18
      vertex 43.2599 27.7863 16.5
      vertex 43.2599 27.7863 18
    endloop
  endfacet
  facet normal 0.98079 0.195066 0
    outer loop
      vertex 43.2599 27.7863 16.5
      vertex 43.4385 26.8883 18
      vertex 43.4385 26.8883 16.5
    endloop
  endfacet
  facet normal -0.659401 0.751791 0
    outer loop
      vertex 55.1497 23.7503 16.5
      vertex 54.4613 23.1465 18
      vertex 55.1497 23.7503 18
    endloop
  endfacet
  facet normal -0.659401 0.751791 0
    outer loop
      vertex 54.4613 23.1465 18
      vertex 55.1497 23.7503 16.5
      vertex 54.4613 23.1465 16.5
    endloop
  endfacet
  facet normal -0.195066 -0.98079 0
    outer loop
      vertex 51.1137 35.6401 16.5
      vertex 52.0117 35.4615 18
      vertex 51.1137 35.6401 18
    endloop
  endfacet
  facet normal -0.195066 -0.98079 -0
    outer loop
      vertex 52.0117 35.4615 18
      vertex 51.1137 35.6401 16.5
      vertex 52.0117 35.4615 16.5
    endloop
  endfacet
  facet normal 0.751791 -0.659401 0
    outer loop
      vertex 44.6465 32.9613 18
      vertex 45.2503 33.6497 16.5
      vertex 45.2503 33.6497 18
    endloop
  endfacet
  facet normal 0.751791 -0.659401 0
    outer loop
      vertex 45.2503 33.6497 16.5
      vertex 44.6465 32.9613 18
      vertex 44.6465 32.9613 16.5
    endloop
  endfacet
  facet normal -0.946944 -0.3214 0
    outer loop
      vertex 56.9615 30.5117 16.5
      vertex 56.6672 31.3788 18
      vertex 56.6672 31.3788 16.5
    endloop
  endfacet
  facet normal -0.946944 -0.3214 0
    outer loop
      vertex 56.6672 31.3788 18
      vertex 56.9615 30.5117 16.5
      vertex 56.9615 30.5117 18
    endloop
  endfacet
  facet normal 0.89686 -0.442314 0
    outer loop
      vertex 43.7328 31.3788 18
      vertex 44.1378 32.2 16.5
      vertex 44.1378 32.2 18
    endloop
  endfacet
  facet normal 0.89686 -0.442314 0
    outer loop
      vertex 44.1378 32.2 16.5
      vertex 43.7328 31.3788 18
      vertex 43.7328 31.3788 16.5
    endloop
  endfacet
  facet normal 0.555582 0.831462 -0
    outer loop
      vertex 46.7 22.6378 16.5
      vertex 45.9387 23.1465 18
      vertex 46.7 22.6378 18
    endloop
  endfacet
  facet normal 0.555582 0.831462 0
    outer loop
      vertex 45.9387 23.1465 18
      vertex 46.7 22.6378 16.5
      vertex 45.9387 23.1465 16.5
    endloop
  endfacet
  facet normal 0.997858 0.0654172 0
    outer loop
      vertex 43.2599 27.7863 18
      vertex 43.2 28.7 16.5
      vertex 43.2 28.7 18
    endloop
  endfacet
  facet normal 0.997858 0.0654172 0
    outer loop
      vertex 43.2 28.7 16.5
      vertex 43.2599 27.7863 18
      vertex 43.2599 27.7863 16.5
    endloop
  endfacet
  facet normal -0.442314 0.89686 0
    outer loop
      vertex 53.7 22.6378 16.5
      vertex 52.8788 22.2328 18
      vertex 53.7 22.6378 18
    endloop
  endfacet
  facet normal -0.442314 0.89686 0
    outer loop
      vertex 52.8788 22.2328 18
      vertex 53.7 22.6378 16.5
      vertex 52.8788 22.2328 16.5
    endloop
  endfacet
  facet normal 0.0654172 -0.997858 0
    outer loop
      vertex 49.2863 35.6401 16.5
      vertex 50.2 35.7 18
      vertex 49.2863 35.6401 18
    endloop
  endfacet
  facet normal 0.0654172 -0.997858 0
    outer loop
      vertex 50.2 35.7 18
      vertex 49.2863 35.6401 16.5
      vertex 50.2 35.7 16.5
    endloop
  endfacet
  facet normal -0.0654172 -0.997858 0
    outer loop
      vertex 50.2 35.7 16.5
      vertex 51.1137 35.6401 18
      vertex 50.2 35.7 18
    endloop
  endfacet
  facet normal -0.0654172 -0.997858 -0
    outer loop
      vertex 51.1137 35.6401 18
      vertex 50.2 35.7 16.5
      vertex 51.1137 35.6401 16.5
    endloop
  endfacet
  facet normal 0.195066 0.98079 -0
    outer loop
      vertex 49.2863 21.7599 16.5
      vertex 48.3883 21.9385 18
      vertex 49.2863 21.7599 18
    endloop
  endfacet
  facet normal 0.195066 0.98079 0
    outer loop
      vertex 48.3883 21.9385 18
      vertex 49.2863 21.7599 16.5
      vertex 48.3883 21.9385 16.5
    endloop
  endfacet
  facet normal 0.946944 -0.3214 0
    outer loop
      vertex 43.4385 30.5117 18
      vertex 43.7328 31.3788 16.5
      vertex 43.7328 31.3788 18
    endloop
  endfacet
  facet normal 0.946944 -0.3214 0
    outer loop
      vertex 43.7328 31.3788 16.5
      vertex 43.4385 30.5117 18
      vertex 43.4385 30.5117 16.5
    endloop
  endfacet
  facet normal 0.751791 0.659401 0
    outer loop
      vertex 45.2503 23.7503 18
      vertex 44.6465 24.4387 16.5
      vertex 44.6465 24.4387 18
    endloop
  endfacet
  facet normal 0.751791 0.659401 0
    outer loop
      vertex 44.6465 24.4387 16.5
      vertex 45.2503 23.7503 18
      vertex 45.2503 23.7503 16.5
    endloop
  endfacet
  facet normal 0.831462 -0.555582 0
    outer loop
      vertex 44.1378 32.2 18
      vertex 44.6465 32.9613 16.5
      vertex 44.6465 32.9613 18
    endloop
  endfacet
  facet normal 0.831462 -0.555582 0
    outer loop
      vertex 44.6465 32.9613 16.5
      vertex 44.1378 32.2 18
      vertex 44.1378 32.2 16.5
    endloop
  endfacet
  facet normal 0.321415 -0.946938 0
    outer loop
      vertex 96.347 2.28519 16.5
      vertex 96.6567 2.39031 18
      vertex 96.347 2.28519 18
    endloop
  endfacet
  facet normal 0.321415 -0.946938 0
    outer loop
      vertex 96.6567 2.39031 18
      vertex 96.347 2.28519 16.5
      vertex 96.6567 2.39031 16.5
    endloop
  endfacet
  facet normal 0.195116 -0.98078 0
    outer loop
      vertex 96.0263 2.22139 16.5
      vertex 96.347 2.28519 18
      vertex 96.0263 2.22139 18
    endloop
  endfacet
  facet normal 0.195116 -0.98078 0
    outer loop
      vertex 96.347 2.28519 18
      vertex 96.0263 2.22139 16.5
      vertex 96.347 2.28519 16.5
    endloop
  endfacet
  facet normal 0.0654128 -0.997858 0
    outer loop
      vertex 95.7 2.2 17.7
      vertex 96.0263 2.22139 18
      vertex 95.7 2.2 18
    endloop
  endfacet
  facet normal 0.0654128 -0.997858 0
    outer loop
      vertex 96.0263 2.22139 16.5
      vertex 95.7 2.2 17.7
      vertex 95.7 2.2 16.5
    endloop
  endfacet
  facet normal 0.0654128 -0.997858 0
    outer loop
      vertex 95.7 2.2 17.7
      vertex 96.0263 2.22139 16.5
      vertex 96.0263 2.22139 18
    endloop
  endfacet
  facet normal 0.195116 0.98078 -0
    outer loop
      vertex 96.347 81.1148 16.5
      vertex 96.0263 81.1786 18
      vertex 96.347 81.1148 18
    endloop
  endfacet
  facet normal 0.195116 0.98078 0
    outer loop
      vertex 96.0263 81.1786 18
      vertex 96.347 81.1148 16.5
      vertex 96.0263 81.1786 16.5
    endloop
  endfacet
  facet normal -0.0654108 -0.997858 0
    outer loop
      vertex 4.37369 2.22139 18
      vertex 4.7 2.2 17.7
      vertex 4.7 2.2 18
    endloop
  endfacet
  facet normal -0.0654108 -0.997858 0
    outer loop
      vertex 4.37369 2.22139 16.5
      vertex 4.7 2.2 17.7
      vertex 4.37369 2.22139 18
    endloop
  endfacet
  facet normal -0.0654108 -0.997858 -0
    outer loop
      vertex 4.7 2.2 17.7
      vertex 4.37369 2.22139 16.5
      vertex 4.7 2.2 16.5
    endloop
  endfacet
  facet normal -0.555617 0.831438 0
    outer loop
      vertex 3.45 80.8651 16.5
      vertex 3.1781 80.6834 18
      vertex 3.45 80.8651 18
    endloop
  endfacet
  facet normal -0.555617 0.831438 0
    outer loop
      vertex 3.1781 80.6834 18
      vertex 3.45 80.8651 16.5
      vertex 3.1781 80.6834 16.5
    endloop
  endfacet
  facet normal -0.321452 -0.946926 0
    outer loop
      vertex 3.74329 2.39031 16.5
      vertex 4.05295 2.28519 18
      vertex 3.74329 2.39031 18
    endloop
  endfacet
  facet normal -0.321452 -0.946926 -0
    outer loop
      vertex 4.05295 2.28519 18
      vertex 3.74329 2.39031 16.5
      vertex 4.05295 2.28519 16.5
    endloop
  endfacet
  facet normal -0.896896 0.442241 0
    outer loop
      vertex 2.39031 79.6567 16.5
      vertex 2.53493 79.95 18
      vertex 2.53493 79.95 16.5
    endloop
  endfacet
  facet normal -0.896896 0.442241 0
    outer loop
      vertex 2.53493 79.95 18
      vertex 2.39031 79.6567 16.5
      vertex 2.39031 79.6567 18
    endloop
  endfacet
  facet normal -0.659323 0.75186 0
    outer loop
      vertex 3.1781 80.6834 16.5
      vertex 2.93224 80.4678 18
      vertex 3.1781 80.6834 18
    endloop
  endfacet
  facet normal -0.659323 0.75186 0
    outer loop
      vertex 2.93224 80.4678 18
      vertex 3.1781 80.6834 16.5
      vertex 2.93224 80.4678 16.5
    endloop
  endfacet
  facet normal -0.442204 0.896915 0
    outer loop
      vertex 3.74329 81.0097 16.5
      vertex 3.45 80.8651 18
      vertex 3.74329 81.0097 18
    endloop
  endfacet
  facet normal -0.442204 0.896915 0
    outer loop
      vertex 3.45 80.8651 18
      vertex 3.74329 81.0097 16.5
      vertex 3.45 80.8651 16.5
    endloop
  endfacet
  facet normal -0.0654412 0.997856 0
    outer loop
      vertex 4.7 81.2 17.7
      vertex 4.37369 81.1786 18
      vertex 4.7 81.2 18
    endloop
  endfacet
  facet normal -0.0654412 0.997856 0
    outer loop
      vertex 4.37369 81.1786 16.5
      vertex 4.7 81.2 17.7
      vertex 4.7 81.2 16.5
    endloop
  endfacet
  facet normal -0.0654412 0.997856 0
    outer loop
      vertex 4.7 81.2 17.7
      vertex 4.37369 81.1786 16.5
      vertex 4.37369 81.1786 18
    endloop
  endfacet
  facet normal 0.555617 0.831438 -0
    outer loop
      vertex 97.2219 80.6834 16.5
      vertex 96.95 80.8651 18
      vertex 97.2219 80.6834 18
    endloop
  endfacet
  facet normal 0.555617 0.831438 0
    outer loop
      vertex 96.95 80.8651 18
      vertex 97.2219 80.6834 16.5
      vertex 96.95 80.8651 16.5
    endloop
  endfacet
  facet normal 0.980785 -0.195093 0
    outer loop
      vertex 98.1148 4.05295 18
      vertex 98.1786 4.37369 16.5
      vertex 98.1786 4.37369 18
    endloop
  endfacet
  facet normal 0.980785 -0.195093 0
    outer loop
      vertex 98.1786 4.37369 16.5
      vertex 98.1148 4.05295 18
      vertex 98.1148 4.05295 16.5
    endloop
  endfacet
  facet normal -0.946938 0.321415 0
    outer loop
      vertex 2.28519 79.347 16.5
      vertex 2.39031 79.6567 18
      vertex 2.39031 79.6567 16.5
    endloop
  endfacet
  facet normal -0.946938 0.321415 0
    outer loop
      vertex 2.39031 79.6567 18
      vertex 2.28519 79.347 16.5
      vertex 2.28519 79.347 18
    endloop
  endfacet
  facet normal -0 0 1
    outer loop
      vertex 54.4613 23.1465 18
      vertex 54.7 16.7 18
      vertex 55.1497 23.7503 18
    endloop
  endfacet
  facet normal -0 0 1
    outer loop
      vertex 53.7 22.6378 18
      vertex 54.7 16.7 18
      vertex 54.4613 23.1465 18
    endloop
  endfacet
  facet normal -0 0 1
    outer loop
      vertex 52.8788 22.2328 18
      vertex 54.7 16.7 18
      vertex 53.7 22.6378 18
    endloop
  endfacet
  facet normal -0 0 1
    outer loop
      vertex 52.0117 21.9385 18
      vertex 54.7 16.7 18
      vertex 52.8788 22.2328 18
    endloop
  endfacet
  facet normal -0 0 1
    outer loop
      vertex 51.1137 21.7599 18
      vertex 54.7 16.7 18
      vertex 52.0117 21.9385 18
    endloop
  endfacet
  facet normal -0 0 1
    outer loop
      vertex 50.2 21.7 18
      vertex 54.7 16.7 18
      vertex 51.1137 21.7599 18
    endloop
  endfacet
  facet normal 0 0 1
    outer loop
      vertex 49.2863 21.7599 18
      vertex 54.7 16.7 18
      vertex 50.2 21.7 18
    endloop
  endfacet
  facet normal 0 0 1
    outer loop
      vertex 48.3883 21.9385 18
      vertex 54.7 16.7 18
      vertex 49.2863 21.7599 18
    endloop
  endfacet
  facet normal 0 0 1
    outer loop
      vertex 47.5212 22.2328 18
      vertex 54.7 16.7 18
      vertex 48.3883 21.9385 18
    endloop
  endfacet
  facet normal 0 0 1
    outer loop
      vertex 46.7 22.6378 18
      vertex 54.7 16.7 18
      vertex 47.5212 22.2328 18
    endloop
  endfacet
  facet normal 0 0 1
    outer loop
      vertex 14.7 16.7 18
      vertex 46.7 22.6378 18
      vertex 45.9387 23.1465 18
    endloop
  endfacet
  facet normal -0 0 1
    outer loop
      vertex 36.0997 39.7503 18
      vertex 44.6465 32.9613 18
      vertex 36.7035 40.4387 18
    endloop
  endfacet
  facet normal 0 0 1
    outer loop
      vertex 44.6465 32.9613 18
      vertex 36.0997 39.7503 18
      vertex 44.1378 32.2 18
    endloop
  endfacet
  facet normal -0 0 1
    outer loop
      vertex 35.4113 39.1465 18
      vertex 44.1378 32.2 18
      vertex 36.0997 39.7503 18
    endloop
  endfacet
  facet normal 0 0 1
    outer loop
      vertex 44.1378 32.2 18
      vertex 35.4113 39.1465 18
      vertex 43.7328 31.3788 18
    endloop
  endfacet
  facet normal -0 0 1
    outer loop
      vertex 34.65 38.6378 18
      vertex 43.7328 31.3788 18
      vertex 35.4113 39.1465 18
    endloop
  endfacet
  facet normal 0 0 1
    outer loop
      vertex 43.7328 31.3788 18
      vertex 34.65 38.6378 18
      vertex 43.4385 30.5117 18
    endloop
  endfacet
  facet normal -0 0 1
    outer loop
      vertex 33.8288 38.2328 18
      vertex 43.4385 30.5117 18
      vertex 34.65 38.6378 18
    endloop
  endfacet
  facet normal 0 0 1
    outer loop
      vertex 43.4385 30.5117 18
      vertex 33.8288 38.2328 18
      vertex 43.2599 29.6137 18
    endloop
  endfacet
  facet normal -0 0 1
    outer loop
      vertex 32.9617 37.9385 18
      vertex 43.2599 29.6137 18
      vertex 33.8288 38.2328 18
    endloop
  endfacet
  facet normal 0 0 1
    outer loop
      vertex 43.2599 29.6137 18
      vertex 32.9617 37.9385 18
      vertex 43.2 28.7 18
    endloop
  endfacet
  facet normal -0 0 1
    outer loop
      vertex 32.0637 37.7599 18
      vertex 43.2 28.7 18
      vertex 32.9617 37.9385 18
    endloop
  endfacet
  facet normal 0 0 1
    outer loop
      vertex 43.2 28.7 18
      vertex 32.0637 37.7599 18
      vertex 43.2599 27.7863 18
    endloop
  endfacet
  facet normal -0 0 1
    outer loop
      vertex 31.15 37.7 18
      vertex 43.2599 27.7863 18
      vertex 32.0637 37.7599 18
    endloop
  endfacet
  facet normal 0 0 1
    outer loop
      vertex 43.2599 27.7863 18
      vertex 31.15 37.7 18
      vertex 43.4385 26.8883 18
    endloop
  endfacet
  facet normal 0 0 1
    outer loop
      vertex 30.2363 37.7599 18
      vertex 43.4385 26.8883 18
      vertex 31.15 37.7 18
    endloop
  endfacet
  facet normal 0 0 1
    outer loop
      vertex 14.7 16.7 18
      vertex 43.4385 26.8883 18
      vertex 30.2363 37.7599 18
    endloop
  endfacet
  facet normal 0 0 1
    outer loop
      vertex 43.4385 26.8883 18
      vertex 14.7 16.7 18
      vertex 43.7328 26.0212 18
    endloop
  endfacet
  facet normal 0 0 1
    outer loop
      vertex 43.7328 26.0212 18
      vertex 14.7 16.7 18
      vertex 44.1378 25.2 18
    endloop
  endfacet
  facet normal 0 0 1
    outer loop
      vertex 44.1378 25.2 18
      vertex 14.7 16.7 18
      vertex 44.6465 24.4387 18
    endloop
  endfacet
  facet normal 0 0 1
    outer loop
      vertex 14.7 16.7 18
      vertex 30.2363 37.7599 18
      vertex 29.3383 37.9385 18
    endloop
  endfacet
  facet normal 0 0 1
    outer loop
      vertex 14.7 16.7 18
      vertex 29.3383 37.9385 18
      vertex 28.4712 38.2328 18
    endloop
  endfacet
  facet normal 0 0 1
    outer loop
      vertex 44.6465 24.4387 18
      vertex 14.7 16.7 18
      vertex 45.2503 23.7503 18
    endloop
  endfacet
  facet normal 0 0 1
    outer loop
      vertex 14.7 16.7 18
      vertex 28.4712 38.2328 18
      vertex 27.65 38.6378 18
    endloop
  endfacet
  facet normal 0 0 1
    outer loop
      vertex 14.7 16.7 18
      vertex 27.65 38.6378 18
      vertex 26.8887 39.1465 18
    endloop
  endfacet
  facet normal 0 0 1
    outer loop
      vertex 46.7 22.6378 18
      vertex 14.7 16.7 18
      vertex 54.7 16.7 18
    endloop
  endfacet
  facet normal 0 0 1
    outer loop
      vertex 45.2503 23.7503 18
      vertex 14.7 16.7 18
      vertex 45.9387 23.1465 18
    endloop
  endfacet
  facet normal 0 0 1
    outer loop
      vertex 26.2003 39.7503 18
      vertex 14.7 16.7 18
      vertex 26.8887 39.1465 18
    endloop
  endfacet
  facet normal 0 0 1
    outer loop
      vertex 25.5965 40.4387 18
      vertex 14.7 16.7 18
      vertex 26.2003 39.7503 18
    endloop
  endfacet
  facet normal 0 0 1
    outer loop
      vertex 25.0878 41.2 18
      vertex 14.7 16.7 18
      vertex 25.5965 40.4387 18
    endloop
  endfacet
  facet normal 0 0 1
    outer loop
      vertex 24.6828 42.0212 18
      vertex 14.7 16.7 18
      vertex 25.0878 41.2 18
    endloop
  endfacet
  facet normal 0 0 1
    outer loop
      vertex 24.3885 42.8883 18
      vertex 14.7 16.7 18
      vertex 24.6828 42.0212 18
    endloop
  endfacet
  facet normal 0 0 1
    outer loop
      vertex 24.2099 43.7863 18
      vertex 14.7 16.7 18
      vertex 24.3885 42.8883 18
    endloop
  endfacet
  facet normal 0 0 1
    outer loop
      vertex 14.7 16.7 18
      vertex 24.2099 43.7863 18
      vertex 24.15 44.7 18
    endloop
  endfacet
  facet normal 0 0 1
    outer loop
      vertex 62.7828 42.0212 18
      vertex 56.6672 42.0212 18
      vertex 63.1878 41.2 18
    endloop
  endfacet
  facet normal 0 0 1
    outer loop
      vertex 63.6965 40.4387 18
      vertex 57.1401 29.6137 18
      vertex 57.2 28.7 18
    endloop
  endfacet
  facet normal 0 0 1
    outer loop
      vertex 56.2622 41.2 18
      vertex 63.1878 41.2 18
      vertex 56.6672 42.0212 18
    endloop
  endfacet
  facet normal 0 0 1
    outer loop
      vertex 63.6965 40.4387 18
      vertex 56.9615 30.5117 18
      vertex 57.1401 29.6137 18
    endloop
  endfacet
  facet normal 0 0 1
    outer loop
      vertex 63.1878 41.2 18
      vertex 56.2622 41.2 18
      vertex 63.6965 40.4387 18
    endloop
  endfacet
  facet normal 0 0 1
    outer loop
      vertex 63.6965 40.4387 18
      vertex 56.6672 31.3788 18
      vertex 56.9615 30.5117 18
    endloop
  endfacet
  facet normal 0 0 1
    outer loop
      vertex 55.7535 40.4387 18
      vertex 63.6965 40.4387 18
      vertex 56.2622 41.2 18
    endloop
  endfacet
  facet normal 0 0 1
    outer loop
      vertex 63.6965 40.4387 18
      vertex 56.2622 32.2 18
      vertex 56.6672 31.3788 18
    endloop
  endfacet
  facet normal 0 0 1
    outer loop
      vertex 55.7535 32.9613 18
      vertex 63.6965 40.4387 18
      vertex 55.7535 40.4387 18
    endloop
  endfacet
  facet normal 0 0 1
    outer loop
      vertex 63.6965 40.4387 18
      vertex 55.7535 32.9613 18
      vertex 56.2622 32.2 18
    endloop
  endfacet
  facet normal -0 0 1
    outer loop
      vertex 55.1497 39.7503 18
      vertex 55.7535 32.9613 18
      vertex 55.7535 40.4387 18
    endloop
  endfacet
  facet normal 0 0 1
    outer loop
      vertex 55.1497 39.7503 18
      vertex 55.1497 33.6497 18
      vertex 55.7535 32.9613 18
    endloop
  endfacet
  facet normal -0 0 1
    outer loop
      vertex 54.4613 39.1465 18
      vertex 55.1497 33.6497 18
      vertex 55.1497 39.7503 18
    endloop
  endfacet
  facet normal 0 0 1
    outer loop
      vertex 54.4613 39.1465 18
      vertex 54.4613 34.2535 18
      vertex 55.1497 33.6497 18
    endloop
  endfacet
  facet normal -0 0 1
    outer loop
      vertex 53.7 38.6378 18
      vertex 54.4613 34.2535 18
      vertex 54.4613 39.1465 18
    endloop
  endfacet
  facet normal 0 0 1
    outer loop
      vertex 53.7 38.6378 18
      vertex 53.7 34.7622 18
      vertex 54.4613 34.2535 18
    endloop
  endfacet
  facet normal -0 0 1
    outer loop
      vertex 52.8788 38.2328 18
      vertex 53.7 34.7622 18
      vertex 53.7 38.6378 18
    endloop
  endfacet
  facet normal 0 0 1
    outer loop
      vertex 52.8788 38.2328 18
      vertex 52.8788 35.1672 18
      vertex 53.7 34.7622 18
    endloop
  endfacet
  facet normal -0 0 1
    outer loop
      vertex 52.0117 37.9385 18
      vertex 52.8788 35.1672 18
      vertex 52.8788 38.2328 18
    endloop
  endfacet
  facet normal 0 0 1
    outer loop
      vertex 52.0117 37.9385 18
      vertex 52.0117 35.4615 18
      vertex 52.8788 35.1672 18
    endloop
  endfacet
  facet normal -0 0 1
    outer loop
      vertex 51.1137 37.7599 18
      vertex 52.0117 35.4615 18
      vertex 52.0117 37.9385 18
    endloop
  endfacet
  facet normal 0 0 1
    outer loop
      vertex 51.1137 37.7599 18
      vertex 51.1137 35.6401 18
      vertex 52.0117 35.4615 18
    endloop
  endfacet
  facet normal -0 0 1
    outer loop
      vertex 50.2 37.7 18
      vertex 51.1137 35.6401 18
      vertex 51.1137 37.7599 18
    endloop
  endfacet
  facet normal 0 0 1
    outer loop
      vertex 50.2 37.7 18
      vertex 50.2 35.7 18
      vertex 51.1137 35.6401 18
    endloop
  endfacet
  facet normal 0 0 1
    outer loop
      vertex 49.2863 37.7599 18
      vertex 50.2 35.7 18
      vertex 50.2 37.7 18
    endloop
  endfacet
  facet normal 0 0 1
    outer loop
      vertex 49.2863 37.7599 18
      vertex 49.2863 35.6401 18
      vertex 50.2 35.7 18
    endloop
  endfacet
  facet normal 0 0 1
    outer loop
      vertex 48.3883 37.9385 18
      vertex 49.2863 35.6401 18
      vertex 49.2863 37.7599 18
    endloop
  endfacet
  facet normal 0 0 1
    outer loop
      vertex 48.3883 37.9385 18
      vertex 48.3883 35.4615 18
      vertex 49.2863 35.6401 18
    endloop
  endfacet
  facet normal 0 0 1
    outer loop
      vertex 47.5212 38.2328 18
      vertex 48.3883 35.4615 18
      vertex 48.3883 37.9385 18
    endloop
  endfacet
  facet normal 0 0 1
    outer loop
      vertex 47.5212 38.2328 18
      vertex 47.5212 35.1672 18
      vertex 48.3883 35.4615 18
    endloop
  endfacet
  facet normal 0 0 1
    outer loop
      vertex 46.7 38.6378 18
      vertex 47.5212 35.1672 18
      vertex 47.5212 38.2328 18
    endloop
  endfacet
  facet normal 0 0 1
    outer loop
      vertex 46.7 38.6378 18
      vertex 46.7 34.7622 18
      vertex 47.5212 35.1672 18
    endloop
  endfacet
  facet normal 0 0 1
    outer loop
      vertex 45.9387 39.1465 18
      vertex 46.7 34.7622 18
      vertex 46.7 38.6378 18
    endloop
  endfacet
  facet normal 0 0 1
    outer loop
      vertex 45.9387 39.1465 18
      vertex 45.9387 34.2535 18
      vertex 46.7 34.7622 18
    endloop
  endfacet
  facet normal 0 0 1
    outer loop
      vertex 45.2503 39.7503 18
      vertex 45.9387 34.2535 18
      vertex 45.9387 39.1465 18
    endloop
  endfacet
  facet normal 0 0 1
    outer loop
      vertex 45.2503 39.7503 18
      vertex 45.2503 33.6497 18
      vertex 45.9387 34.2535 18
    endloop
  endfacet
  facet normal 0 0 1
    outer loop
      vertex 44.6465 40.4387 18
      vertex 45.2503 33.6497 18
      vertex 45.2503 39.7503 18
    endloop
  endfacet
  facet normal 0 0 1
    outer loop
      vertex 44.6465 40.4387 18
      vertex 44.6465 32.9613 18
      vertex 45.2503 33.6497 18
    endloop
  endfacet
  facet normal 0 0 1
    outer loop
      vertex 37.6172 42.0212 18
      vertex 43.7328 42.0212 18
      vertex 37.9115 42.8883 18
    endloop
  endfacet
  facet normal 0 0 1
    outer loop
      vertex 43.7328 42.0212 18
      vertex 37.6172 42.0212 18
      vertex 44.1378 41.2 18
    endloop
  endfacet
  facet normal 0 0 1
    outer loop
      vertex 37.9115 42.8883 18
      vertex 43.4385 42.8883 18
      vertex 38.0901 43.7863 18
    endloop
  endfacet
  facet normal 0 0 1
    outer loop
      vertex 43.4385 42.8883 18
      vertex 37.9115 42.8883 18
      vertex 43.7328 42.0212 18
    endloop
  endfacet
  facet normal 0 0 1
    outer loop
      vertex 43.2599 43.7863 18
      vertex 38.0901 43.7863 18
      vertex 43.4385 42.8883 18
    endloop
  endfacet
  facet normal 0 0 1
    outer loop
      vertex 37.2122 41.2 18
      vertex 44.1378 41.2 18
      vertex 37.6172 42.0212 18
    endloop
  endfacet
  facet normal 0 0 1
    outer loop
      vertex 38.0901 43.7863 18
      vertex 43.2599 43.7863 18
      vertex 38.15 44.7 18
    endloop
  endfacet
  facet normal 0 0 1
    outer loop
      vertex 44.1378 41.2 18
      vertex 37.2122 41.2 18
      vertex 44.6465 40.4387 18
    endloop
  endfacet
  facet normal -0 0 1
    outer loop
      vertex 38.15 44.7 18
      vertex 43.2599 43.7863 18
      vertex 43.2 44.7 18
    endloop
  endfacet
  facet normal 0 0 1
    outer loop
      vertex 36.7035 40.4387 18
      vertex 44.6465 40.4387 18
      vertex 37.2122 41.2 18
    endloop
  endfacet
  facet normal 0 0 1
    outer loop
      vertex 64.9887 50.2535 18
      vertex 56.2622 57.2 18
      vertex 64.3003 49.6497 18
    endloop
  endfacet
  facet normal 0 0 1
    outer loop
      vertex 63.1878 48.2 18
      vertex 57.1401 45.6137 18
      vertex 57.2 44.7 18
    endloop
  endfacet
  facet normal -0 0 1
    outer loop
      vertex 55.7535 56.4387 18
      vertex 64.3003 49.6497 18
      vertex 56.2622 57.2 18
    endloop
  endfacet
  facet normal 0 0 1
    outer loop
      vertex 63.1878 48.2 18
      vertex 56.9615 46.5117 18
      vertex 57.1401 45.6137 18
    endloop
  endfacet
  facet normal 0 0 1
    outer loop
      vertex 64.3003 49.6497 18
      vertex 55.7535 56.4387 18
      vertex 63.6965 48.9613 18
    endloop
  endfacet
  facet normal 0 0 1
    outer loop
      vertex 63.1878 48.2 18
      vertex 56.6672 47.3788 18
      vertex 56.9615 46.5117 18
    endloop
  endfacet
  facet normal 0 0 1
    outer loop
      vertex 55.7535 48.9613 18
      vertex 63.6965 48.9613 18
      vertex 55.7535 56.4387 18
    endloop
  endfacet
  facet normal 0 0 1
    outer loop
      vertex 63.1878 48.2 18
      vertex 56.2622 48.2 18
      vertex 56.6672 47.3788 18
    endloop
  endfacet
  facet normal 0 0 1
    outer loop
      vertex 63.6965 48.9613 18
      vertex 55.7535 48.9613 18
      vertex 63.1878 48.2 18
    endloop
  endfacet
  facet normal 0 0 1
    outer loop
      vertex 63.1878 48.2 18
      vertex 55.7535 48.9613 18
      vertex 56.2622 48.2 18
    endloop
  endfacet
  facet normal -0 0 1
    outer loop
      vertex 55.1497 55.7503 18
      vertex 55.7535 48.9613 18
      vertex 55.7535 56.4387 18
    endloop
  endfacet
  facet normal 0 0 1
    outer loop
      vertex 55.1497 55.7503 18
      vertex 55.1497 49.6497 18
      vertex 55.7535 48.9613 18
    endloop
  endfacet
  facet normal -0 0 1
    outer loop
      vertex 54.4613 55.1465 18
      vertex 55.1497 49.6497 18
      vertex 55.1497 55.7503 18
    endloop
  endfacet
  facet normal 0 0 1
    outer loop
      vertex 54.4613 55.1465 18
      vertex 54.4613 50.2535 18
      vertex 55.1497 49.6497 18
    endloop
  endfacet
  facet normal -0 0 1
    outer loop
      vertex 53.7 54.6378 18
      vertex 54.4613 50.2535 18
      vertex 54.4613 55.1465 18
    endloop
  endfacet
  facet normal 0 0 1
    outer loop
      vertex 53.7 54.6378 18
      vertex 53.7 50.7622 18
      vertex 54.4613 50.2535 18
    endloop
  endfacet
  facet normal -0 0 1
    outer loop
      vertex 52.8788 54.2328 18
      vertex 53.7 50.7622 18
      vertex 53.7 54.6378 18
    endloop
  endfacet
  facet normal 0 0 1
    outer loop
      vertex 52.8788 54.2328 18
      vertex 52.8788 51.1672 18
      vertex 53.7 50.7622 18
    endloop
  endfacet
  facet normal -0 0 1
    outer loop
      vertex 52.0117 53.9385 18
      vertex 52.8788 51.1672 18
      vertex 52.8788 54.2328 18
    endloop
  endfacet
  facet normal 0 0 1
    outer loop
      vertex 52.0117 53.9385 18
      vertex 52.0117 51.4615 18
      vertex 52.8788 51.1672 18
    endloop
  endfacet
  facet normal -0 0 1
    outer loop
      vertex 51.1137 53.7599 18
      vertex 52.0117 51.4615 18
      vertex 52.0117 53.9385 18
    endloop
  endfacet
  facet normal 0 0 1
    outer loop
      vertex 51.1137 53.7599 18
      vertex 51.1137 51.6401 18
      vertex 52.0117 51.4615 18
    endloop
  endfacet
  facet normal -0 0 1
    outer loop
      vertex 50.2 53.7 18
      vertex 51.1137 51.6401 18
      vertex 51.1137 53.7599 18
    endloop
  endfacet
  facet normal 0 0 1
    outer loop
      vertex 50.2 53.7 18
      vertex 50.2 51.7 18
      vertex 51.1137 51.6401 18
    endloop
  endfacet
  facet normal 0 0 1
    outer loop
      vertex 49.2863 53.7599 18
      vertex 50.2 51.7 18
      vertex 50.2 53.7 18
    endloop
  endfacet
  facet normal 0 0 1
    outer loop
      vertex 49.2863 53.7599 18
      vertex 49.2863 51.6401 18
      vertex 50.2 51.7 18
    endloop
  endfacet
  facet normal 0 0 1
    outer loop
      vertex 48.3883 53.9385 18
      vertex 49.2863 51.6401 18
      vertex 49.2863 53.7599 18
    endloop
  endfacet
  facet normal 0 0 1
    outer loop
      vertex 48.3883 53.9385 18
      vertex 48.3883 51.4615 18
      vertex 49.2863 51.6401 18
    endloop
  endfacet
  facet normal 0 0 1
    outer loop
      vertex 47.5212 54.2328 18
      vertex 48.3883 51.4615 18
      vertex 48.3883 53.9385 18
    endloop
  endfacet
  facet normal 0 0 1
    outer loop
      vertex 47.5212 54.2328 18
      vertex 47.5212 51.1672 18
      vertex 48.3883 51.4615 18
    endloop
  endfacet
  facet normal 0 0 1
    outer loop
      vertex 46.7 54.6378 18
      vertex 47.5212 51.1672 18
      vertex 47.5212 54.2328 18
    endloop
  endfacet
  facet normal 0 0 1
    outer loop
      vertex 46.7 54.6378 18
      vertex 46.7 50.7622 18
      vertex 47.5212 51.1672 18
    endloop
  endfacet
  facet normal 0 0 1
    outer loop
      vertex 45.9387 55.1465 18
      vertex 46.7 50.7622 18
      vertex 46.7 54.6378 18
    endloop
  endfacet
  facet normal 0 0 1
    outer loop
      vertex 45.9387 55.1465 18
      vertex 45.9387 50.2535 18
      vertex 46.7 50.7622 18
    endloop
  endfacet
  facet normal 0 0 1
    outer loop
      vertex 45.2503 55.7503 18
      vertex 45.9387 50.2535 18
      vertex 45.9387 55.1465 18
    endloop
  endfacet
  facet normal 0 0 1
    outer loop
      vertex 45.2503 55.7503 18
      vertex 45.2503 49.6497 18
      vertex 45.9387 50.2535 18
    endloop
  endfacet
  facet normal 0 0 1
    outer loop
      vertex 44.6465 56.4387 18
      vertex 45.2503 49.6497 18
      vertex 45.2503 55.7503 18
    endloop
  endfacet
  facet normal 0 0 1
    outer loop
      vertex 44.6465 56.4387 18
      vertex 44.6465 48.9613 18
      vertex 45.2503 49.6497 18
    endloop
  endfacet
  facet normal 0 0 1
    outer loop
      vertex 36.0997 49.6497 18
      vertex 44.6465 56.4387 18
      vertex 44.1378 57.2 18
    endloop
  endfacet
  facet normal 0 0 1
    outer loop
      vertex 44.6465 56.4387 18
      vertex 36.7035 48.9613 18
      vertex 44.6465 48.9613 18
    endloop
  endfacet
  facet normal 0 0 1
    outer loop
      vertex 35.4113 50.2535 18
      vertex 44.1378 57.2 18
      vertex 43.7328 58.0212 18
    endloop
  endfacet
  facet normal 0 0 1
    outer loop
      vertex 44.6465 48.9613 18
      vertex 36.7035 48.9613 18
      vertex 44.1378 48.2 18
    endloop
  endfacet
  facet normal 0 0 1
    outer loop
      vertex 34.65 50.7622 18
      vertex 43.7328 58.0212 18
      vertex 43.4385 58.8883 18
    endloop
  endfacet
  facet normal 0 -0 1
    outer loop
      vertex 37.2122 48.2 18
      vertex 44.1378 48.2 18
      vertex 36.7035 48.9613 18
    endloop
  endfacet
  facet normal 0 0 1
    outer loop
      vertex 33.8288 51.1672 18
      vertex 43.4385 58.8883 18
      vertex 43.2599 59.7863 18
    endloop
  endfacet
  facet normal 0 0 1
    outer loop
      vertex 44.1378 48.2 18
      vertex 37.2122 48.2 18
      vertex 43.7328 47.3788 18
    endloop
  endfacet
  facet normal 0 0 1
    outer loop
      vertex 32.9617 51.4615 18
      vertex 43.2599 59.7863 18
      vertex 43.2 60.7 18
    endloop
  endfacet
  facet normal 0 -0 1
    outer loop
      vertex 37.6172 47.3788 18
      vertex 43.7328 47.3788 18
      vertex 37.2122 48.2 18
    endloop
  endfacet
  facet normal 0 0 1
    outer loop
      vertex 95.7 81.2 18
      vertex 98.2 78.7 18
      vertex 98.1786 79.0263 18
    endloop
  endfacet
  facet normal 0 0 1
    outer loop
      vertex 98.2 78.7 18
      vertex 76.25 44.7 18
      vertex 98.2 4.7 18
    endloop
  endfacet
  facet normal 0 0 1
    outer loop
      vertex 95.7 81.2 18
      vertex 98.1786 79.0263 18
      vertex 98.1148 79.347 18
    endloop
  endfacet
  facet normal -0 0 1
    outer loop
      vertex 76.1901 43.7863 18
      vertex 98.2 4.7 18
      vertex 76.25 44.7 18
    endloop
  endfacet
  facet normal 0 0 1
    outer loop
      vertex 95.7 81.2 18
      vertex 98.1148 79.347 18
      vertex 98.0097 79.6567 18
    endloop
  endfacet
  facet normal -0 0 1
    outer loop
      vertex 76.0115 42.8883 18
      vertex 98.2 4.7 18
      vertex 76.1901 43.7863 18
    endloop
  endfacet
  facet normal 0 0 1
    outer loop
      vertex 95.7 81.2 18
      vertex 98.0097 79.6567 18
      vertex 97.8651 79.95 18
    endloop
  endfacet
  facet normal -0 0 1
    outer loop
      vertex 75.7172 42.0212 18
      vertex 98.2 4.7 18
      vertex 76.0115 42.8883 18
    endloop
  endfacet
  facet normal 0 0 1
    outer loop
      vertex 95.7 81.2 18
      vertex 97.8651 79.95 18
      vertex 97.6834 80.2219 18
    endloop
  endfacet
  facet normal -0 0 1
    outer loop
      vertex 75.3122 41.2 18
      vertex 98.2 4.7 18
      vertex 75.7172 42.0212 18
    endloop
  endfacet
  facet normal 0 0 1
    outer loop
      vertex 95.7 81.2 18
      vertex 97.6834 80.2219 18
      vertex 97.4678 80.4678 18
    endloop
  endfacet
  facet normal -0 0 1
    outer loop
      vertex 74.8035 40.4387 18
      vertex 98.2 4.7 18
      vertex 75.3122 41.2 18
    endloop
  endfacet
  facet normal 0 0 1
    outer loop
      vertex 95.7 81.2 18
      vertex 97.4678 80.4678 18
      vertex 97.2219 80.6834 18
    endloop
  endfacet
  facet normal -0 0 1
    outer loop
      vertex 74.1997 39.7503 18
      vertex 98.2 4.7 18
      vertex 74.8035 40.4387 18
    endloop
  endfacet
  facet normal 0 0 1
    outer loop
      vertex 95.7 81.2 18
      vertex 97.2219 80.6834 18
      vertex 96.95 80.8651 18
    endloop
  endfacet
  facet normal -0 0 1
    outer loop
      vertex 73.5113 39.1465 18
      vertex 98.2 4.7 18
      vertex 74.1997 39.7503 18
    endloop
  endfacet
  facet normal 0 0 1
    outer loop
      vertex 95.7 81.2 18
      vertex 96.95 80.8651 18
      vertex 96.6567 81.0097 18
    endloop
  endfacet
  facet normal -0 0 1
    outer loop
      vertex 72.75 38.6378 18
      vertex 98.2 4.7 18
      vertex 73.5113 39.1465 18
    endloop
  endfacet
  facet normal 0 0 1
    outer loop
      vertex 95.7 81.2 18
      vertex 96.6567 81.0097 18
      vertex 96.347 81.1148 18
    endloop
  endfacet
  facet normal -0 0 1
    outer loop
      vertex 71.9288 38.2328 18
      vertex 98.2 4.7 18
      vertex 72.75 38.6378 18
    endloop
  endfacet
  facet normal 0 0 1
    outer loop
      vertex 95.7 81.2 18
      vertex 96.347 81.1148 18
      vertex 96.0263 81.1786 18
    endloop
  endfacet
  facet normal 0 0 1
    outer loop
      vertex 98.2 4.7 18
      vertex 95.7 2.2 18
      vertex 98.1786 4.37369 18
    endloop
  endfacet
  facet normal 0 0 1
    outer loop
      vertex 72.75 50.7622 18
      vertex 98.2 78.7 18
      vertex 95.7 81.2 18
    endloop
  endfacet
  facet normal 0 0 1
    outer loop
      vertex 98.1786 4.37369 18
      vertex 95.7 2.2 18
      vertex 98.1148 4.05295 18
    endloop
  endfacet
  facet normal 0 0 1
    outer loop
      vertex 98.0097 3.74329 18
      vertex 95.7 2.2 18
      vertex 97.8651 3.45 18
    endloop
  endfacet
  facet normal 0 0 1
    outer loop
      vertex 98.2 78.7 18
      vertex 76.1901 45.6137 18
      vertex 76.25 44.7 18
    endloop
  endfacet
  facet normal 0 0 1
    outer loop
      vertex 98.2 78.7 18
      vertex 76.0115 46.5117 18
      vertex 76.1901 45.6137 18
    endloop
  endfacet
  facet normal 0 0 1
    outer loop
      vertex 98.2 78.7 18
      vertex 75.7172 47.3788 18
      vertex 76.0115 46.5117 18
    endloop
  endfacet
  facet normal 0 0 1
    outer loop
      vertex 98.2 78.7 18
      vertex 75.3122 48.2 18
      vertex 75.7172 47.3788 18
    endloop
  endfacet
  facet normal 0 0 1
    outer loop
      vertex 98.2 78.7 18
      vertex 74.8035 48.9613 18
      vertex 75.3122 48.2 18
    endloop
  endfacet
  facet normal 0 0 1
    outer loop
      vertex 98.2 78.7 18
      vertex 74.1997 49.6497 18
      vertex 74.8035 48.9613 18
    endloop
  endfacet
  facet normal 0 0 1
    outer loop
      vertex 98.2 78.7 18
      vertex 73.5113 50.2535 18
      vertex 74.1997 49.6497 18
    endloop
  endfacet
  facet normal 0 0 1
    outer loop
      vertex 98.2 78.7 18
      vertex 72.75 50.7622 18
      vertex 73.5113 50.2535 18
    endloop
  endfacet
  facet normal 0 0 1
    outer loop
      vertex 95.7 81.2 18
      vertex 71.9288 51.1672 18
      vertex 72.75 50.7622 18
    endloop
  endfacet
  facet normal 0 0 1
    outer loop
      vertex 95.7 81.2 18
      vertex 71.0617 51.4615 18
      vertex 71.9288 51.1672 18
    endloop
  endfacet
  facet normal -0 0 1
    outer loop
      vertex 56.6672 63.3788 18
      vertex 71.0617 51.4615 18
      vertex 95.7 81.2 18
    endloop
  endfacet
  facet normal 0 0 1
    outer loop
      vertex 71.0617 51.4615 18
      vertex 56.6672 63.3788 18
      vertex 70.1637 51.6401 18
    endloop
  endfacet
  facet normal -0 -0 1
    outer loop
      vertex 56.9615 62.5117 18
      vertex 70.1637 51.6401 18
      vertex 56.6672 63.3788 18
    endloop
  endfacet
  facet normal 0 0 1
    outer loop
      vertex 70.1637 51.6401 18
      vertex 56.9615 62.5117 18
      vertex 69.25 51.7 18
    endloop
  endfacet
  facet normal -0 -0 1
    outer loop
      vertex 57.1401 61.6137 18
      vertex 69.25 51.7 18
      vertex 56.9615 62.5117 18
    endloop
  endfacet
  facet normal -0 -0 1
    outer loop
      vertex 57.2 60.7 18
      vertex 68.3363 51.6401 18
      vertex 57.1401 61.6137 18
    endloop
  endfacet
  facet normal 0 0 1
    outer loop
      vertex 68.3363 51.6401 18
      vertex 57.2 60.7 18
      vertex 67.4383 51.4615 18
    endloop
  endfacet
  facet normal -0 0 1
    outer loop
      vertex 57.1401 59.7863 18
      vertex 67.4383 51.4615 18
      vertex 57.2 60.7 18
    endloop
  endfacet
  facet normal 0 0 1
    outer loop
      vertex 62.4885 46.5117 18
      vertex 57.2 44.7 18
      vertex 62.3099 45.6137 18
    endloop
  endfacet
  facet normal 0 0 1
    outer loop
      vertex 62.7828 47.3788 18
      vertex 57.2 44.7 18
      vertex 62.4885 46.5117 18
    endloop
  endfacet
  facet normal 0 0 1
    outer loop
      vertex 63.1878 48.2 18
      vertex 57.2 44.7 18
      vertex 62.7828 47.3788 18
    endloop
  endfacet
  facet normal -0 0 1
    outer loop
      vertex 56.2622 57.2 18
      vertex 64.9887 50.2535 18
      vertex 56.6672 58.0212 18
    endloop
  endfacet
  facet normal 0 0 1
    outer loop
      vertex 65.75 50.7622 18
      vertex 56.6672 58.0212 18
      vertex 64.9887 50.2535 18
    endloop
  endfacet
  facet normal -0 0 1
    outer loop
      vertex 56.6672 58.0212 18
      vertex 65.75 50.7622 18
      vertex 56.9615 58.8883 18
    endloop
  endfacet
  facet normal -0 0 1
    outer loop
      vertex 56.9615 58.8883 18
      vertex 66.5712 51.1672 18
      vertex 57.1401 59.7863 18
    endloop
  endfacet
  facet normal 0 0 1
    outer loop
      vertex 66.5712 51.1672 18
      vertex 56.9615 58.8883 18
      vertex 65.75 50.7622 18
    endloop
  endfacet
  facet normal 0 0 1
    outer loop
      vertex 67.4383 51.4615 18
      vertex 57.1401 59.7863 18
      vertex 66.5712 51.1672 18
    endloop
  endfacet
  facet normal 0 0 1
    outer loop
      vertex 69.25 51.7 18
      vertex 57.1401 61.6137 18
      vertex 68.3363 51.6401 18
    endloop
  endfacet
  facet normal 0 0 1
    outer loop
      vertex 95.7 81.2 18
      vertex 56.2622 64.2 18
      vertex 56.6672 63.3788 18
    endloop
  endfacet
  facet normal 0 0 1
    outer loop
      vertex 95.7 81.2 18
      vertex 55.7535 64.9613 18
      vertex 56.2622 64.2 18
    endloop
  endfacet
  facet normal 0 0 1
    outer loop
      vertex 95.7 81.2 18
      vertex 55.1497 65.6497 18
      vertex 55.7535 64.9613 18
    endloop
  endfacet
  facet normal 0 0 1
    outer loop
      vertex 95.7 81.2 18
      vertex 54.4613 66.2535 18
      vertex 55.1497 65.6497 18
    endloop
  endfacet
  facet normal 0 0 1
    outer loop
      vertex 95.7 81.2 18
      vertex 53.7 66.7622 18
      vertex 54.4613 66.2535 18
    endloop
  endfacet
  facet normal 0 0 1
    outer loop
      vertex 95.7 81.2 18
      vertex 52.8788 67.1672 18
      vertex 53.7 66.7622 18
    endloop
  endfacet
  facet normal 0 0 1
    outer loop
      vertex 95.7 81.2 18
      vertex 52.0117 67.4615 18
      vertex 52.8788 67.1672 18
    endloop
  endfacet
  facet normal 0 0 1
    outer loop
      vertex 95.7 81.2 18
      vertex 51.1137 67.6401 18
      vertex 52.0117 67.4615 18
    endloop
  endfacet
  facet normal 0 0 1
    outer loop
      vertex 95.7 81.2 18
      vertex 50.2 67.7 18
      vertex 51.1137 67.6401 18
    endloop
  endfacet
  facet normal -0 0 1
    outer loop
      vertex 4.7 81.2 18
      vertex 50.2 67.7 18
      vertex 95.7 81.2 18
    endloop
  endfacet
  facet normal 0 0 1
    outer loop
      vertex 50.2 67.7 18
      vertex 4.7 81.2 18
      vertex 49.2863 67.6401 18
    endloop
  endfacet
  facet normal 0 -0 1
    outer loop
      vertex 37.9115 46.5117 18
      vertex 43.4385 46.5117 18
      vertex 37.6172 47.3788 18
    endloop
  endfacet
  facet normal 0 0 1
    outer loop
      vertex 44.6465 40.4387 18
      vertex 36.7035 40.4387 18
      vertex 44.6465 32.9613 18
    endloop
  endfacet
  facet normal 0 0 1
    outer loop
      vertex 32.0637 51.6401 18
      vertex 43.2 60.7 18
      vertex 43.2599 61.6137 18
    endloop
  endfacet
  facet normal 0 0 1
    outer loop
      vertex 31.15 51.7 18
      vertex 43.2599 61.6137 18
      vertex 43.4385 62.5117 18
    endloop
  endfacet
  facet normal 0 0 1
    outer loop
      vertex 43.2 44.7 18
      vertex 38.0901 45.6137 18
      vertex 38.15 44.7 18
    endloop
  endfacet
  facet normal 0 0 1
    outer loop
      vertex 43.2599 45.6137 18
      vertex 38.0901 45.6137 18
      vertex 43.2 44.7 18
    endloop
  endfacet
  facet normal 0 0 1
    outer loop
      vertex 30.2363 51.6401 18
      vertex 43.4385 62.5117 18
      vertex 43.7328 63.3788 18
    endloop
  endfacet
  facet normal 0 -0 1
    outer loop
      vertex 38.0901 45.6137 18
      vertex 43.2599 45.6137 18
      vertex 37.9115 46.5117 18
    endloop
  endfacet
  facet normal 0 0 1
    outer loop
      vertex 43.4385 46.5117 18
      vertex 37.9115 46.5117 18
      vertex 43.2599 45.6137 18
    endloop
  endfacet
  facet normal 0 0 1
    outer loop
      vertex 43.7328 47.3788 18
      vertex 37.6172 47.3788 18
      vertex 43.4385 46.5117 18
    endloop
  endfacet
  facet normal 0 0 1
    outer loop
      vertex 44.6465 56.4387 18
      vertex 36.0997 49.6497 18
      vertex 36.7035 48.9613 18
    endloop
  endfacet
  facet normal 0 0 1
    outer loop
      vertex 4.7 81.2 18
      vertex 43.7328 63.3788 18
      vertex 44.1378 64.2 18
    endloop
  endfacet
  facet normal 0 0 1
    outer loop
      vertex 44.1378 57.2 18
      vertex 35.4113 50.2535 18
      vertex 36.0997 49.6497 18
    endloop
  endfacet
  facet normal 0 0 1
    outer loop
      vertex 43.7328 58.0212 18
      vertex 34.65 50.7622 18
      vertex 35.4113 50.2535 18
    endloop
  endfacet
  facet normal 0 0 1
    outer loop
      vertex 4.7 81.2 18
      vertex 44.1378 64.2 18
      vertex 44.6465 64.9613 18
    endloop
  endfacet
  facet normal 0 0 1
    outer loop
      vertex 43.4385 58.8883 18
      vertex 33.8288 51.1672 18
      vertex 34.65 50.7622 18
    endloop
  endfacet
  facet normal 0 0 1
    outer loop
      vertex 43.2599 59.7863 18
      vertex 32.9617 51.4615 18
      vertex 33.8288 51.1672 18
    endloop
  endfacet
  facet normal 0 0 1
    outer loop
      vertex 43.2 60.7 18
      vertex 32.0637 51.6401 18
      vertex 32.9617 51.4615 18
    endloop
  endfacet
  facet normal 0 0 1
    outer loop
      vertex 4.7 81.2 18
      vertex 44.6465 64.9613 18
      vertex 45.2503 65.6497 18
    endloop
  endfacet
  facet normal 0 0 1
    outer loop
      vertex 43.2599 61.6137 18
      vertex 31.15 51.7 18
      vertex 32.0637 51.6401 18
    endloop
  endfacet
  facet normal 0 0 1
    outer loop
      vertex 43.4385 62.5117 18
      vertex 30.2363 51.6401 18
      vertex 31.15 51.7 18
    endloop
  endfacet
  facet normal 0 0 1
    outer loop
      vertex 43.7328 63.3788 18
      vertex 29.3383 51.4615 18
      vertex 30.2363 51.6401 18
    endloop
  endfacet
  facet normal 0 0 1
    outer loop
      vertex 43.7328 63.3788 18
      vertex 4.7 81.2 18
      vertex 29.3383 51.4615 18
    endloop
  endfacet
  facet normal 0 0 1
    outer loop
      vertex 4.7 81.2 18
      vertex 45.2503 65.6497 18
      vertex 45.9387 66.2535 18
    endloop
  endfacet
  facet normal 0 0 1
    outer loop
      vertex 29.3383 51.4615 18
      vertex 4.7 81.2 18
      vertex 28.4712 51.1672 18
    endloop
  endfacet
  facet normal 0 0 1
    outer loop
      vertex 28.4712 51.1672 18
      vertex 4.7 81.2 18
      vertex 27.65 50.7622 18
    endloop
  endfacet
  facet normal 0 0 1
    outer loop
      vertex 2.2 78.7 18
      vertex 24.15 44.7 18
      vertex 24.2099 45.6137 18
    endloop
  endfacet
  facet normal 0 0 1
    outer loop
      vertex 2.2 78.7 18
      vertex 24.2099 45.6137 18
      vertex 24.3885 46.5117 18
    endloop
  endfacet
  facet normal 0 0 1
    outer loop
      vertex 24.15 44.7 18
      vertex 2.2 78.7 18
      vertex 14.7 16.7 18
    endloop
  endfacet
  facet normal 0 0 1
    outer loop
      vertex 24.6828 47.3788 18
      vertex 2.2 78.7 18
      vertex 24.3885 46.5117 18
    endloop
  endfacet
  facet normal 0 0 1
    outer loop
      vertex 25.0878 48.2 18
      vertex 2.2 78.7 18
      vertex 24.6828 47.3788 18
    endloop
  endfacet
  facet normal 0 0 1
    outer loop
      vertex 25.5965 48.9613 18
      vertex 2.2 78.7 18
      vertex 25.0878 48.2 18
    endloop
  endfacet
  facet normal 0 0 1
    outer loop
      vertex 26.2003 49.6497 18
      vertex 2.2 78.7 18
      vertex 25.5965 48.9613 18
    endloop
  endfacet
  facet normal 0 0 1
    outer loop
      vertex 26.8887 50.2535 18
      vertex 2.2 78.7 18
      vertex 26.2003 49.6497 18
    endloop
  endfacet
  facet normal 0 0 1
    outer loop
      vertex 27.65 50.7622 18
      vertex 2.2 78.7 18
      vertex 26.8887 50.2535 18
    endloop
  endfacet
  facet normal -0 0 1
    outer loop
      vertex 2.2 78.7 18
      vertex 27.65 50.7622 18
      vertex 4.7 81.2 18
    endloop
  endfacet
  facet normal 0 0 1
    outer loop
      vertex 46.7 66.7622 18
      vertex 4.7 81.2 18
      vertex 45.9387 66.2535 18
    endloop
  endfacet
  facet normal 0 0 1
    outer loop
      vertex 47.5212 67.1672 18
      vertex 4.7 81.2 18
      vertex 46.7 66.7622 18
    endloop
  endfacet
  facet normal 0 0 1
    outer loop
      vertex 48.3883 67.4615 18
      vertex 4.7 81.2 18
      vertex 47.5212 67.1672 18
    endloop
  endfacet
  facet normal 0 0 1
    outer loop
      vertex 49.2863 67.6401 18
      vertex 4.7 81.2 18
      vertex 48.3883 67.4615 18
    endloop
  endfacet
  facet normal 0 0 1
    outer loop
      vertex 97.6834 3.1781 18
      vertex 95.7 2.2 18
      vertex 97.4678 2.93224 18
    endloop
  endfacet
  facet normal 0 0 1
    outer loop
      vertex 97.4678 2.93224 18
      vertex 95.7 2.2 18
      vertex 97.2219 2.71662 18
    endloop
  endfacet
  facet normal 0 0 1
    outer loop
      vertex 96.95 2.53493 18
      vertex 95.7 2.2 18
      vertex 96.6567 2.39031 18
    endloop
  endfacet
  facet normal 0 0 1
    outer loop
      vertex 96.6567 2.39031 18
      vertex 95.7 2.2 18
      vertex 96.347 2.28519 18
    endloop
  endfacet
  facet normal 0 0 1
    outer loop
      vertex 96.347 2.28519 18
      vertex 95.7 2.2 18
      vertex 96.0263 2.22139 18
    endloop
  endfacet
  facet normal 0 0 1
    outer loop
      vertex 97.2219 2.71662 18
      vertex 95.7 2.2 18
      vertex 96.95 2.53493 18
    endloop
  endfacet
  facet normal 0 0 1
    outer loop
      vertex 97.8651 3.45 18
      vertex 95.7 2.2 18
      vertex 97.6834 3.1781 18
    endloop
  endfacet
  facet normal 0 0 1
    outer loop
      vertex 98.1148 4.05295 18
      vertex 95.7 2.2 18
      vertex 98.0097 3.74329 18
    endloop
  endfacet
  facet normal 0 0 1
    outer loop
      vertex 98.2 4.7 18
      vertex 71.9288 38.2328 18
      vertex 95.7 2.2 18
    endloop
  endfacet
  facet normal -0 0 1
    outer loop
      vertex 71.0617 37.9385 18
      vertex 95.7 2.2 18
      vertex 71.9288 38.2328 18
    endloop
  endfacet
  facet normal 0 0 1
    outer loop
      vertex 56.6672 26.0212 18
      vertex 71.0617 37.9385 18
      vertex 70.1637 37.7599 18
    endloop
  endfacet
  facet normal 0 0 1
    outer loop
      vertex 56.9615 26.8883 18
      vertex 70.1637 37.7599 18
      vertex 69.25 37.7 18
    endloop
  endfacet
  facet normal 0 0 1
    outer loop
      vertex 57.1401 27.7863 18
      vertex 69.25 37.7 18
      vertex 68.3363 37.7599 18
    endloop
  endfacet
  facet normal 0 0 1
    outer loop
      vertex 57.2 28.7 18
      vertex 68.3363 37.7599 18
      vertex 67.4383 37.9385 18
    endloop
  endfacet
  facet normal 0 0 1
    outer loop
      vertex 57.2 28.7 18
      vertex 67.4383 37.9385 18
      vertex 66.5712 38.2328 18
    endloop
  endfacet
  facet normal 0 0 1
    outer loop
      vertex 57.2 28.7 18
      vertex 66.5712 38.2328 18
      vertex 65.75 38.6378 18
    endloop
  endfacet
  facet normal 0 0 1
    outer loop
      vertex 57.2 28.7 18
      vertex 65.75 38.6378 18
      vertex 64.9887 39.1465 18
    endloop
  endfacet
  facet normal 0 0 1
    outer loop
      vertex 57.2 28.7 18
      vertex 64.9887 39.1465 18
      vertex 64.3003 39.7503 18
    endloop
  endfacet
  facet normal 0 0 1
    outer loop
      vertex 57.2 28.7 18
      vertex 64.3003 39.7503 18
      vertex 63.6965 40.4387 18
    endloop
  endfacet
  facet normal 0 0 1
    outer loop
      vertex 62.3099 45.6137 18
      vertex 57.2 44.7 18
      vertex 62.25 44.7 18
    endloop
  endfacet
  facet normal 0 0 1
    outer loop
      vertex 62.25 44.7 18
      vertex 57.2 44.7 18
      vertex 62.3099 43.7863 18
    endloop
  endfacet
  facet normal 0 0 1
    outer loop
      vertex 57.1401 43.7863 18
      vertex 62.3099 43.7863 18
      vertex 57.2 44.7 18
    endloop
  endfacet
  facet normal 0 0 1
    outer loop
      vertex 62.3099 43.7863 18
      vertex 57.1401 43.7863 18
      vertex 62.4885 42.8883 18
    endloop
  endfacet
  facet normal 0 0 1
    outer loop
      vertex 56.9615 42.8883 18
      vertex 62.4885 42.8883 18
      vertex 57.1401 43.7863 18
    endloop
  endfacet
  facet normal 0 0 1
    outer loop
      vertex 62.4885 42.8883 18
      vertex 56.9615 42.8883 18
      vertex 62.7828 42.0212 18
    endloop
  endfacet
  facet normal 0 0 1
    outer loop
      vertex 56.6672 42.0212 18
      vertex 62.7828 42.0212 18
      vertex 56.9615 42.8883 18
    endloop
  endfacet
  facet normal 0 0 1
    outer loop
      vertex 68.3363 37.7599 18
      vertex 57.2 28.7 18
      vertex 57.1401 27.7863 18
    endloop
  endfacet
  facet normal 0 0 1
    outer loop
      vertex 69.25 37.7 18
      vertex 57.1401 27.7863 18
      vertex 56.9615 26.8883 18
    endloop
  endfacet
  facet normal 0 0 1
    outer loop
      vertex 70.1637 37.7599 18
      vertex 56.9615 26.8883 18
      vertex 56.6672 26.0212 18
    endloop
  endfacet
  facet normal 0 0 1
    outer loop
      vertex 71.0617 37.9385 18
      vertex 56.6672 26.0212 18
      vertex 54.7 16.7 18
    endloop
  endfacet
  facet normal 0 0 1
    outer loop
      vertex 54.7 16.7 18
      vertex 56.6672 26.0212 18
      vertex 56.2622 25.2 18
    endloop
  endfacet
  facet normal 0 0 1
    outer loop
      vertex 54.7 16.7 18
      vertex 56.2622 25.2 18
      vertex 55.7535 24.4387 18
    endloop
  endfacet
  facet normal 0 0 1
    outer loop
      vertex 54.7 16.7 18
      vertex 55.7535 24.4387 18
      vertex 55.1497 23.7503 18
    endloop
  endfacet
  facet normal 0 0 1
    outer loop
      vertex 71.0617 37.9385 18
      vertex 54.7 16.7 18
      vertex 95.7 2.2 18
    endloop
  endfacet
  facet normal -0 0 1
    outer loop
      vertex 54.7 6.7 18
      vertex 95.7 2.2 18
      vertex 54.7 16.7 18
    endloop
  endfacet
  facet normal 0 0 1
    outer loop
      vertex 4.7 2.2 18
      vertex 54.7 6.7 18
      vertex 14.7 6.7 18
    endloop
  endfacet
  facet normal 0 0 1
    outer loop
      vertex 54.7 6.7 18
      vertex 4.7 2.2 18
      vertex 95.7 2.2 18
    endloop
  endfacet
  facet normal 0 0 1
    outer loop
      vertex 2.2 4.7 18
      vertex 14.7 16.7 18
      vertex 2.2 78.7 18
    endloop
  endfacet
  facet normal 0 0 1
    outer loop
      vertex 2.2 78.7 18
      vertex 4.7 81.2 18
      vertex 4.37369 81.1786 18
    endloop
  endfacet
  facet normal 0 0 1
    outer loop
      vertex 14.7 16.7 18
      vertex 2.2 4.7 18
      vertex 14.7 6.7 18
    endloop
  endfacet
  facet normal 0 0 1
    outer loop
      vertex 2.2 78.7 18
      vertex 4.37369 81.1786 18
      vertex 4.05295 81.1148 18
    endloop
  endfacet
  facet normal 0 0 1
    outer loop
      vertex 14.7 6.7 18
      vertex 2.2 4.7 18
      vertex 4.7 2.2 18
    endloop
  endfacet
  facet normal 0 0 1
    outer loop
      vertex 2.2 78.7 18
      vertex 4.05295 81.1148 18
      vertex 3.74329 81.0097 18
    endloop
  endfacet
  facet normal 0 0 1
    outer loop
      vertex 4.7 2.2 18
      vertex 2.2 4.7 18
      vertex 4.37369 2.22139 18
    endloop
  endfacet
  facet normal 0 0 1
    outer loop
      vertex 2.2 78.7 18
      vertex 3.74329 81.0097 18
      vertex 3.45 80.8651 18
    endloop
  endfacet
  facet normal 0 0 1
    outer loop
      vertex 4.37369 2.22139 18
      vertex 2.2 4.7 18
      vertex 4.05295 2.28519 18
    endloop
  endfacet
  facet normal 0 0 1
    outer loop
      vertex 2.2 78.7 18
      vertex 3.45 80.8651 18
      vertex 3.1781 80.6834 18
    endloop
  endfacet
  facet normal 0 0 1
    outer loop
      vertex 4.05295 2.28519 18
      vertex 2.2 4.7 18
      vertex 3.74329 2.39031 18
    endloop
  endfacet
  facet normal 0 0 1
    outer loop
      vertex 2.2 78.7 18
      vertex 3.1781 80.6834 18
      vertex 2.93224 80.4678 18
    endloop
  endfacet
  facet normal 0 0 1
    outer loop
      vertex 3.74329 2.39031 18
      vertex 2.2 4.7 18
      vertex 3.45 2.53493 18
    endloop
  endfacet
  facet normal 0 0 1
    outer loop
      vertex 2.2 78.7 18
      vertex 2.93224 80.4678 18
      vertex 2.71662 80.2219 18
    endloop
  endfacet
  facet normal 0 0 1
    outer loop
      vertex 3.45 2.53493 18
      vertex 2.2 4.7 18
      vertex 3.1781 2.71662 18
    endloop
  endfacet
  facet normal 0 0 1
    outer loop
      vertex 2.2 78.7 18
      vertex 2.71662 80.2219 18
      vertex 2.53493 79.95 18
    endloop
  endfacet
  facet normal 0 0 1
    outer loop
      vertex 3.1781 2.71662 18
      vertex 2.2 4.7 18
      vertex 2.93224 2.93224 18
    endloop
  endfacet
  facet normal 0 0 1
    outer loop
      vertex 2.2 78.7 18
      vertex 2.53493 79.95 18
      vertex 2.39031 79.6567 18
    endloop
  endfacet
  facet normal 0 0 1
    outer loop
      vertex 2.93224 2.93224 18
      vertex 2.2 4.7 18
      vertex 2.71662 3.1781 18
    endloop
  endfacet
  facet normal 0 0 1
    outer loop
      vertex 2.2 78.7 18
      vertex 2.39031 79.6567 18
      vertex 2.28519 79.347 18
    endloop
  endfacet
  facet normal 0 0 1
    outer loop
      vertex 2.71662 3.1781 18
      vertex 2.2 4.7 18
      vertex 2.53493 3.45 18
    endloop
  endfacet
  facet normal 0 0 1
    outer loop
      vertex 2.2 78.7 18
      vertex 2.28519 79.347 18
      vertex 2.22139 79.0263 18
    endloop
  endfacet
  facet normal 0 0 1
    outer loop
      vertex 2.53493 3.45 18
      vertex 2.2 4.7 18
      vertex 2.39031 3.74329 18
    endloop
  endfacet
  facet normal 0 0 1
    outer loop
      vertex 2.39031 3.74329 18
      vertex 2.2 4.7 18
      vertex 2.28519 4.05295 18
    endloop
  endfacet
  facet normal 0 0 1
    outer loop
      vertex 2.28519 4.05295 18
      vertex 2.2 4.7 18
      vertex 2.22139 4.37369 18
    endloop
  endfacet
  facet normal -0.195093 -0.980785 0
    outer loop
      vertex 4.05295 2.28519 16.5
      vertex 4.37369 2.22139 18
      vertex 4.05295 2.28519 18
    endloop
  endfacet
  facet normal -0.195093 -0.980785 -0
    outer loop
      vertex 4.37369 2.22139 18
      vertex 4.05295 2.28519 16.5
      vertex 4.37369 2.22139 16.5
    endloop
  endfacet
  facet normal 0.896921 0.442191 0
    outer loop
      vertex 98.0097 79.6567 18
      vertex 97.8651 79.95 16.5
      vertex 97.8651 79.95 18
    endloop
  endfacet
  facet normal 0.896921 0.442191 0
    outer loop
      vertex 97.8651 79.95 16.5
      vertex 98.0097 79.6567 18
      vertex 98.0097 79.6567 16.5
    endloop
  endfacet
  facet normal -0.751883 0.659297 0
    outer loop
      vertex 2.71662 80.2219 16.5
      vertex 2.93224 80.4678 18
      vertex 2.93224 80.4678 16.5
    endloop
  endfacet
  facet normal -0.751883 0.659297 0
    outer loop
      vertex 2.93224 80.4678 18
      vertex 2.71662 80.2219 16.5
      vertex 2.71662 80.2219 18
    endloop
  endfacet
  facet normal -0.555596 -0.831452 0
    outer loop
      vertex 3.1781 2.71662 16.5
      vertex 3.45 2.53493 18
      vertex 3.1781 2.71662 18
    endloop
  endfacet
  facet normal -0.555596 -0.831452 -0
    outer loop
      vertex 3.45 2.53493 18
      vertex 3.1781 2.71662 16.5
      vertex 3.45 2.53493 16.5
    endloop
  endfacet
  facet normal -0.946926 -0.321452 0
    outer loop
      vertex 2.39031 3.74329 16.5
      vertex 2.28519 4.05295 18
      vertex 2.28519 4.05295 16.5
    endloop
  endfacet
  facet normal -0.946926 -0.321452 0
    outer loop
      vertex 2.28519 4.05295 18
      vertex 2.39031 3.74329 16.5
      vertex 2.39031 3.74329 18
    endloop
  endfacet
  facet normal -0.321397 0.946944 0
    outer loop
      vertex 4.05295 81.1148 16.5
      vertex 3.74329 81.0097 18
      vertex 4.05295 81.1148 18
    endloop
  endfacet
  facet normal -0.321397 0.946944 0
    outer loop
      vertex 3.74329 81.0097 18
      vertex 4.05295 81.1148 16.5
      vertex 3.74329 81.0097 16.5
    endloop
  endfacet
  facet normal 0.555596 -0.831452 0
    outer loop
      vertex 96.95 2.53493 16.5
      vertex 97.2219 2.71662 18
      vertex 96.95 2.53493 18
    endloop
  endfacet
  facet normal 0.555596 -0.831452 0
    outer loop
      vertex 97.2219 2.71662 18
      vertex 96.95 2.53493 16.5
      vertex 97.2219 2.71662 16.5
    endloop
  endfacet
  facet normal -0.831452 0.555596 0
    outer loop
      vertex 2.53493 79.95 16.5
      vertex 2.71662 80.2219 18
      vertex 2.71662 80.2219 16.5
    endloop
  endfacet
  facet normal -0.831452 0.555596 0
    outer loop
      vertex 2.71662 80.2219 18
      vertex 2.53493 79.95 16.5
      vertex 2.53493 79.95 18
    endloop
  endfacet
  facet normal 0.751913 0.659262 0
    outer loop
      vertex 97.6834 80.2219 18
      vertex 97.4678 80.4678 16.5
      vertex 97.4678 80.4678 18
    endloop
  endfacet
  facet normal 0.751913 0.659262 0
    outer loop
      vertex 97.4678 80.4678 16.5
      vertex 97.6834 80.2219 18
      vertex 97.6834 80.2219 16.5
    endloop
  endfacet
  facet normal 0.0654432 0.997856 0
    outer loop
      vertex 96.0263 81.1786 18
      vertex 95.7 81.2 17.7
      vertex 95.7 81.2 18
    endloop
  endfacet
  facet normal 0.0654432 0.997856 -0
    outer loop
      vertex 96.0263 81.1786 16.5
      vertex 95.7 81.2 17.7
      vertex 96.0263 81.1786 18
    endloop
  endfacet
  facet normal 0.0654432 0.997856 0
    outer loop
      vertex 95.7 81.2 17.7
      vertex 96.0263 81.1786 16.5
      vertex 95.7 81.2 16.5
    endloop
  endfacet
  facet normal -0.195093 0.980785 0
    outer loop
      vertex 4.37369 81.1786 16.5
      vertex 4.05295 81.1148 18
      vertex 4.37369 81.1786 18
    endloop
  endfacet
  facet normal -0.195093 0.980785 0
    outer loop
      vertex 4.05295 81.1148 18
      vertex 4.37369 81.1786 16.5
      vertex 4.05295 81.1148 16.5
    endloop
  endfacet
  facet normal 0.442191 0.896921 -0
    outer loop
      vertex 96.95 80.8651 16.5
      vertex 96.6567 81.0097 18
      vertex 96.95 80.8651 18
    endloop
  endfacet
  facet normal 0.442191 0.896921 0
    outer loop
      vertex 96.6567 81.0097 18
      vertex 96.95 80.8651 16.5
      vertex 96.6567 81.0097 16.5
    endloop
  endfacet
  facet normal -0.89689 -0.442253 0
    outer loop
      vertex 2.53493 3.45 16.5
      vertex 2.39031 3.74329 18
      vertex 2.39031 3.74329 16.5
    endloop
  endfacet
  facet normal -0.89689 -0.442253 0
    outer loop
      vertex 2.39031 3.74329 18
      vertex 2.53493 3.45 16.5
      vertex 2.53493 3.45 18
    endloop
  endfacet
  facet normal -0.659357 -0.75183 0
    outer loop
      vertex 2.93224 2.93224 16.5
      vertex 3.1781 2.71662 18
      vertex 2.93224 2.93224 18
    endloop
  endfacet
  facet normal -0.659357 -0.75183 -0
    outer loop
      vertex 3.1781 2.71662 18
      vertex 2.93224 2.93224 16.5
      vertex 3.1781 2.71662 16.5
    endloop
  endfacet
  facet normal -0.442253 -0.89689 0
    outer loop
      vertex 3.45 2.53493 16.5
      vertex 3.74329 2.39031 18
      vertex 3.45 2.53493 18
    endloop
  endfacet
  facet normal -0.442253 -0.89689 -0
    outer loop
      vertex 3.74329 2.39031 18
      vertex 3.45 2.53493 16.5
      vertex 3.74329 2.39031 16.5
    endloop
  endfacet
  facet normal -0.980785 -0.195093 0
    outer loop
      vertex 2.28519 4.05295 16.5
      vertex 2.22139 4.37369 18
      vertex 2.22139 4.37369 16.5
    endloop
  endfacet
  facet normal -0.980785 -0.195093 0
    outer loop
      vertex 2.22139 4.37369 18
      vertex 2.28519 4.05295 16.5
      vertex 2.28519 4.05295 18
    endloop
  endfacet
  facet normal 0.659262 0.751913 -0
    outer loop
      vertex 97.4678 80.4678 16.5
      vertex 97.2219 80.6834 18
      vertex 97.4678 80.4678 18
    endloop
  endfacet
  facet normal 0.659262 0.751913 0
    outer loop
      vertex 97.2219 80.6834 18
      vertex 97.4678 80.4678 16.5
      vertex 97.2219 80.6834 16.5
    endloop
  endfacet
  facet normal -0.98078 0.195116 0
    outer loop
      vertex 2.22139 79.0263 16.5
      vertex 2.28519 79.347 18
      vertex 2.28519 79.347 16.5
    endloop
  endfacet
  facet normal -0.98078 0.195116 0
    outer loop
      vertex 2.28519 79.347 18
      vertex 2.22139 79.0263 16.5
      vertex 2.22139 79.0263 18
    endloop
  endfacet
  facet normal 0.831438 -0.555617 0
    outer loop
      vertex 97.6834 3.1781 18
      vertex 97.8651 3.45 16.5
      vertex 97.8651 3.45 18
    endloop
  endfacet
  facet normal 0.831438 -0.555617 0
    outer loop
      vertex 97.8651 3.45 16.5
      vertex 97.6834 3.1781 18
      vertex 97.6834 3.1781 16.5
    endloop
  endfacet
  facet normal 0.896915 -0.442204 0
    outer loop
      vertex 97.8651 3.45 18
      vertex 98.0097 3.74329 16.5
      vertex 98.0097 3.74329 18
    endloop
  endfacet
  facet normal 0.896915 -0.442204 0
    outer loop
      vertex 98.0097 3.74329 16.5
      vertex 97.8651 3.45 18
      vertex 97.8651 3.45 16.5
    endloop
  endfacet
  facet normal 0.659297 -0.751883 0
    outer loop
      vertex 97.2219 2.71662 16.5
      vertex 97.4678 2.93224 18
      vertex 97.2219 2.71662 18
    endloop
  endfacet
  facet normal 0.659297 -0.751883 0
    outer loop
      vertex 97.4678 2.93224 18
      vertex 97.2219 2.71662 16.5
      vertex 97.4678 2.93224 16.5
    endloop
  endfacet
  facet normal -0.997858 0.0654128 0
    outer loop
      vertex 2.2 78.7 17.7
      vertex 2.22139 79.0263 16.5
      vertex 2.2 78.7 16.5
    endloop
  endfacet
  facet normal -0.997858 0.0654128 0
    outer loop
      vertex 2.22139 79.0263 16.5
      vertex 2.2 78.7 17.7
      vertex 2.22139 79.0263 18
    endloop
  endfacet
  facet normal -0.997858 0.0654128 0
    outer loop
      vertex 2.22139 79.0263 18
      vertex 2.2 78.7 17.7
      vertex 2.2 78.7 18
    endloop
  endfacet
  facet normal 0.997856 0.0654432 -0
    outer loop
      vertex 98.2 78.7 17.7
      vertex 98.1786 79.0263 18
      vertex 98.2 78.7 18
    endloop
  endfacet
  facet normal 0.997856 0.0654432 0
    outer loop
      vertex 98.1786 79.0263 18
      vertex 98.2 78.7 17.7
      vertex 98.1786 79.0263 16.5
    endloop
  endfacet
  facet normal 0.997856 0.0654432 0
    outer loop
      vertex 98.1786 79.0263 16.5
      vertex 98.2 78.7 17.7
      vertex 98.2 78.7 16.5
    endloop
  endfacet
  facet normal 0.831438 0.555617 0
    outer loop
      vertex 97.8651 79.95 18
      vertex 97.6834 80.2219 16.5
      vertex 97.6834 80.2219 18
    endloop
  endfacet
  facet normal 0.831438 0.555617 0
    outer loop
      vertex 97.6834 80.2219 16.5
      vertex 97.8651 79.95 18
      vertex 97.8651 79.95 16.5
    endloop
  endfacet
  facet normal -0.75183 -0.659357 0
    outer loop
      vertex 2.93224 2.93224 16.5
      vertex 2.71662 3.1781 18
      vertex 2.71662 3.1781 16.5
    endloop
  endfacet
  facet normal -0.75183 -0.659357 0
    outer loop
      vertex 2.71662 3.1781 18
      vertex 2.93224 2.93224 16.5
      vertex 2.93224 2.93224 18
    endloop
  endfacet
  facet normal 0.32136 0.946957 -0
    outer loop
      vertex 96.6567 81.0097 16.5
      vertex 96.347 81.1148 18
      vertex 96.6567 81.0097 18
    endloop
  endfacet
  facet normal 0.32136 0.946957 0
    outer loop
      vertex 96.347 81.1148 18
      vertex 96.6567 81.0097 16.5
      vertex 96.347 81.1148 16.5
    endloop
  endfacet
  facet normal -0.831452 -0.555596 0
    outer loop
      vertex 2.71662 3.1781 16.5
      vertex 2.53493 3.45 18
      vertex 2.53493 3.45 16.5
    endloop
  endfacet
  facet normal -0.831452 -0.555596 0
    outer loop
      vertex 2.53493 3.45 18
      vertex 2.71662 3.1781 16.5
      vertex 2.71662 3.1781 18
    endloop
  endfacet
  facet normal -0.997858 -0.0654108 0
    outer loop
      vertex 2.22139 4.37369 16.5
      vertex 2.2 4.7 17.7
      vertex 2.2 4.7 16.5
    endloop
  endfacet
  facet normal -0.997858 -0.0654108 -0
    outer loop
      vertex 2.22139 4.37369 18
      vertex 2.2 4.7 17.7
      vertex 2.22139 4.37369 16.5
    endloop
  endfacet
  facet normal -0.997858 -0.0654108 0
    outer loop
      vertex 2.2 4.7 17.7
      vertex 2.22139 4.37369 18
      vertex 2.2 4.7 18
    endloop
  endfacet
  facet normal 0.98078 0.195116 0
    outer loop
      vertex 98.1786 79.0263 18
      vertex 98.1148 79.347 16.5
      vertex 98.1148 79.347 18
    endloop
  endfacet
  facet normal 0.98078 0.195116 0
    outer loop
      vertex 98.1148 79.347 16.5
      vertex 98.1786 79.0263 18
      vertex 98.1786 79.0263 16.5
    endloop
  endfacet
  facet normal -0 0 -1
    outer loop
      vertex 64.9887 39.1465 16.5
      vertex 56.2622 32.2 16.5
      vertex 64.3003 39.7503 16.5
    endloop
  endfacet
  facet normal 0 0 -1
    outer loop
      vertex 63.1878 41.2 16.5
      vertex 57.1401 43.7863 16.5
      vertex 57.2 44.7 16.5
    endloop
  endfacet
  facet normal 0 0 -1
    outer loop
      vertex 55.7535 32.9613 16.5
      vertex 64.3003 39.7503 16.5
      vertex 56.2622 32.2 16.5
    endloop
  endfacet
  facet normal 0 0 -1
    outer loop
      vertex 63.1878 41.2 16.5
      vertex 56.9615 42.8883 16.5
      vertex 57.1401 43.7863 16.5
    endloop
  endfacet
  facet normal -0 0 -1
    outer loop
      vertex 64.3003 39.7503 16.5
      vertex 55.7535 32.9613 16.5
      vertex 63.6965 40.4387 16.5
    endloop
  endfacet
  facet normal 0 0 -1
    outer loop
      vertex 63.1878 41.2 16.5
      vertex 56.6672 42.0212 16.5
      vertex 56.9615 42.8883 16.5
    endloop
  endfacet
  facet normal 0 0 -1
    outer loop
      vertex 55.7535 40.4387 16.5
      vertex 63.6965 40.4387 16.5
      vertex 55.7535 32.9613 16.5
    endloop
  endfacet
  facet normal 0 0 -1
    outer loop
      vertex 63.1878 41.2 16.5
      vertex 56.2622 41.2 16.5
      vertex 56.6672 42.0212 16.5
    endloop
  endfacet
  facet normal 0 0 -1
    outer loop
      vertex 63.6965 40.4387 16.5
      vertex 55.7535 40.4387 16.5
      vertex 63.1878 41.2 16.5
    endloop
  endfacet
  facet normal -0 0 -1
    outer loop
      vertex 63.1878 41.2 16.5
      vertex 55.7535 40.4387 16.5
      vertex 56.2622 41.2 16.5
    endloop
  endfacet
  facet normal 0 0 -1
    outer loop
      vertex 55.1497 33.6497 16.5
      vertex 55.7535 40.4387 16.5
      vertex 55.7535 32.9613 16.5
    endloop
  endfacet
  facet normal 0 0 -1
    outer loop
      vertex 55.1497 33.6497 16.5
      vertex 55.1497 39.7503 16.5
      vertex 55.7535 40.4387 16.5
    endloop
  endfacet
  facet normal 0 0 -1
    outer loop
      vertex 54.4613 34.2535 16.5
      vertex 55.1497 39.7503 16.5
      vertex 55.1497 33.6497 16.5
    endloop
  endfacet
  facet normal 0 0 -1
    outer loop
      vertex 54.4613 34.2535 16.5
      vertex 54.4613 39.1465 16.5
      vertex 55.1497 39.7503 16.5
    endloop
  endfacet
  facet normal 0 0 -1
    outer loop
      vertex 53.7 34.7622 16.5
      vertex 54.4613 39.1465 16.5
      vertex 54.4613 34.2535 16.5
    endloop
  endfacet
  facet normal 0 0 -1
    outer loop
      vertex 53.7 34.7622 16.5
      vertex 53.7 38.6378 16.5
      vertex 54.4613 39.1465 16.5
    endloop
  endfacet
  facet normal 0 0 -1
    outer loop
      vertex 52.8788 35.1672 16.5
      vertex 53.7 38.6378 16.5
      vertex 53.7 34.7622 16.5
    endloop
  endfacet
  facet normal 0 0 -1
    outer loop
      vertex 52.8788 35.1672 16.5
      vertex 52.8788 38.2328 16.5
      vertex 53.7 38.6378 16.5
    endloop
  endfacet
  facet normal 0 0 -1
    outer loop
      vertex 52.0117 35.4615 16.5
      vertex 52.8788 38.2328 16.5
      vertex 52.8788 35.1672 16.5
    endloop
  endfacet
  facet normal 0 0 -1
    outer loop
      vertex 52.0117 35.4615 16.5
      vertex 52.0117 37.9385 16.5
      vertex 52.8788 38.2328 16.5
    endloop
  endfacet
  facet normal 0 0 -1
    outer loop
      vertex 51.1137 35.6401 16.5
      vertex 52.0117 37.9385 16.5
      vertex 52.0117 35.4615 16.5
    endloop
  endfacet
  facet normal 0 0 -1
    outer loop
      vertex 51.1137 35.6401 16.5
      vertex 51.1137 37.7599 16.5
      vertex 52.0117 37.9385 16.5
    endloop
  endfacet
  facet normal 0 0 -1
    outer loop
      vertex 50.2 35.7 16.5
      vertex 51.1137 37.7599 16.5
      vertex 51.1137 35.6401 16.5
    endloop
  endfacet
  facet normal 0 0 -1
    outer loop
      vertex 50.2 35.7 16.5
      vertex 50.2 37.7 16.5
      vertex 51.1137 37.7599 16.5
    endloop
  endfacet
  facet normal 0 0 -1
    outer loop
      vertex 49.2863 35.6401 16.5
      vertex 50.2 37.7 16.5
      vertex 50.2 35.7 16.5
    endloop
  endfacet
  facet normal 0 0 -1
    outer loop
      vertex 49.2863 35.6401 16.5
      vertex 49.2863 37.7599 16.5
      vertex 50.2 37.7 16.5
    endloop
  endfacet
  facet normal 0 0 -1
    outer loop
      vertex 48.3883 35.4615 16.5
      vertex 49.2863 37.7599 16.5
      vertex 49.2863 35.6401 16.5
    endloop
  endfacet
  facet normal 0 0 -1
    outer loop
      vertex 48.3883 35.4615 16.5
      vertex 48.3883 37.9385 16.5
      vertex 49.2863 37.7599 16.5
    endloop
  endfacet
  facet normal 0 0 -1
    outer loop
      vertex 47.5212 35.1672 16.5
      vertex 48.3883 37.9385 16.5
      vertex 48.3883 35.4615 16.5
    endloop
  endfacet
  facet normal 0 0 -1
    outer loop
      vertex 47.5212 35.1672 16.5
      vertex 47.5212 38.2328 16.5
      vertex 48.3883 37.9385 16.5
    endloop
  endfacet
  facet normal 0 0 -1
    outer loop
      vertex 46.7 34.7622 16.5
      vertex 47.5212 38.2328 16.5
      vertex 47.5212 35.1672 16.5
    endloop
  endfacet
  facet normal 0 0 -1
    outer loop
      vertex 46.7 34.7622 16.5
      vertex 46.7 38.6378 16.5
      vertex 47.5212 38.2328 16.5
    endloop
  endfacet
  facet normal 0 0 -1
    outer loop
      vertex 45.9387 34.2535 16.5
      vertex 46.7 38.6378 16.5
      vertex 46.7 34.7622 16.5
    endloop
  endfacet
  facet normal 0 0 -1
    outer loop
      vertex 45.9387 34.2535 16.5
      vertex 45.9387 39.1465 16.5
      vertex 46.7 38.6378 16.5
    endloop
  endfacet
  facet normal 0 0 -1
    outer loop
      vertex 45.2503 33.6497 16.5
      vertex 45.9387 39.1465 16.5
      vertex 45.9387 34.2535 16.5
    endloop
  endfacet
  facet normal 0 0 -1
    outer loop
      vertex 45.2503 33.6497 16.5
      vertex 45.2503 39.7503 16.5
      vertex 45.9387 39.1465 16.5
    endloop
  endfacet
  facet normal 0 0 -1
    outer loop
      vertex 44.6465 32.9613 16.5
      vertex 45.2503 39.7503 16.5
      vertex 45.2503 33.6497 16.5
    endloop
  endfacet
  facet normal 0 0 -1
    outer loop
      vertex 44.6465 32.9613 16.5
      vertex 44.6465 40.4387 16.5
      vertex 45.2503 39.7503 16.5
    endloop
  endfacet
  facet normal 0 0 -1
    outer loop
      vertex 36.0997 39.7503 16.5
      vertex 44.6465 32.9613 16.5
      vertex 44.1378 32.2 16.5
    endloop
  endfacet
  facet normal 0 0 -1
    outer loop
      vertex 44.6465 32.9613 16.5
      vertex 36.7035 40.4387 16.5
      vertex 44.6465 40.4387 16.5
    endloop
  endfacet
  facet normal 0 0 -1
    outer loop
      vertex 35.4113 39.1465 16.5
      vertex 44.1378 32.2 16.5
      vertex 43.7328 31.3788 16.5
    endloop
  endfacet
  facet normal 0 0 -1
    outer loop
      vertex 44.6465 40.4387 16.5
      vertex 36.7035 40.4387 16.5
      vertex 44.1378 41.2 16.5
    endloop
  endfacet
  facet normal 0 0 -1
    outer loop
      vertex 34.65 38.6378 16.5
      vertex 43.7328 31.3788 16.5
      vertex 43.4385 30.5117 16.5
    endloop
  endfacet
  facet normal 0 -0 -1
    outer loop
      vertex 37.2122 41.2 16.5
      vertex 44.1378 41.2 16.5
      vertex 36.7035 40.4387 16.5
    endloop
  endfacet
  facet normal 0 0 -1
    outer loop
      vertex 33.8288 38.2328 16.5
      vertex 43.4385 30.5117 16.5
      vertex 43.2599 29.6137 16.5
    endloop
  endfacet
  facet normal 0 0 -1
    outer loop
      vertex 44.1378 41.2 16.5
      vertex 37.2122 41.2 16.5
      vertex 43.7328 42.0212 16.5
    endloop
  endfacet
  facet normal 0 0 -1
    outer loop
      vertex 32.9617 37.9385 16.5
      vertex 43.2599 29.6137 16.5
      vertex 43.2 28.7 16.5
    endloop
  endfacet
  facet normal 0 -0 -1
    outer loop
      vertex 37.6172 42.0212 16.5
      vertex 43.7328 42.0212 16.5
      vertex 37.2122 41.2 16.5
    endloop
  endfacet
  facet normal 0 0 -1
    outer loop
      vertex 95.7 2.2 16.5
      vertex 98.2 4.7 16.5
      vertex 98.1786 4.37369 16.5
    endloop
  endfacet
  facet normal 0 0 -1
    outer loop
      vertex 98.2 4.7 16.5
      vertex 82.2 56.7 16.5
      vertex 98.2 78.7 16.5
    endloop
  endfacet
  facet normal 0 0 -1
    outer loop
      vertex 95.7 2.2 16.5
      vertex 98.1786 4.37369 16.5
      vertex 98.1148 4.05295 16.5
    endloop
  endfacet
  facet normal 0 0 -1
    outer loop
      vertex 82.2 64.7 16.5
      vertex 98.2 78.7 16.5
      vertex 82.2 56.7 16.5
    endloop
  endfacet
  facet normal 0 0 -1
    outer loop
      vertex 95.7 2.2 16.5
      vertex 98.1148 4.05295 16.5
      vertex 98.0097 3.74329 16.5
    endloop
  endfacet
  facet normal 0 -0 -1
    outer loop
      vertex 95.7 81.2 16.5
      vertex 98.2 78.7 16.5
      vertex 82.2 64.7 16.5
    endloop
  endfacet
  facet normal 0 0 -1
    outer loop
      vertex 95.7 2.2 16.5
      vertex 98.0097 3.74329 16.5
      vertex 97.8651 3.45 16.5
    endloop
  endfacet
  facet normal 0 0 -1
    outer loop
      vertex 98.2 78.7 16.5
      vertex 95.7 81.2 16.5
      vertex 98.1786 79.0263 16.5
    endloop
  endfacet
  facet normal 0 0 -1
    outer loop
      vertex 95.7 2.2 16.5
      vertex 97.8651 3.45 16.5
      vertex 97.6834 3.1781 16.5
    endloop
  endfacet
  facet normal 0 0 -1
    outer loop
      vertex 98.1786 79.0263 16.5
      vertex 95.7 81.2 16.5
      vertex 98.1148 79.347 16.5
    endloop
  endfacet
  facet normal 0 0 -1
    outer loop
      vertex 95.7 2.2 16.5
      vertex 97.6834 3.1781 16.5
      vertex 97.4678 2.93224 16.5
    endloop
  endfacet
  facet normal 0 0 -1
    outer loop
      vertex 98.1148 79.347 16.5
      vertex 95.7 81.2 16.5
      vertex 98.0097 79.6567 16.5
    endloop
  endfacet
  facet normal 0 0 -1
    outer loop
      vertex 95.7 2.2 16.5
      vertex 97.4678 2.93224 16.5
      vertex 97.2219 2.71662 16.5
    endloop
  endfacet
  facet normal 0 0 -1
    outer loop
      vertex 98.0097 79.6567 16.5
      vertex 95.7 81.2 16.5
      vertex 97.8651 79.95 16.5
    endloop
  endfacet
  facet normal 0 0 -1
    outer loop
      vertex 95.7 2.2 16.5
      vertex 97.2219 2.71662 16.5
      vertex 96.95 2.53493 16.5
    endloop
  endfacet
  facet normal 0 0 -1
    outer loop
      vertex 97.8651 79.95 16.5
      vertex 95.7 81.2 16.5
      vertex 97.6834 80.2219 16.5
    endloop
  endfacet
  facet normal 0 0 -1
    outer loop
      vertex 95.7 2.2 16.5
      vertex 96.95 2.53493 16.5
      vertex 96.6567 2.39031 16.5
    endloop
  endfacet
  facet normal 0 0 -1
    outer loop
      vertex 97.6834 80.2219 16.5
      vertex 95.7 81.2 16.5
      vertex 97.4678 80.4678 16.5
    endloop
  endfacet
  facet normal 0 0 -1
    outer loop
      vertex 95.7 2.2 16.5
      vertex 96.6567 2.39031 16.5
      vertex 96.347 2.28519 16.5
    endloop
  endfacet
  facet normal 0 0 -1
    outer loop
      vertex 97.4678 80.4678 16.5
      vertex 95.7 81.2 16.5
      vertex 97.2219 80.6834 16.5
    endloop
  endfacet
  facet normal 0 0 -1
    outer loop
      vertex 95.7 2.2 16.5
      vertex 96.347 2.28519 16.5
      vertex 96.0263 2.22139 16.5
    endloop
  endfacet
  facet normal 0 0 -1
    outer loop
      vertex 97.2219 80.6834 16.5
      vertex 95.7 81.2 16.5
      vertex 96.95 80.8651 16.5
    endloop
  endfacet
  facet normal 0 0 -1
    outer loop
      vertex 71.9288 38.2328 16.5
      vertex 98.2 4.7 16.5
      vertex 95.7 2.2 16.5
    endloop
  endfacet
  facet normal 0 0 -1
    outer loop
      vertex 96.95 80.8651 16.5
      vertex 95.7 81.2 16.5
      vertex 96.6567 81.0097 16.5
    endloop
  endfacet
  facet normal 0 0 -1
    outer loop
      vertex 96.6567 81.0097 16.5
      vertex 95.7 81.2 16.5
      vertex 96.347 81.1148 16.5
    endloop
  endfacet
  facet normal 0 0 -1
    outer loop
      vertex 98.2 4.7 16.5
      vertex 76.0115 42.8883 16.5
      vertex 82.2 56.7 16.5
    endloop
  endfacet
  facet normal 0 0 -1
    outer loop
      vertex 82.2 56.7 16.5
      vertex 76.1901 43.7863 16.5
      vertex 76.25 44.7 16.5
    endloop
  endfacet
  facet normal 0 0 -1
    outer loop
      vertex 82.2 56.7 16.5
      vertex 76.0115 42.8883 16.5
      vertex 76.1901 43.7863 16.5
    endloop
  endfacet
  facet normal 0 0 -1
    outer loop
      vertex 98.2 4.7 16.5
      vertex 75.7172 42.0212 16.5
      vertex 76.0115 42.8883 16.5
    endloop
  endfacet
  facet normal 0 0 -1
    outer loop
      vertex 98.2 4.7 16.5
      vertex 75.3122 41.2 16.5
      vertex 75.7172 42.0212 16.5
    endloop
  endfacet
  facet normal 0 0 -1
    outer loop
      vertex 98.2 4.7 16.5
      vertex 74.8035 40.4387 16.5
      vertex 75.3122 41.2 16.5
    endloop
  endfacet
  facet normal 0 0 -1
    outer loop
      vertex 98.2 4.7 16.5
      vertex 74.1997 39.7503 16.5
      vertex 74.8035 40.4387 16.5
    endloop
  endfacet
  facet normal 0 0 -1
    outer loop
      vertex 98.2 4.7 16.5
      vertex 73.5113 39.1465 16.5
      vertex 74.1997 39.7503 16.5
    endloop
  endfacet
  facet normal 0 0 -1
    outer loop
      vertex 98.2 4.7 16.5
      vertex 72.75 38.6378 16.5
      vertex 73.5113 39.1465 16.5
    endloop
  endfacet
  facet normal 0 0 -1
    outer loop
      vertex 98.2 4.7 16.5
      vertex 71.9288 38.2328 16.5
      vertex 72.75 38.6378 16.5
    endloop
  endfacet
  facet normal 0 0 -1
    outer loop
      vertex 95.7 2.2 16.5
      vertex 71.0617 37.9385 16.5
      vertex 71.9288 38.2328 16.5
    endloop
  endfacet
  facet normal 0 0 -1
    outer loop
      vertex 54.7 16.7 16.5
      vertex 71.0617 37.9385 16.5
      vertex 95.7 2.2 16.5
    endloop
  endfacet
  facet normal 0 -0 -1
    outer loop
      vertex 56.6672 26.0212 16.5
      vertex 71.0617 37.9385 16.5
      vertex 54.7 16.7 16.5
    endloop
  endfacet
  facet normal 0 0 -1
    outer loop
      vertex 71.0617 37.9385 16.5
      vertex 56.6672 26.0212 16.5
      vertex 70.1637 37.7599 16.5
    endloop
  endfacet
  facet normal 0 0 -1
    outer loop
      vertex 70.1637 37.7599 16.5
      vertex 56.9615 26.8883 16.5
      vertex 69.25 37.7 16.5
    endloop
  endfacet
  facet normal 0 -0 -1
    outer loop
      vertex 57.1401 27.7863 16.5
      vertex 69.25 37.7 16.5
      vertex 56.9615 26.8883 16.5
    endloop
  endfacet
  facet normal -0 0 -1
    outer loop
      vertex 69.25 37.7 16.5
      vertex 57.1401 27.7863 16.5
      vertex 68.3363 37.7599 16.5
    endloop
  endfacet
  facet normal -0 0 -1
    outer loop
      vertex 68.3363 37.7599 16.5
      vertex 57.2 28.7 16.5
      vertex 67.4383 37.9385 16.5
    endloop
  endfacet
  facet normal 0 0 -1
    outer loop
      vertex 57.1401 29.6137 16.5
      vertex 67.4383 37.9385 16.5
      vertex 57.2 28.7 16.5
    endloop
  endfacet
  facet normal -0 0 -1
    outer loop
      vertex 67.4383 37.9385 16.5
      vertex 57.1401 29.6137 16.5
      vertex 66.5712 38.2328 16.5
    endloop
  endfacet
  facet normal 0 0 -1
    outer loop
      vertex 62.4885 42.8883 16.5
      vertex 57.2 44.7 16.5
      vertex 62.3099 43.7863 16.5
    endloop
  endfacet
  facet normal 0 0 -1
    outer loop
      vertex 62.7828 42.0212 16.5
      vertex 57.2 44.7 16.5
      vertex 62.4885 42.8883 16.5
    endloop
  endfacet
  facet normal 0 0 -1
    outer loop
      vertex 63.1878 41.2 16.5
      vertex 57.2 44.7 16.5
      vertex 62.7828 42.0212 16.5
    endloop
  endfacet
  facet normal 0 0 -1
    outer loop
      vertex 56.2622 32.2 16.5
      vertex 64.9887 39.1465 16.5
      vertex 56.6672 31.3788 16.5
    endloop
  endfacet
  facet normal -0 0 -1
    outer loop
      vertex 65.75 38.6378 16.5
      vertex 56.6672 31.3788 16.5
      vertex 64.9887 39.1465 16.5
    endloop
  endfacet
  facet normal -0 0 -1
    outer loop
      vertex 66.5712 38.2328 16.5
      vertex 56.9615 30.5117 16.5
      vertex 65.75 38.6378 16.5
    endloop
  endfacet
  facet normal 0 0 -1
    outer loop
      vertex 56.6672 31.3788 16.5
      vertex 65.75 38.6378 16.5
      vertex 56.9615 30.5117 16.5
    endloop
  endfacet
  facet normal 0 0 -1
    outer loop
      vertex 56.9615 30.5117 16.5
      vertex 66.5712 38.2328 16.5
      vertex 57.1401 29.6137 16.5
    endloop
  endfacet
  facet normal 0 -0 -1
    outer loop
      vertex 57.2 28.7 16.5
      vertex 68.3363 37.7599 16.5
      vertex 57.1401 27.7863 16.5
    endloop
  endfacet
  facet normal 0 -0 -1
    outer loop
      vertex 56.9615 26.8883 16.5
      vertex 70.1637 37.7599 16.5
      vertex 56.6672 26.0212 16.5
    endloop
  endfacet
  facet normal 0 0 -1
    outer loop
      vertex 56.6672 26.0212 16.5
      vertex 54.7 16.7 16.5
      vertex 56.2622 25.2 16.5
    endloop
  endfacet
  facet normal 0 0 -1
    outer loop
      vertex 56.2622 25.2 16.5
      vertex 54.7 16.7 16.5
      vertex 55.7535 24.4387 16.5
    endloop
  endfacet
  facet normal 0 0 -1
    outer loop
      vertex 54.7 16.7 16.5
      vertex 95.7 2.2 16.5
      vertex 54.7 6.7 16.5
    endloop
  endfacet
  facet normal 0 0 -1
    outer loop
      vertex 4.7 2.2 16.5
      vertex 54.7 6.7 16.5
      vertex 95.7 2.2 16.5
    endloop
  endfacet
  facet normal 0 0 -1
    outer loop
      vertex 2.2 4.7 16.5
      vertex 14.7 6.7 16.5
      vertex 4.7 2.2 16.5
    endloop
  endfacet
  facet normal -0 0 -1
    outer loop
      vertex 54.7 6.7 16.5
      vertex 4.7 2.2 16.5
      vertex 14.7 6.7 16.5
    endloop
  endfacet
  facet normal 0 0 -1
    outer loop
      vertex 96.347 81.1148 16.5
      vertex 95.7 81.2 16.5
      vertex 96.0263 81.1786 16.5
    endloop
  endfacet
  facet normal 0 0 -1
    outer loop
      vertex 55.7535 64.9613 16.5
      vertex 82.2 64.7 16.5
      vertex 55.9281 64.7 16.5
    endloop
  endfacet
  facet normal 0 0 -1
    outer loop
      vertex 55.1497 65.6497 16.5
      vertex 82.2 64.7 16.5
      vertex 55.7535 64.9613 16.5
    endloop
  endfacet
  facet normal 0 0 -1
    outer loop
      vertex 54.4613 66.2535 16.5
      vertex 82.2 64.7 16.5
      vertex 55.1497 65.6497 16.5
    endloop
  endfacet
  facet normal 0 0 -1
    outer loop
      vertex 82.2 64.7 16.5
      vertex 54.4613 66.2535 16.5
      vertex 95.7 81.2 16.5
    endloop
  endfacet
  facet normal 0 0 -1
    outer loop
      vertex 53.7 66.7622 16.5
      vertex 95.7 81.2 16.5
      vertex 54.4613 66.2535 16.5
    endloop
  endfacet
  facet normal 0 0 -1
    outer loop
      vertex 52.8788 67.1672 16.5
      vertex 95.7 81.2 16.5
      vertex 53.7 66.7622 16.5
    endloop
  endfacet
  facet normal 0 0 -1
    outer loop
      vertex 52.0117 67.4615 16.5
      vertex 95.7 81.2 16.5
      vertex 52.8788 67.1672 16.5
    endloop
  endfacet
  facet normal 0 0 -1
    outer loop
      vertex 51.1137 67.6401 16.5
      vertex 95.7 81.2 16.5
      vertex 52.0117 67.4615 16.5
    endloop
  endfacet
  facet normal 0 0 -1
    outer loop
      vertex 50.2 67.7 16.5
      vertex 95.7 81.2 16.5
      vertex 51.1137 67.6401 16.5
    endloop
  endfacet
  facet normal 0 0 -1
    outer loop
      vertex 4.7 81.2 16.5
      vertex 50.2 67.7 16.5
      vertex 49.2863 67.6401 16.5
    endloop
  endfacet
  facet normal 0 0 -1
    outer loop
      vertex 4.7 81.2 16.5
      vertex 49.2863 67.6401 16.5
      vertex 48.3883 67.4615 16.5
    endloop
  endfacet
  facet normal 0 0 -1
    outer loop
      vertex 36.0997 49.6497 16.5
      vertex 44.6465 56.4387 16.5
      vertex 36.7035 48.9613 16.5
    endloop
  endfacet
  facet normal -0 0 -1
    outer loop
      vertex 44.6465 56.4387 16.5
      vertex 36.0997 49.6497 16.5
      vertex 44.1378 57.2 16.5
    endloop
  endfacet
  facet normal 0 0 -1
    outer loop
      vertex 35.4113 50.2535 16.5
      vertex 44.1378 57.2 16.5
      vertex 36.0997 49.6497 16.5
    endloop
  endfacet
  facet normal -0 0 -1
    outer loop
      vertex 44.1378 57.2 16.5
      vertex 35.4113 50.2535 16.5
      vertex 43.7328 58.0212 16.5
    endloop
  endfacet
  facet normal 0 0 -1
    outer loop
      vertex 34.65 50.7622 16.5
      vertex 43.7328 58.0212 16.5
      vertex 35.4113 50.2535 16.5
    endloop
  endfacet
  facet normal -0 0 -1
    outer loop
      vertex 43.7328 58.0212 16.5
      vertex 34.65 50.7622 16.5
      vertex 43.4385 58.8883 16.5
    endloop
  endfacet
  facet normal 0 0 -1
    outer loop
      vertex 33.8288 51.1672 16.5
      vertex 43.4385 58.8883 16.5
      vertex 34.65 50.7622 16.5
    endloop
  endfacet
  facet normal -0 0 -1
    outer loop
      vertex 43.4385 58.8883 16.5
      vertex 33.8288 51.1672 16.5
      vertex 43.2599 59.7863 16.5
    endloop
  endfacet
  facet normal 0 0 -1
    outer loop
      vertex 32.9617 51.4615 16.5
      vertex 43.2599 59.7863 16.5
      vertex 33.8288 51.1672 16.5
    endloop
  endfacet
  facet normal -0 0 -1
    outer loop
      vertex 43.2599 59.7863 16.5
      vertex 32.9617 51.4615 16.5
      vertex 43.2 60.7 16.5
    endloop
  endfacet
  facet normal 0 0 -1
    outer loop
      vertex 32.0637 51.6401 16.5
      vertex 43.2 60.7 16.5
      vertex 32.9617 51.4615 16.5
    endloop
  endfacet
  facet normal -0 0 -1
    outer loop
      vertex 43.2 60.7 16.5
      vertex 32.0637 51.6401 16.5
      vertex 43.2599 61.6137 16.5
    endloop
  endfacet
  facet normal 0 0 -1
    outer loop
      vertex 31.15 51.7 16.5
      vertex 43.2599 61.6137 16.5
      vertex 32.0637 51.6401 16.5
    endloop
  endfacet
  facet normal -0 0 -1
    outer loop
      vertex 43.2599 61.6137 16.5
      vertex 31.15 51.7 16.5
      vertex 43.4385 62.5117 16.5
    endloop
  endfacet
  facet normal 0 0 -1
    outer loop
      vertex 30.2363 51.6401 16.5
      vertex 43.4385 62.5117 16.5
      vertex 31.15 51.7 16.5
    endloop
  endfacet
  facet normal -0 0 -1
    outer loop
      vertex 43.4385 62.5117 16.5
      vertex 30.2363 51.6401 16.5
      vertex 43.7328 63.3788 16.5
    endloop
  endfacet
  facet normal 0 0 -1
    outer loop
      vertex 29.3383 51.4615 16.5
      vertex 43.7328 63.3788 16.5
      vertex 30.2363 51.6401 16.5
    endloop
  endfacet
  facet normal 0 0 -1
    outer loop
      vertex 4.7 81.2 16.5
      vertex 43.7328 63.3788 16.5
      vertex 29.3383 51.4615 16.5
    endloop
  endfacet
  facet normal 0 0 -1
    outer loop
      vertex 43.7328 63.3788 16.5
      vertex 4.7 81.2 16.5
      vertex 44.1378 64.2 16.5
    endloop
  endfacet
  facet normal 0 0 -1
    outer loop
      vertex 44.1378 64.2 16.5
      vertex 4.7 81.2 16.5
      vertex 44.6465 64.9613 16.5
    endloop
  endfacet
  facet normal 0 0 -1
    outer loop
      vertex 4.7 81.2 16.5
      vertex 29.3383 51.4615 16.5
      vertex 28.4712 51.1672 16.5
    endloop
  endfacet
  facet normal 0 0 -1
    outer loop
      vertex 44.6465 64.9613 16.5
      vertex 4.7 81.2 16.5
      vertex 45.2503 65.6497 16.5
    endloop
  endfacet
  facet normal 0 0 -1
    outer loop
      vertex 4.7 81.2 16.5
      vertex 28.4712 51.1672 16.5
      vertex 27.65 50.7622 16.5
    endloop
  endfacet
  facet normal 0 0 -1
    outer loop
      vertex 2.2 78.7 16.5
      vertex 27.65 50.7622 16.5
      vertex 26.8887 50.2535 16.5
    endloop
  endfacet
  facet normal 0 0 -1
    outer loop
      vertex 2.2 78.7 16.5
      vertex 24.15 44.7 16.5
      vertex 14.7 16.7 16.5
    endloop
  endfacet
  facet normal 0 0 -1
    outer loop
      vertex 24.15 44.7 16.5
      vertex 2.2 78.7 16.5
      vertex 24.2099 45.6137 16.5
    endloop
  endfacet
  facet normal -0 0 -1
    outer loop
      vertex 14.7 6.7 16.5
      vertex 2.2 4.7 16.5
      vertex 14.7 16.7 16.5
    endloop
  endfacet
  facet normal 0 0 -1
    outer loop
      vertex 2.2 78.7 16.5
      vertex 14.7 16.7 16.5
      vertex 2.2 4.7 16.5
    endloop
  endfacet
  facet normal 0 0 -1
    outer loop
      vertex 50.2 67.7 16.5
      vertex 4.7 81.2 16.5
      vertex 95.7 81.2 16.5
    endloop
  endfacet
  facet normal 0 0 -1
    outer loop
      vertex 47.5212 67.1672 16.5
      vertex 4.7 81.2 16.5
      vertex 48.3883 67.4615 16.5
    endloop
  endfacet
  facet normal 0 0 -1
    outer loop
      vertex 46.7 66.7622 16.5
      vertex 4.7 81.2 16.5
      vertex 47.5212 67.1672 16.5
    endloop
  endfacet
  facet normal 0 0 -1
    outer loop
      vertex 45.9387 66.2535 16.5
      vertex 4.7 81.2 16.5
      vertex 46.7 66.7622 16.5
    endloop
  endfacet
  facet normal 0 0 -1
    outer loop
      vertex 45.2503 65.6497 16.5
      vertex 4.7 81.2 16.5
      vertex 45.9387 66.2535 16.5
    endloop
  endfacet
  facet normal 0 0 -1
    outer loop
      vertex 2.2 78.7 16.5
      vertex 26.8887 50.2535 16.5
      vertex 26.2003 49.6497 16.5
    endloop
  endfacet
  facet normal 0 0 -1
    outer loop
      vertex 2.2 78.7 16.5
      vertex 26.2003 49.6497 16.5
      vertex 25.5965 48.9613 16.5
    endloop
  endfacet
  facet normal 0 0 -1
    outer loop
      vertex 2.2 78.7 16.5
      vertex 25.5965 48.9613 16.5
      vertex 25.0878 48.2 16.5
    endloop
  endfacet
  facet normal 0 0 -1
    outer loop
      vertex 2.2 78.7 16.5
      vertex 25.0878 48.2 16.5
      vertex 24.6828 47.3788 16.5
    endloop
  endfacet
  facet normal 0 0 -1
    outer loop
      vertex 24.2099 45.6137 16.5
      vertex 2.2 78.7 16.5
      vertex 24.3885 46.5117 16.5
    endloop
  endfacet
  facet normal 0 0 -1
    outer loop
      vertex 2.2 4.7 16.5
      vertex 4.7 2.2 16.5
      vertex 4.37369 2.22139 16.5
    endloop
  endfacet
  facet normal 0 0 -1
    outer loop
      vertex 24.3885 46.5117 16.5
      vertex 2.2 78.7 16.5
      vertex 24.6828 47.3788 16.5
    endloop
  endfacet
  facet normal 0 0 -1
    outer loop
      vertex 2.2 4.7 16.5
      vertex 4.37369 2.22139 16.5
      vertex 4.05295 2.28519 16.5
    endloop
  endfacet
  facet normal 0 0 -1
    outer loop
      vertex 27.65 50.7622 16.5
      vertex 2.2 78.7 16.5
      vertex 4.7 81.2 16.5
    endloop
  endfacet
  facet normal 0 0 -1
    outer loop
      vertex 2.2 4.7 16.5
      vertex 4.05295 2.28519 16.5
      vertex 3.74329 2.39031 16.5
    endloop
  endfacet
  facet normal 0 0 -1
    outer loop
      vertex 4.7 81.2 16.5
      vertex 2.2 78.7 16.5
      vertex 4.37369 81.1786 16.5
    endloop
  endfacet
  facet normal 0 0 -1
    outer loop
      vertex 2.2 4.7 16.5
      vertex 3.74329 2.39031 16.5
      vertex 3.45 2.53493 16.5
    endloop
  endfacet
  facet normal 0 0 -1
    outer loop
      vertex 4.37369 81.1786 16.5
      vertex 2.2 78.7 16.5
      vertex 4.05295 81.1148 16.5
    endloop
  endfacet
  facet normal 0 0 -1
    outer loop
      vertex 2.2 4.7 16.5
      vertex 3.45 2.53493 16.5
      vertex 3.1781 2.71662 16.5
    endloop
  endfacet
  facet normal 0 0 -1
    outer loop
      vertex 4.05295 81.1148 16.5
      vertex 2.2 78.7 16.5
      vertex 3.74329 81.0097 16.5
    endloop
  endfacet
  facet normal 0 0 -1
    outer loop
      vertex 2.2 4.7 16.5
      vertex 3.1781 2.71662 16.5
      vertex 2.93224 2.93224 16.5
    endloop
  endfacet
  facet normal 0 0 -1
    outer loop
      vertex 3.74329 81.0097 16.5
      vertex 2.2 78.7 16.5
      vertex 3.45 80.8651 16.5
    endloop
  endfacet
  facet normal 0 0 -1
    outer loop
      vertex 2.2 4.7 16.5
      vertex 2.93224 2.93224 16.5
      vertex 2.71662 3.1781 16.5
    endloop
  endfacet
  facet normal 0 0 -1
    outer loop
      vertex 3.45 80.8651 16.5
      vertex 2.2 78.7 16.5
      vertex 3.1781 80.6834 16.5
    endloop
  endfacet
  facet normal 0 0 -1
    outer loop
      vertex 2.2 4.7 16.5
      vertex 2.71662 3.1781 16.5
      vertex 2.53493 3.45 16.5
    endloop
  endfacet
  facet normal 0 0 -1
    outer loop
      vertex 3.1781 80.6834 16.5
      vertex 2.2 78.7 16.5
      vertex 2.93224 80.4678 16.5
    endloop
  endfacet
  facet normal 0 0 -1
    outer loop
      vertex 2.2 4.7 16.5
      vertex 2.53493 3.45 16.5
      vertex 2.39031 3.74329 16.5
    endloop
  endfacet
  facet normal 0 0 -1
    outer loop
      vertex 2.93224 80.4678 16.5
      vertex 2.2 78.7 16.5
      vertex 2.71662 80.2219 16.5
    endloop
  endfacet
  facet normal 0 0 -1
    outer loop
      vertex 2.2 4.7 16.5
      vertex 2.39031 3.74329 16.5
      vertex 2.28519 4.05295 16.5
    endloop
  endfacet
  facet normal 0 0 -1
    outer loop
      vertex 2.71662 80.2219 16.5
      vertex 2.2 78.7 16.5
      vertex 2.53493 79.95 16.5
    endloop
  endfacet
  facet normal 0 0 -1
    outer loop
      vertex 2.2 4.7 16.5
      vertex 2.28519 4.05295 16.5
      vertex 2.22139 4.37369 16.5
    endloop
  endfacet
  facet normal 0 0 -1
    outer loop
      vertex 2.53493 79.95 16.5
      vertex 2.2 78.7 16.5
      vertex 2.39031 79.6567 16.5
    endloop
  endfacet
  facet normal 0 0 -1
    outer loop
      vertex 2.39031 79.6567 16.5
      vertex 2.2 78.7 16.5
      vertex 2.28519 79.347 16.5
    endloop
  endfacet
  facet normal 0 0 -1
    outer loop
      vertex 2.28519 79.347 16.5
      vertex 2.2 78.7 16.5
      vertex 2.22139 79.0263 16.5
    endloop
  endfacet
  facet normal 0 0 -1
    outer loop
      vertex 76.1901 45.6137 16.5
      vertex 82.2 56.7 16.5
      vertex 76.25 44.7 16.5
    endloop
  endfacet
  facet normal 0 0 -1
    outer loop
      vertex 76.0115 46.5117 16.5
      vertex 82.2 56.7 16.5
      vertex 76.1901 45.6137 16.5
    endloop
  endfacet
  facet normal 0 0 -1
    outer loop
      vertex 75.7172 47.3788 16.5
      vertex 82.2 56.7 16.5
      vertex 76.0115 46.5117 16.5
    endloop
  endfacet
  facet normal 0 0 -1
    outer loop
      vertex 75.3122 48.2 16.5
      vertex 82.2 56.7 16.5
      vertex 75.7172 47.3788 16.5
    endloop
  endfacet
  facet normal 0 0 -1
    outer loop
      vertex 74.8035 48.9613 16.5
      vertex 82.2 56.7 16.5
      vertex 75.3122 48.2 16.5
    endloop
  endfacet
  facet normal 0 0 -1
    outer loop
      vertex 74.1997 49.6497 16.5
      vertex 82.2 56.7 16.5
      vertex 74.8035 48.9613 16.5
    endloop
  endfacet
  facet normal 0 0 -1
    outer loop
      vertex 73.5113 50.2535 16.5
      vertex 82.2 56.7 16.5
      vertex 74.1997 49.6497 16.5
    endloop
  endfacet
  facet normal 0 0 -1
    outer loop
      vertex 72.75 50.7622 16.5
      vertex 82.2 56.7 16.5
      vertex 73.5113 50.2535 16.5
    endloop
  endfacet
  facet normal 0 0 -1
    outer loop
      vertex 71.9288 51.1672 16.5
      vertex 82.2 56.7 16.5
      vertex 72.75 50.7622 16.5
    endloop
  endfacet
  facet normal 0 0 -1
    outer loop
      vertex 71.0617 51.4615 16.5
      vertex 82.2 56.7 16.5
      vertex 71.9288 51.1672 16.5
    endloop
  endfacet
  facet normal 0 0 -1
    outer loop
      vertex 70.1637 51.6401 16.5
      vertex 82.2 56.7 16.5
      vertex 71.0617 51.4615 16.5
    endloop
  endfacet
  facet normal 0 0 -1
    outer loop
      vertex 69.25 51.7 16.5
      vertex 82.2 56.7 16.5
      vertex 70.1637 51.6401 16.5
    endloop
  endfacet
  facet normal 0 0 -1
    outer loop
      vertex 55.9281 56.7 16.5
      vertex 69.25 51.7 16.5
      vertex 68.3363 51.6401 16.5
    endloop
  endfacet
  facet normal 0 0 -1
    outer loop
      vertex 55.9281 56.7 16.5
      vertex 68.3363 51.6401 16.5
      vertex 67.4383 51.4615 16.5
    endloop
  endfacet
  facet normal 0 0 -1
    outer loop
      vertex 55.9281 56.7 16.5
      vertex 67.4383 51.4615 16.5
      vertex 66.5712 51.1672 16.5
    endloop
  endfacet
  facet normal 0 0 -1
    outer loop
      vertex 62.3099 43.7863 16.5
      vertex 57.2 44.7 16.5
      vertex 62.25 44.7 16.5
    endloop
  endfacet
  facet normal 0 0 -1
    outer loop
      vertex 62.25 44.7 16.5
      vertex 57.2 44.7 16.5
      vertex 62.3099 45.6137 16.5
    endloop
  endfacet
  facet normal 0 0 -1
    outer loop
      vertex 57.1401 45.6137 16.5
      vertex 62.3099 45.6137 16.5
      vertex 57.2 44.7 16.5
    endloop
  endfacet
  facet normal 0 0 -1
    outer loop
      vertex 62.3099 45.6137 16.5
      vertex 57.1401 45.6137 16.5
      vertex 62.4885 46.5117 16.5
    endloop
  endfacet
  facet normal 0 0 -1
    outer loop
      vertex 56.9615 46.5117 16.5
      vertex 62.4885 46.5117 16.5
      vertex 57.1401 45.6137 16.5
    endloop
  endfacet
  facet normal 0 0 -1
    outer loop
      vertex 62.4885 46.5117 16.5
      vertex 56.9615 46.5117 16.5
      vertex 62.7828 47.3788 16.5
    endloop
  endfacet
  facet normal 0 0 -1
    outer loop
      vertex 56.6672 47.3788 16.5
      vertex 62.7828 47.3788 16.5
      vertex 56.9615 46.5117 16.5
    endloop
  endfacet
  facet normal 0 0 -1
    outer loop
      vertex 62.7828 47.3788 16.5
      vertex 56.6672 47.3788 16.5
      vertex 63.1878 48.2 16.5
    endloop
  endfacet
  facet normal 0 0 -1
    outer loop
      vertex 56.2622 48.2 16.5
      vertex 63.1878 48.2 16.5
      vertex 56.6672 47.3788 16.5
    endloop
  endfacet
  facet normal 0 0 -1
    outer loop
      vertex 63.1878 48.2 16.5
      vertex 56.2622 48.2 16.5
      vertex 63.6965 48.9613 16.5
    endloop
  endfacet
  facet normal 0 0 -1
    outer loop
      vertex 55.7535 48.9613 16.5
      vertex 63.6965 48.9613 16.5
      vertex 56.2622 48.2 16.5
    endloop
  endfacet
  facet normal 0 0 -1
    outer loop
      vertex 55.7535 56.4387 16.5
      vertex 63.6965 48.9613 16.5
      vertex 55.7535 48.9613 16.5
    endloop
  endfacet
  facet normal 0 0 -1
    outer loop
      vertex 63.6965 48.9613 16.5
      vertex 55.7535 56.4387 16.5
      vertex 64.3003 49.6497 16.5
    endloop
  endfacet
  facet normal 0 -0 -1
    outer loop
      vertex 55.9281 56.7 16.5
      vertex 64.3003 49.6497 16.5
      vertex 55.7535 56.4387 16.5
    endloop
  endfacet
  facet normal 0 0 -1
    outer loop
      vertex 64.3003 49.6497 16.5
      vertex 55.9281 56.7 16.5
      vertex 64.9887 50.2535 16.5
    endloop
  endfacet
  facet normal 0 0 -1
    outer loop
      vertex 69.25 51.7 16.5
      vertex 55.9281 56.7 16.5
      vertex 82.2 56.7 16.5
    endloop
  endfacet
  facet normal 0 0 -1
    outer loop
      vertex 64.9887 50.2535 16.5
      vertex 55.9281 56.7 16.5
      vertex 65.75 50.7622 16.5
    endloop
  endfacet
  facet normal 0 0 -1
    outer loop
      vertex 65.75 50.7622 16.5
      vertex 55.9281 56.7 16.5
      vertex 66.5712 51.1672 16.5
    endloop
  endfacet
  facet normal 0 0 -1
    outer loop
      vertex 55.1497 49.6497 16.5
      vertex 55.7535 56.4387 16.5
      vertex 55.7535 48.9613 16.5
    endloop
  endfacet
  facet normal 0 0 -1
    outer loop
      vertex 55.1497 49.6497 16.5
      vertex 55.1497 55.7503 16.5
      vertex 55.7535 56.4387 16.5
    endloop
  endfacet
  facet normal 0 0 -1
    outer loop
      vertex 54.4613 50.2535 16.5
      vertex 55.1497 55.7503 16.5
      vertex 55.1497 49.6497 16.5
    endloop
  endfacet
  facet normal 0 0 -1
    outer loop
      vertex 54.4613 50.2535 16.5
      vertex 54.4613 55.1465 16.5
      vertex 55.1497 55.7503 16.5
    endloop
  endfacet
  facet normal 0 0 -1
    outer loop
      vertex 53.7 50.7622 16.5
      vertex 54.4613 55.1465 16.5
      vertex 54.4613 50.2535 16.5
    endloop
  endfacet
  facet normal 0 0 -1
    outer loop
      vertex 53.7 50.7622 16.5
      vertex 53.7 54.6378 16.5
      vertex 54.4613 55.1465 16.5
    endloop
  endfacet
  facet normal 0 0 -1
    outer loop
      vertex 52.8788 51.1672 16.5
      vertex 53.7 54.6378 16.5
      vertex 53.7 50.7622 16.5
    endloop
  endfacet
  facet normal 0 0 -1
    outer loop
      vertex 52.8788 51.1672 16.5
      vertex 52.8788 54.2328 16.5
      vertex 53.7 54.6378 16.5
    endloop
  endfacet
  facet normal 0 0 -1
    outer loop
      vertex 52.0117 51.4615 16.5
      vertex 52.8788 54.2328 16.5
      vertex 52.8788 51.1672 16.5
    endloop
  endfacet
  facet normal 0 0 -1
    outer loop
      vertex 52.0117 51.4615 16.5
      vertex 52.0117 53.9385 16.5
      vertex 52.8788 54.2328 16.5
    endloop
  endfacet
  facet normal 0 0 -1
    outer loop
      vertex 51.1137 51.6401 16.5
      vertex 52.0117 53.9385 16.5
      vertex 52.0117 51.4615 16.5
    endloop
  endfacet
  facet normal 0 0 -1
    outer loop
      vertex 51.1137 51.6401 16.5
      vertex 51.1137 53.7599 16.5
      vertex 52.0117 53.9385 16.5
    endloop
  endfacet
  facet normal 0 0 -1
    outer loop
      vertex 50.2 51.7 16.5
      vertex 51.1137 53.7599 16.5
      vertex 51.1137 51.6401 16.5
    endloop
  endfacet
  facet normal 0 0 -1
    outer loop
      vertex 50.2 51.7 16.5
      vertex 50.2 53.7 16.5
      vertex 51.1137 53.7599 16.5
    endloop
  endfacet
  facet normal 0 0 -1
    outer loop
      vertex 49.2863 51.6401 16.5
      vertex 50.2 53.7 16.5
      vertex 50.2 51.7 16.5
    endloop
  endfacet
  facet normal 0 0 -1
    outer loop
      vertex 49.2863 51.6401 16.5
      vertex 49.2863 53.7599 16.5
      vertex 50.2 53.7 16.5
    endloop
  endfacet
  facet normal 0 0 -1
    outer loop
      vertex 48.3883 51.4615 16.5
      vertex 49.2863 53.7599 16.5
      vertex 49.2863 51.6401 16.5
    endloop
  endfacet
  facet normal 0 0 -1
    outer loop
      vertex 48.3883 51.4615 16.5
      vertex 48.3883 53.9385 16.5
      vertex 49.2863 53.7599 16.5
    endloop
  endfacet
  facet normal 0 0 -1
    outer loop
      vertex 47.5212 51.1672 16.5
      vertex 48.3883 53.9385 16.5
      vertex 48.3883 51.4615 16.5
    endloop
  endfacet
  facet normal 0 0 -1
    outer loop
      vertex 47.5212 51.1672 16.5
      vertex 47.5212 54.2328 16.5
      vertex 48.3883 53.9385 16.5
    endloop
  endfacet
  facet normal 0 0 -1
    outer loop
      vertex 46.7 50.7622 16.5
      vertex 47.5212 54.2328 16.5
      vertex 47.5212 51.1672 16.5
    endloop
  endfacet
  facet normal 0 0 -1
    outer loop
      vertex 46.7 50.7622 16.5
      vertex 46.7 54.6378 16.5
      vertex 47.5212 54.2328 16.5
    endloop
  endfacet
  facet normal 0 0 -1
    outer loop
      vertex 45.9387 50.2535 16.5
      vertex 46.7 54.6378 16.5
      vertex 46.7 50.7622 16.5
    endloop
  endfacet
  facet normal 0 0 -1
    outer loop
      vertex 45.9387 50.2535 16.5
      vertex 45.9387 55.1465 16.5
      vertex 46.7 54.6378 16.5
    endloop
  endfacet
  facet normal 0 0 -1
    outer loop
      vertex 45.2503 49.6497 16.5
      vertex 45.9387 55.1465 16.5
      vertex 45.9387 50.2535 16.5
    endloop
  endfacet
  facet normal 0 0 -1
    outer loop
      vertex 45.2503 49.6497 16.5
      vertex 45.2503 55.7503 16.5
      vertex 45.9387 55.1465 16.5
    endloop
  endfacet
  facet normal 0 0 -1
    outer loop
      vertex 44.6465 48.9613 16.5
      vertex 45.2503 55.7503 16.5
      vertex 45.2503 49.6497 16.5
    endloop
  endfacet
  facet normal 0 0 -1
    outer loop
      vertex 44.6465 48.9613 16.5
      vertex 44.6465 56.4387 16.5
      vertex 45.2503 55.7503 16.5
    endloop
  endfacet
  facet normal 0 0 -1
    outer loop
      vertex 37.6172 47.3788 16.5
      vertex 43.7328 47.3788 16.5
      vertex 37.9115 46.5117 16.5
    endloop
  endfacet
  facet normal 0 0 -1
    outer loop
      vertex 43.7328 47.3788 16.5
      vertex 37.6172 47.3788 16.5
      vertex 44.1378 48.2 16.5
    endloop
  endfacet
  facet normal 0 0 -1
    outer loop
      vertex 37.9115 46.5117 16.5
      vertex 43.4385 46.5117 16.5
      vertex 38.0901 45.6137 16.5
    endloop
  endfacet
  facet normal 0 0 -1
    outer loop
      vertex 43.4385 46.5117 16.5
      vertex 37.9115 46.5117 16.5
      vertex 43.7328 47.3788 16.5
    endloop
  endfacet
  facet normal 0 0 -1
    outer loop
      vertex 43.2599 45.6137 16.5
      vertex 38.0901 45.6137 16.5
      vertex 43.4385 46.5117 16.5
    endloop
  endfacet
  facet normal 0 0 -1
    outer loop
      vertex 37.2122 48.2 16.5
      vertex 44.1378 48.2 16.5
      vertex 37.6172 47.3788 16.5
    endloop
  endfacet
  facet normal 0 0 -1
    outer loop
      vertex 38.0901 45.6137 16.5
      vertex 43.2599 45.6137 16.5
      vertex 38.15 44.7 16.5
    endloop
  endfacet
  facet normal 0 0 -1
    outer loop
      vertex 44.1378 48.2 16.5
      vertex 37.2122 48.2 16.5
      vertex 44.6465 48.9613 16.5
    endloop
  endfacet
  facet normal 0 0 -1
    outer loop
      vertex 38.15 44.7 16.5
      vertex 43.2599 45.6137 16.5
      vertex 43.2 44.7 16.5
    endloop
  endfacet
  facet normal 0 0 -1
    outer loop
      vertex 36.7035 48.9613 16.5
      vertex 44.6465 48.9613 16.5
      vertex 37.2122 48.2 16.5
    endloop
  endfacet
  facet normal 0 0 -1
    outer loop
      vertex 55.7535 24.4387 16.5
      vertex 54.7 16.7 16.5
      vertex 55.1497 23.7503 16.5
    endloop
  endfacet
  facet normal 0 0 -1
    outer loop
      vertex 54.7 16.7 16.5
      vertex 54.4613 23.1465 16.5
      vertex 55.1497 23.7503 16.5
    endloop
  endfacet
  facet normal 0 0 -1
    outer loop
      vertex 54.7 16.7 16.5
      vertex 53.7 22.6378 16.5
      vertex 54.4613 23.1465 16.5
    endloop
  endfacet
  facet normal 0 0 -1
    outer loop
      vertex 54.7 16.7 16.5
      vertex 52.8788 22.2328 16.5
      vertex 53.7 22.6378 16.5
    endloop
  endfacet
  facet normal 0 0 -1
    outer loop
      vertex 54.7 16.7 16.5
      vertex 52.0117 21.9385 16.5
      vertex 52.8788 22.2328 16.5
    endloop
  endfacet
  facet normal 0 0 -1
    outer loop
      vertex 54.7 16.7 16.5
      vertex 51.1137 21.7599 16.5
      vertex 52.0117 21.9385 16.5
    endloop
  endfacet
  facet normal 0 0 -1
    outer loop
      vertex 54.7 16.7 16.5
      vertex 50.2 21.7 16.5
      vertex 51.1137 21.7599 16.5
    endloop
  endfacet
  facet normal 0 0 -1
    outer loop
      vertex 54.7 16.7 16.5
      vertex 49.2863 21.7599 16.5
      vertex 50.2 21.7 16.5
    endloop
  endfacet
  facet normal 0 0 -1
    outer loop
      vertex 54.7 16.7 16.5
      vertex 48.3883 21.9385 16.5
      vertex 49.2863 21.7599 16.5
    endloop
  endfacet
  facet normal 0 0 -1
    outer loop
      vertex 54.7 16.7 16.5
      vertex 47.5212 22.2328 16.5
      vertex 48.3883 21.9385 16.5
    endloop
  endfacet
  facet normal 0 0 -1
    outer loop
      vertex 54.7 16.7 16.5
      vertex 46.7 22.6378 16.5
      vertex 47.5212 22.2328 16.5
    endloop
  endfacet
  facet normal 0 0 -1
    outer loop
      vertex 14.7 16.7 16.5
      vertex 46.7 22.6378 16.5
      vertex 54.7 16.7 16.5
    endloop
  endfacet
  facet normal 0 -0 -1
    outer loop
      vertex 37.9115 42.8883 16.5
      vertex 43.4385 42.8883 16.5
      vertex 37.6172 42.0212 16.5
    endloop
  endfacet
  facet normal 0 0 -1
    outer loop
      vertex 44.6465 48.9613 16.5
      vertex 36.7035 48.9613 16.5
      vertex 44.6465 56.4387 16.5
    endloop
  endfacet
  facet normal 0 0 -1
    outer loop
      vertex 32.0637 37.7599 16.5
      vertex 43.2 28.7 16.5
      vertex 43.2599 27.7863 16.5
    endloop
  endfacet
  facet normal 0 0 -1
    outer loop
      vertex 31.15 37.7 16.5
      vertex 43.2599 27.7863 16.5
      vertex 43.4385 26.8883 16.5
    endloop
  endfacet
  facet normal -0 0 -1
    outer loop
      vertex 43.2 44.7 16.5
      vertex 38.0901 43.7863 16.5
      vertex 38.15 44.7 16.5
    endloop
  endfacet
  facet normal 0 0 -1
    outer loop
      vertex 43.2599 43.7863 16.5
      vertex 38.0901 43.7863 16.5
      vertex 43.2 44.7 16.5
    endloop
  endfacet
  facet normal 0 0 -1
    outer loop
      vertex 14.7 16.7 16.5
      vertex 43.4385 26.8883 16.5
      vertex 43.7328 26.0212 16.5
    endloop
  endfacet
  facet normal 0 -0 -1
    outer loop
      vertex 38.0901 43.7863 16.5
      vertex 43.2599 43.7863 16.5
      vertex 37.9115 42.8883 16.5
    endloop
  endfacet
  facet normal 0 0 -1
    outer loop
      vertex 43.4385 42.8883 16.5
      vertex 37.9115 42.8883 16.5
      vertex 43.2599 43.7863 16.5
    endloop
  endfacet
  facet normal 0 0 -1
    outer loop
      vertex 43.7328 42.0212 16.5
      vertex 37.6172 42.0212 16.5
      vertex 43.4385 42.8883 16.5
    endloop
  endfacet
  facet normal 0 0 -1
    outer loop
      vertex 44.6465 32.9613 16.5
      vertex 36.0997 39.7503 16.5
      vertex 36.7035 40.4387 16.5
    endloop
  endfacet
  facet normal 0 0 -1
    outer loop
      vertex 14.7 16.7 16.5
      vertex 43.7328 26.0212 16.5
      vertex 44.1378 25.2 16.5
    endloop
  endfacet
  facet normal 0 0 -1
    outer loop
      vertex 44.1378 32.2 16.5
      vertex 35.4113 39.1465 16.5
      vertex 36.0997 39.7503 16.5
    endloop
  endfacet
  facet normal 0 0 -1
    outer loop
      vertex 43.7328 31.3788 16.5
      vertex 34.65 38.6378 16.5
      vertex 35.4113 39.1465 16.5
    endloop
  endfacet
  facet normal 0 0 -1
    outer loop
      vertex 14.7 16.7 16.5
      vertex 44.1378 25.2 16.5
      vertex 44.6465 24.4387 16.5
    endloop
  endfacet
  facet normal 0 0 -1
    outer loop
      vertex 43.4385 30.5117 16.5
      vertex 33.8288 38.2328 16.5
      vertex 34.65 38.6378 16.5
    endloop
  endfacet
  facet normal 0 0 -1
    outer loop
      vertex 43.2599 29.6137 16.5
      vertex 32.9617 37.9385 16.5
      vertex 33.8288 38.2328 16.5
    endloop
  endfacet
  facet normal 0 0 -1
    outer loop
      vertex 43.2 28.7 16.5
      vertex 32.0637 37.7599 16.5
      vertex 32.9617 37.9385 16.5
    endloop
  endfacet
  facet normal 0 0 -1
    outer loop
      vertex 14.7 16.7 16.5
      vertex 44.6465 24.4387 16.5
      vertex 45.2503 23.7503 16.5
    endloop
  endfacet
  facet normal 0 0 -1
    outer loop
      vertex 43.2599 27.7863 16.5
      vertex 31.15 37.7 16.5
      vertex 32.0637 37.7599 16.5
    endloop
  endfacet
  facet normal 0 0 -1
    outer loop
      vertex 43.4385 26.8883 16.5
      vertex 30.2363 37.7599 16.5
      vertex 31.15 37.7 16.5
    endloop
  endfacet
  facet normal -0 0 -1
    outer loop
      vertex 43.4385 26.8883 16.5
      vertex 14.7 16.7 16.5
      vertex 30.2363 37.7599 16.5
    endloop
  endfacet
  facet normal -0 0 -1
    outer loop
      vertex 30.2363 37.7599 16.5
      vertex 14.7 16.7 16.5
      vertex 29.3383 37.9385 16.5
    endloop
  endfacet
  facet normal 0 0 -1
    outer loop
      vertex 14.7 16.7 16.5
      vertex 45.2503 23.7503 16.5
      vertex 45.9387 23.1465 16.5
    endloop
  endfacet
  facet normal -0 0 -1
    outer loop
      vertex 29.3383 37.9385 16.5
      vertex 14.7 16.7 16.5
      vertex 28.4712 38.2328 16.5
    endloop
  endfacet
  facet normal -0 0 -1
    outer loop
      vertex 28.4712 38.2328 16.5
      vertex 14.7 16.7 16.5
      vertex 27.65 38.6378 16.5
    endloop
  endfacet
  facet normal -0 0 -1
    outer loop
      vertex 24.2099 43.7863 16.5
      vertex 14.7 16.7 16.5
      vertex 24.15 44.7 16.5
    endloop
  endfacet
  facet normal -0 0 -1
    outer loop
      vertex 24.3885 42.8883 16.5
      vertex 14.7 16.7 16.5
      vertex 24.2099 43.7863 16.5
    endloop
  endfacet
  facet normal -0 0 -1
    outer loop
      vertex 24.6828 42.0212 16.5
      vertex 14.7 16.7 16.5
      vertex 24.3885 42.8883 16.5
    endloop
  endfacet
  facet normal -0 0 -1
    outer loop
      vertex 25.0878 41.2 16.5
      vertex 14.7 16.7 16.5
      vertex 24.6828 42.0212 16.5
    endloop
  endfacet
  facet normal -0 0 -1
    outer loop
      vertex 25.5965 40.4387 16.5
      vertex 14.7 16.7 16.5
      vertex 25.0878 41.2 16.5
    endloop
  endfacet
  facet normal -0 0 -1
    outer loop
      vertex 26.2003 39.7503 16.5
      vertex 14.7 16.7 16.5
      vertex 25.5965 40.4387 16.5
    endloop
  endfacet
  facet normal -0 0 -1
    outer loop
      vertex 26.8887 39.1465 16.5
      vertex 14.7 16.7 16.5
      vertex 26.2003 39.7503 16.5
    endloop
  endfacet
  facet normal -0 0 -1
    outer loop
      vertex 27.65 38.6378 16.5
      vertex 14.7 16.7 16.5
      vertex 26.8887 39.1465 16.5
    endloop
  endfacet
  facet normal -0 0 -1
    outer loop
      vertex 46.7 22.6378 16.5
      vertex 14.7 16.7 16.5
      vertex 45.9387 23.1465 16.5
    endloop
  endfacet
  facet normal 0.946957 0.32136 0
    outer loop
      vertex 98.1148 79.347 18
      vertex 98.0097 79.6567 16.5
      vertex 98.0097 79.6567 18
    endloop
  endfacet
  facet normal 0.946957 0.32136 0
    outer loop
      vertex 98.0097 79.6567 16.5
      vertex 98.1148 79.347 18
      vertex 98.1148 79.347 16.5
    endloop
  endfacet
  facet normal 0.997856 -0.0654412 0
    outer loop
      vertex 98.1786 4.37369 18
      vertex 98.2 4.7 17.7
      vertex 98.2 4.7 18
    endloop
  endfacet
  facet normal 0.997856 -0.0654412 0
    outer loop
      vertex 98.1786 4.37369 16.5
      vertex 98.2 4.7 17.7
      vertex 98.1786 4.37369 18
    endloop
  endfacet
  facet normal 0.997856 -0.0654412 0
    outer loop
      vertex 98.2 4.7 17.7
      vertex 98.1786 4.37369 16.5
      vertex 98.2 4.7 16.5
    endloop
  endfacet
  facet normal 0.75186 -0.659323 0
    outer loop
      vertex 97.4678 2.93224 18
      vertex 97.6834 3.1781 16.5
      vertex 97.6834 3.1781 18
    endloop
  endfacet
  facet normal 0.75186 -0.659323 0
    outer loop
      vertex 97.6834 3.1781 16.5
      vertex 97.4678 2.93224 18
      vertex 97.4678 2.93224 16.5
    endloop
  endfacet
  facet normal 0.946944 -0.321397 0
    outer loop
      vertex 98.0097 3.74329 18
      vertex 98.1148 4.05295 16.5
      vertex 98.1148 4.05295 18
    endloop
  endfacet
  facet normal 0.946944 -0.321397 0
    outer loop
      vertex 98.1148 4.05295 16.5
      vertex 98.0097 3.74329 18
      vertex 98.0097 3.74329 16.5
    endloop
  endfacet
  facet normal 0.442241 -0.896896 0
    outer loop
      vertex 96.6567 2.39031 16.5
      vertex 96.95 2.53493 18
      vertex 96.6567 2.39031 18
    endloop
  endfacet
  facet normal 0.442241 -0.896896 0
    outer loop
      vertex 96.95 2.53493 18
      vertex 96.6567 2.39031 16.5
      vertex 96.95 2.53493 16.5
    endloop
  endfacet
  facet normal -1 0 0
    outer loop
      vertex 82.2 56.7 16.5
      vertex 82.2 64.7 17.25
      vertex 82.2 64.7 16.5
    endloop
  endfacet
  facet normal -1 -0 0
    outer loop
      vertex 82.2 64.7 17.25
      vertex 82.2 56.7 16.5
      vertex 82.2 56.7 17.25
    endloop
  endfacet
  facet normal 0 0 -1
    outer loop
      vertex 82.2 56.7 17.25
      vertex 57.2 60.7 17.25
      vertex 82.2 64.7 17.25
    endloop
  endfacet
  facet normal 0 0 -1
    outer loop
      vertex 82.2 56.7 17.25
      vertex 57.1401 59.7863 17.25
      vertex 57.2 60.7 17.25
    endloop
  endfacet
  facet normal 0 0 -1
    outer loop
      vertex 82.2 56.7 17.25
      vertex 56.9615 58.8883 17.25
      vertex 57.1401 59.7863 17.25
    endloop
  endfacet
  facet normal 0 0 -1
    outer loop
      vertex 82.2 56.7 17.25
      vertex 56.6672 58.0212 17.25
      vertex 56.9615 58.8883 17.25
    endloop
  endfacet
  facet normal 0 0 -1
    outer loop
      vertex 82.2 56.7 17.25
      vertex 56.2622 57.2 17.25
      vertex 56.6672 58.0212 17.25
    endloop
  endfacet
  facet normal 0 -0 -1
    outer loop
      vertex 56.2622 57.2 17.25
      vertex 82.2 56.7 17.25
      vertex 55.9281 56.7 17.25
    endloop
  endfacet
  facet normal 0 0 -1
    outer loop
      vertex 57.1401 61.6137 17.25
      vertex 82.2 64.7 17.25
      vertex 57.2 60.7 17.25
    endloop
  endfacet
  facet normal 0 0 -1
    outer loop
      vertex 56.9615 62.5117 17.25
      vertex 82.2 64.7 17.25
      vertex 57.1401 61.6137 17.25
    endloop
  endfacet
  facet normal 0 0 -1
    outer loop
      vertex 56.6672 63.3788 17.25
      vertex 82.2 64.7 17.25
      vertex 56.9615 62.5117 17.25
    endloop
  endfacet
  facet normal 0 0 -1
    outer loop
      vertex 56.2622 64.2 17.25
      vertex 82.2 64.7 17.25
      vertex 56.6672 63.3788 17.25
    endloop
  endfacet
  facet normal -0 0 -1
    outer loop
      vertex 82.2 64.7 17.25
      vertex 56.2622 64.2 17.25
      vertex 55.9281 64.7 17.25
    endloop
  endfacet
  facet normal 0 -1 0
    outer loop
      vertex 55.9281 64.7 16.5
      vertex 82.2 64.7 17.25
      vertex 55.9281 64.7 17.25
    endloop
  endfacet
  facet normal 0 -1 -0
    outer loop
      vertex 82.2 64.7 17.25
      vertex 55.9281 64.7 16.5
      vertex 82.2 64.7 16.5
    endloop
  endfacet
  facet normal 0 1 -0
    outer loop
      vertex 82.2 56.7 16.5
      vertex 55.9281 56.7 17.25
      vertex 82.2 56.7 17.25
    endloop
  endfacet
  facet normal 0 1 0
    outer loop
      vertex 55.9281 56.7 17.25
      vertex 82.2 56.7 16.5
      vertex 55.9281 56.7 16.5
    endloop
  endfacet
  facet normal -1 0 0
    outer loop
      vertex 54.7 6.7 16.5
      vertex 54.7 16.7 18
      vertex 54.7 16.7 16.5
    endloop
  endfacet
  facet normal -1 -0 0
    outer loop
      vertex 54.7 16.7 18
      vertex 54.7 6.7 16.5
      vertex 54.7 6.7 18
    endloop
  endfacet
  facet normal 1 -0 0
    outer loop
      vertex 14.7 6.7 18
      vertex 14.7 16.7 16.5
      vertex 14.7 16.7 18
    endloop
  endfacet
  facet normal 1 0 0
    outer loop
      vertex 14.7 16.7 16.5
      vertex 14.7 6.7 18
      vertex 14.7 6.7 16.5
    endloop
  endfacet
  facet normal 0 -1 0
    outer loop
      vertex 14.7 16.7 16.5
      vertex 54.7 16.7 18
      vertex 14.7 16.7 18
    endloop
  endfacet
  facet normal 0 -1 -0
    outer loop
      vertex 54.7 16.7 18
      vertex 14.7 16.7 16.5
      vertex 54.7 16.7 16.5
    endloop
  endfacet
  facet normal 0 1 -0
    outer loop
      vertex 54.7 6.7 16.5
      vertex 14.7 6.7 18
      vertex 54.7 6.7 18
    endloop
  endfacet
  facet normal 0 1 0
    outer loop
      vertex 14.7 6.7 18
      vertex 54.7 6.7 16.5
      vertex 14.7 6.7 16.5
    endloop
  endfacet
endsolid OpenSCAD_Model
