solid OpenSCAD_Model
  facet normal -0.195066 0.98079 0
    outer loop
      vertex 52.0117 53.9385 0
      vertex 51.1137 53.7599 1.5
      vertex 52.0117 53.9385 1.5
    endloop
  endfacet
  facet normal -0.195066 0.98079 0
    outer loop
      vertex 51.1137 53.7599 1.5
      vertex 52.0117 53.9385 0
      vertex 51.1137 53.7599 0
    endloop
  endfacet
  facet normal -0.98079 -0.195066 0
    outer loop
      vertex 57.1401 61.6137 0.75
      vertex 56.9615 62.5117 1.5
      vertex 56.9615 62.5117 0.75
    endloop
  endfacet
  facet normal -0.98079 -0.195066 0
    outer loop
      vertex 56.9615 62.5117 1.5
      vertex 57.1401 61.6137 0.75
      vertex 57.1401 61.6137 1.5
    endloop
  endfacet
  facet normal -0.997858 -0.0654172 0
    outer loop
      vertex 57.2 60.7 0.75
      vertex 57.1401 61.6137 1.5
      vertex 57.1401 61.6137 0.75
    endloop
  endfacet
  facet normal -0.997858 -0.0654172 0
    outer loop
      vertex 57.1401 61.6137 1.5
      vertex 57.2 60.7 0.75
      vertex 57.2 60.7 1.5
    endloop
  endfacet
  facet normal 0.98079 -0.195066 0
    outer loop
      vertex 43.2599 61.6137 1.5
      vertex 43.4385 62.5117 0
      vertex 43.4385 62.5117 1.5
    endloop
  endfacet
  facet normal 0.98079 -0.195066 0
    outer loop
      vertex 43.4385 62.5117 0
      vertex 43.2599 61.6137 1.5
      vertex 43.2599 61.6137 0
    endloop
  endfacet
  facet normal 0.659401 -0.751791 0
    outer loop
      vertex 45.2503 65.6497 0
      vertex 45.9387 66.2535 1.5
      vertex 45.2503 65.6497 1.5
    endloop
  endfacet
  facet normal 0.659401 -0.751791 0
    outer loop
      vertex 45.9387 66.2535 1.5
      vertex 45.2503 65.6497 0
      vertex 45.9387 66.2535 0
    endloop
  endfacet
  facet normal -0.831462 -0.555581 -0
    outer loop
      vertex 55.9281 64.7 0.75
      vertex 55.7535 64.9613 0
      vertex 55.9281 64.7 0
    endloop
  endfacet
  facet normal -0.831462 -0.555581 0
    outer loop
      vertex 55.7535 64.9613 0
      vertex 55.9281 64.7 0.75
      vertex 55.7535 64.9613 1.5
    endloop
  endfacet
  facet normal -0.831461 -0.555583 -0
    outer loop
      vertex 56.2622 64.2 1.5
      vertex 55.9281 64.7 0.75
      vertex 56.2622 64.2 0.75
    endloop
  endfacet
  facet normal -0.831462 -0.555582 4.80551e-07
    outer loop
      vertex 55.9281 64.7 0.75
      vertex 56.2622 64.2 1.5
      vertex 55.7535 64.9613 1.5
    endloop
  endfacet
  facet normal -0.0654172 0.997858 0
    outer loop
      vertex 51.1137 53.7599 0
      vertex 50.2 53.7 1.5
      vertex 51.1137 53.7599 1.5
    endloop
  endfacet
  facet normal -0.0654172 0.997858 0
    outer loop
      vertex 50.2 53.7 1.5
      vertex 51.1137 53.7599 0
      vertex 50.2 53.7 0
    endloop
  endfacet
  facet normal -0.89686 -0.442314 0
    outer loop
      vertex 56.6672 63.3788 0.75
      vertex 56.2622 64.2 1.5
      vertex 56.2622 64.2 0.75
    endloop
  endfacet
  facet normal -0.89686 -0.442314 0
    outer loop
      vertex 56.2622 64.2 1.5
      vertex 56.6672 63.3788 0.75
      vertex 56.6672 63.3788 1.5
    endloop
  endfacet
  facet normal 0.442314 -0.89686 0
    outer loop
      vertex 46.7 66.7622 0
      vertex 47.5212 67.1672 1.5
      vertex 46.7 66.7622 1.5
    endloop
  endfacet
  facet normal 0.442314 -0.89686 0
    outer loop
      vertex 47.5212 67.1672 1.5
      vertex 46.7 66.7622 0
      vertex 47.5212 67.1672 0
    endloop
  endfacet
  facet normal -0.555582 0.831462 0
    outer loop
      vertex 54.4613 55.1465 0
      vertex 53.7 54.6378 1.5
      vertex 54.4613 55.1465 1.5
    endloop
  endfacet
  facet normal -0.555582 0.831462 0
    outer loop
      vertex 53.7 54.6378 1.5
      vertex 54.4613 55.1465 0
      vertex 53.7 54.6378 0
    endloop
  endfacet
  facet normal 0.0654172 0.997858 -0
    outer loop
      vertex 50.2 53.7 0
      vertex 49.2863 53.7599 1.5
      vertex 50.2 53.7 1.5
    endloop
  endfacet
  facet normal 0.0654172 0.997858 0
    outer loop
      vertex 49.2863 53.7599 1.5
      vertex 50.2 53.7 0
      vertex 49.2863 53.7599 0
    endloop
  endfacet
  facet normal 0.89686 0.442314 0
    outer loop
      vertex 44.1378 57.2 1.5
      vertex 43.7328 58.0212 0
      vertex 43.7328 58.0212 1.5
    endloop
  endfacet
  facet normal 0.89686 0.442314 0
    outer loop
      vertex 43.7328 58.0212 0
      vertex 44.1378 57.2 1.5
      vertex 44.1378 57.2 0
    endloop
  endfacet
  facet normal 0.442314 0.89686 -0
    outer loop
      vertex 47.5212 54.2328 0
      vertex 46.7 54.6378 1.5
      vertex 47.5212 54.2328 1.5
    endloop
  endfacet
  facet normal 0.442314 0.89686 0
    outer loop
      vertex 46.7 54.6378 1.5
      vertex 47.5212 54.2328 0
      vertex 46.7 54.6378 0
    endloop
  endfacet
  facet normal -0.98079 0.195066 0
    outer loop
      vertex 56.9615 58.8883 0.75
      vertex 57.1401 59.7863 1.5
      vertex 57.1401 59.7863 0.75
    endloop
  endfacet
  facet normal -0.98079 0.195066 0
    outer loop
      vertex 57.1401 59.7863 1.5
      vertex 56.9615 58.8883 0.75
      vertex 56.9615 58.8883 1.5
    endloop
  endfacet
  facet normal 0.3214 -0.946944 0
    outer loop
      vertex 47.5212 67.1672 0
      vertex 48.3883 67.4615 1.5
      vertex 47.5212 67.1672 1.5
    endloop
  endfacet
  facet normal 0.3214 -0.946944 0
    outer loop
      vertex 48.3883 67.4615 1.5
      vertex 47.5212 67.1672 0
      vertex 48.3883 67.4615 0
    endloop
  endfacet
  facet normal -0.3214 0.946944 0
    outer loop
      vertex 52.8788 54.2328 0
      vertex 52.0117 53.9385 1.5
      vertex 52.8788 54.2328 1.5
    endloop
  endfacet
  facet normal -0.3214 0.946944 0
    outer loop
      vertex 52.0117 53.9385 1.5
      vertex 52.8788 54.2328 0
      vertex 52.0117 53.9385 0
    endloop
  endfacet
  facet normal 0.195066 -0.98079 0
    outer loop
      vertex 48.3883 67.4615 0
      vertex 49.2863 67.6401 1.5
      vertex 48.3883 67.4615 1.5
    endloop
  endfacet
  facet normal 0.195066 -0.98079 0
    outer loop
      vertex 49.2863 67.6401 1.5
      vertex 48.3883 67.4615 0
      vertex 49.2863 67.6401 0
    endloop
  endfacet
  facet normal 0.659401 0.751791 -0
    outer loop
      vertex 45.9387 55.1465 0
      vertex 45.2503 55.7503 1.5
      vertex 45.9387 55.1465 1.5
    endloop
  endfacet
  facet normal 0.659401 0.751791 0
    outer loop
      vertex 45.2503 55.7503 1.5
      vertex 45.9387 55.1465 0
      vertex 45.2503 55.7503 0
    endloop
  endfacet
  facet normal -0.751791 -0.659401 0
    outer loop
      vertex 55.7535 64.9613 0
      vertex 55.1497 65.6497 1.5
      vertex 55.1497 65.6497 0
    endloop
  endfacet
  facet normal -0.751791 -0.659401 0
    outer loop
      vertex 55.1497 65.6497 1.5
      vertex 55.7535 64.9613 0
      vertex 55.7535 64.9613 1.5
    endloop
  endfacet
  facet normal -0.751791 0.659401 0
    outer loop
      vertex 55.1497 55.7503 0
      vertex 55.7535 56.4387 1.5
      vertex 55.7535 56.4387 0
    endloop
  endfacet
  facet normal -0.751791 0.659401 0
    outer loop
      vertex 55.7535 56.4387 1.5
      vertex 55.1497 55.7503 0
      vertex 55.1497 55.7503 1.5
    endloop
  endfacet
  facet normal -0.997858 0.0654172 0
    outer loop
      vertex 57.1401 59.7863 0.75
      vertex 57.2 60.7 1.5
      vertex 57.2 60.7 0.75
    endloop
  endfacet
  facet normal -0.997858 0.0654172 0
    outer loop
      vertex 57.2 60.7 1.5
      vertex 57.1401 59.7863 0.75
      vertex 57.1401 59.7863 1.5
    endloop
  endfacet
  facet normal -0.442314 -0.89686 0
    outer loop
      vertex 52.8788 67.1672 0
      vertex 53.7 66.7622 1.5
      vertex 52.8788 67.1672 1.5
    endloop
  endfacet
  facet normal -0.442314 -0.89686 -0
    outer loop
      vertex 53.7 66.7622 1.5
      vertex 52.8788 67.1672 0
      vertex 53.7 66.7622 0
    endloop
  endfacet
  facet normal 0.555582 -0.831462 0
    outer loop
      vertex 45.9387 66.2535 0
      vertex 46.7 66.7622 1.5
      vertex 45.9387 66.2535 1.5
    endloop
  endfacet
  facet normal 0.555582 -0.831462 0
    outer loop
      vertex 46.7 66.7622 1.5
      vertex 45.9387 66.2535 0
      vertex 46.7 66.7622 0
    endloop
  endfacet
  facet normal 0.946944 0.3214 0
    outer loop
      vertex 43.7328 58.0212 1.5
      vertex 43.4385 58.8883 0
      vertex 43.4385 58.8883 1.5
    endloop
  endfacet
  facet normal 0.946944 0.3214 0
    outer loop
      vertex 43.4385 58.8883 0
      vertex 43.7328 58.0212 1.5
      vertex 43.7328 58.0212 0
    endloop
  endfacet
  facet normal -0.659401 -0.751791 0
    outer loop
      vertex 54.4613 66.2535 0
      vertex 55.1497 65.6497 1.5
      vertex 54.4613 66.2535 1.5
    endloop
  endfacet
  facet normal -0.659401 -0.751791 -0
    outer loop
      vertex 55.1497 65.6497 1.5
      vertex 54.4613 66.2535 0
      vertex 55.1497 65.6497 0
    endloop
  endfacet
  facet normal -0.3214 -0.946944 0
    outer loop
      vertex 52.0117 67.4615 0
      vertex 52.8788 67.1672 1.5
      vertex 52.0117 67.4615 1.5
    endloop
  endfacet
  facet normal -0.3214 -0.946944 -0
    outer loop
      vertex 52.8788 67.1672 1.5
      vertex 52.0117 67.4615 0
      vertex 52.8788 67.1672 0
    endloop
  endfacet
  facet normal -0.946944 0.3214 0
    outer loop
      vertex 56.6672 58.0212 0.75
      vertex 56.9615 58.8883 1.5
      vertex 56.9615 58.8883 0.75
    endloop
  endfacet
  facet normal -0.946944 0.3214 0
    outer loop
      vertex 56.9615 58.8883 1.5
      vertex 56.6672 58.0212 0.75
      vertex 56.6672 58.0212 1.5
    endloop
  endfacet
  facet normal 0.997858 -0.0654172 0
    outer loop
      vertex 43.2 60.7 1.5
      vertex 43.2599 61.6137 0
      vertex 43.2599 61.6137 1.5
    endloop
  endfacet
  facet normal 0.997858 -0.0654172 0
    outer loop
      vertex 43.2599 61.6137 0
      vertex 43.2 60.7 1.5
      vertex 43.2 60.7 0
    endloop
  endfacet
  facet normal 0.3214 0.946944 -0
    outer loop
      vertex 48.3883 53.9385 0
      vertex 47.5212 54.2328 1.5
      vertex 48.3883 53.9385 1.5
    endloop
  endfacet
  facet normal 0.3214 0.946944 0
    outer loop
      vertex 47.5212 54.2328 1.5
      vertex 48.3883 53.9385 0
      vertex 47.5212 54.2328 0
    endloop
  endfacet
  facet normal -0.555582 -0.831462 0
    outer loop
      vertex 53.7 66.7622 0
      vertex 54.4613 66.2535 1.5
      vertex 53.7 66.7622 1.5
    endloop
  endfacet
  facet normal -0.555582 -0.831462 -0
    outer loop
      vertex 54.4613 66.2535 1.5
      vertex 53.7 66.7622 0
      vertex 54.4613 66.2535 0
    endloop
  endfacet
  facet normal 0.831462 0.555582 0
    outer loop
      vertex 44.6465 56.4387 1.5
      vertex 44.1378 57.2 0
      vertex 44.1378 57.2 1.5
    endloop
  endfacet
  facet normal 0.831462 0.555582 0
    outer loop
      vertex 44.1378 57.2 0
      vertex 44.6465 56.4387 1.5
      vertex 44.6465 56.4387 0
    endloop
  endfacet
  facet normal -0.831462 0.555581 0
    outer loop
      vertex 55.9281 56.7 0
      vertex 55.7535 56.4387 0
      vertex 55.9281 56.7 0.75
    endloop
  endfacet
  facet normal -0.831461 0.555583 0
    outer loop
      vertex 55.9281 56.7 0.75
      vertex 56.2622 57.2 1.5
      vertex 56.2622 57.2 0.75
    endloop
  endfacet
  facet normal -0.831462 0.555582 4.80551e-07
    outer loop
      vertex 55.9281 56.7 0.75
      vertex 55.7535 56.4387 1.5
      vertex 56.2622 57.2 1.5
    endloop
  endfacet
  facet normal -0.831462 0.555581 0
    outer loop
      vertex 55.7535 56.4387 1.5
      vertex 55.9281 56.7 0.75
      vertex 55.7535 56.4387 0
    endloop
  endfacet
  facet normal -0.89686 0.442314 0
    outer loop
      vertex 56.2622 57.2 0.75
      vertex 56.6672 58.0212 1.5
      vertex 56.6672 58.0212 0.75
    endloop
  endfacet
  facet normal -0.89686 0.442314 0
    outer loop
      vertex 56.6672 58.0212 1.5
      vertex 56.2622 57.2 0.75
      vertex 56.2622 57.2 1.5
    endloop
  endfacet
  facet normal 0.98079 0.195066 0
    outer loop
      vertex 43.4385 58.8883 1.5
      vertex 43.2599 59.7863 0
      vertex 43.2599 59.7863 1.5
    endloop
  endfacet
  facet normal 0.98079 0.195066 0
    outer loop
      vertex 43.2599 59.7863 0
      vertex 43.4385 58.8883 1.5
      vertex 43.4385 58.8883 0
    endloop
  endfacet
  facet normal 0.831462 -0.555582 0
    outer loop
      vertex 44.1378 64.2 1.5
      vertex 44.6465 64.9613 0
      vertex 44.6465 64.9613 1.5
    endloop
  endfacet
  facet normal 0.831462 -0.555582 0
    outer loop
      vertex 44.6465 64.9613 0
      vertex 44.1378 64.2 1.5
      vertex 44.1378 64.2 0
    endloop
  endfacet
  facet normal -0.659401 0.751791 0
    outer loop
      vertex 55.1497 55.7503 0
      vertex 54.4613 55.1465 1.5
      vertex 55.1497 55.7503 1.5
    endloop
  endfacet
  facet normal -0.659401 0.751791 0
    outer loop
      vertex 54.4613 55.1465 1.5
      vertex 55.1497 55.7503 0
      vertex 54.4613 55.1465 0
    endloop
  endfacet
  facet normal -0.195066 -0.98079 0
    outer loop
      vertex 51.1137 67.6401 0
      vertex 52.0117 67.4615 1.5
      vertex 51.1137 67.6401 1.5
    endloop
  endfacet
  facet normal -0.195066 -0.98079 -0
    outer loop
      vertex 52.0117 67.4615 1.5
      vertex 51.1137 67.6401 0
      vertex 52.0117 67.4615 0
    endloop
  endfacet
  facet normal 0.751791 -0.659401 0
    outer loop
      vertex 44.6465 64.9613 1.5
      vertex 45.2503 65.6497 0
      vertex 45.2503 65.6497 1.5
    endloop
  endfacet
  facet normal 0.751791 -0.659401 0
    outer loop
      vertex 45.2503 65.6497 0
      vertex 44.6465 64.9613 1.5
      vertex 44.6465 64.9613 0
    endloop
  endfacet
  facet normal -0.946944 -0.3214 0
    outer loop
      vertex 56.9615 62.5117 0.75
      vertex 56.6672 63.3788 1.5
      vertex 56.6672 63.3788 0.75
    endloop
  endfacet
  facet normal -0.946944 -0.3214 0
    outer loop
      vertex 56.6672 63.3788 1.5
      vertex 56.9615 62.5117 0.75
      vertex 56.9615 62.5117 1.5
    endloop
  endfacet
  facet normal 0.89686 -0.442314 0
    outer loop
      vertex 43.7328 63.3788 1.5
      vertex 44.1378 64.2 0
      vertex 44.1378 64.2 1.5
    endloop
  endfacet
  facet normal 0.89686 -0.442314 0
    outer loop
      vertex 44.1378 64.2 0
      vertex 43.7328 63.3788 1.5
      vertex 43.7328 63.3788 0
    endloop
  endfacet
  facet normal 0.555582 0.831462 -0
    outer loop
      vertex 46.7 54.6378 0
      vertex 45.9387 55.1465 1.5
      vertex 46.7 54.6378 1.5
    endloop
  endfacet
  facet normal 0.555582 0.831462 0
    outer loop
      vertex 45.9387 55.1465 1.5
      vertex 46.7 54.6378 0
      vertex 45.9387 55.1465 0
    endloop
  endfacet
  facet normal -0.442314 0.89686 0
    outer loop
      vertex 53.7 54.6378 0
      vertex 52.8788 54.2328 1.5
      vertex 53.7 54.6378 1.5
    endloop
  endfacet
  facet normal -0.442314 0.89686 0
    outer loop
      vertex 52.8788 54.2328 1.5
      vertex 53.7 54.6378 0
      vertex 52.8788 54.2328 0
    endloop
  endfacet
  facet normal 0.997858 0.0654172 0
    outer loop
      vertex 43.2599 59.7863 1.5
      vertex 43.2 60.7 0
      vertex 43.2 60.7 1.5
    endloop
  endfacet
  facet normal 0.997858 0.0654172 0
    outer loop
      vertex 43.2 60.7 0
      vertex 43.2599 59.7863 1.5
      vertex 43.2599 59.7863 0
    endloop
  endfacet
  facet normal -0.0654172 -0.997858 0
    outer loop
      vertex 50.2 67.7 0
      vertex 51.1137 67.6401 1.5
      vertex 50.2 67.7 1.5
    endloop
  endfacet
  facet normal -0.0654172 -0.997858 -0
    outer loop
      vertex 51.1137 67.6401 1.5
      vertex 50.2 67.7 0
      vertex 51.1137 67.6401 0
    endloop
  endfacet
  facet normal 0.195066 0.98079 -0
    outer loop
      vertex 49.2863 53.7599 0
      vertex 48.3883 53.9385 1.5
      vertex 49.2863 53.7599 1.5
    endloop
  endfacet
  facet normal 0.195066 0.98079 0
    outer loop
      vertex 48.3883 53.9385 1.5
      vertex 49.2863 53.7599 0
      vertex 48.3883 53.9385 0
    endloop
  endfacet
  facet normal 0.0654172 -0.997858 0
    outer loop
      vertex 49.2863 67.6401 0
      vertex 50.2 67.7 1.5
      vertex 49.2863 67.6401 1.5
    endloop
  endfacet
  facet normal 0.0654172 -0.997858 0
    outer loop
      vertex 50.2 67.7 1.5
      vertex 49.2863 67.6401 0
      vertex 50.2 67.7 0
    endloop
  endfacet
  facet normal 0.946944 -0.3214 0
    outer loop
      vertex 43.4385 62.5117 1.5
      vertex 43.7328 63.3788 0
      vertex 43.7328 63.3788 1.5
    endloop
  endfacet
  facet normal 0.946944 -0.3214 0
    outer loop
      vertex 43.7328 63.3788 0
      vertex 43.4385 62.5117 1.5
      vertex 43.4385 62.5117 0
    endloop
  endfacet
  facet normal 0.751791 0.659401 0
    outer loop
      vertex 45.2503 55.7503 1.5
      vertex 44.6465 56.4387 0
      vertex 44.6465 56.4387 1.5
    endloop
  endfacet
  facet normal 0.751791 0.659401 0
    outer loop
      vertex 44.6465 56.4387 0
      vertex 45.2503 55.7503 1.5
      vertex 45.2503 55.7503 0
    endloop
  endfacet
  facet normal 0.555582 0.831462 -0
    outer loop
      vertex 27.65 38.6378 0
      vertex 26.8887 39.1465 1.5
      vertex 27.65 38.6378 1.5
    endloop
  endfacet
  facet normal 0.555582 0.831462 0
    outer loop
      vertex 26.8887 39.1465 1.5
      vertex 27.65 38.6378 0
      vertex 26.8887 39.1465 0
    endloop
  endfacet
  facet normal -0.89686 0.442314 0
    outer loop
      vertex 37.2122 41.2 0
      vertex 37.6172 42.0212 1.5
      vertex 37.6172 42.0212 0
    endloop
  endfacet
  facet normal -0.89686 0.442314 0
    outer loop
      vertex 37.6172 42.0212 1.5
      vertex 37.2122 41.2 0
      vertex 37.2122 41.2 1.5
    endloop
  endfacet
  facet normal -0.98079 -0.195066 0
    outer loop
      vertex 38.0901 45.6137 0
      vertex 37.9115 46.5117 1.5
      vertex 37.9115 46.5117 0
    endloop
  endfacet
  facet normal -0.98079 -0.195066 0
    outer loop
      vertex 37.9115 46.5117 1.5
      vertex 38.0901 45.6137 0
      vertex 38.0901 45.6137 1.5
    endloop
  endfacet
  facet normal -0.997858 -0.0654172 0
    outer loop
      vertex 38.15 44.7 0
      vertex 38.0901 45.6137 1.5
      vertex 38.0901 45.6137 0
    endloop
  endfacet
  facet normal -0.997858 -0.0654172 0
    outer loop
      vertex 38.0901 45.6137 1.5
      vertex 38.15 44.7 0
      vertex 38.15 44.7 1.5
    endloop
  endfacet
  facet normal -0.0654172 0.997858 0
    outer loop
      vertex 32.0637 37.7599 0
      vertex 31.15 37.7 1.5
      vertex 32.0637 37.7599 1.5
    endloop
  endfacet
  facet normal -0.0654172 0.997858 0
    outer loop
      vertex 31.15 37.7 1.5
      vertex 32.0637 37.7599 0
      vertex 31.15 37.7 0
    endloop
  endfacet
  facet normal 0.555582 -0.831462 0
    outer loop
      vertex 26.8887 50.2535 0
      vertex 27.65 50.7622 1.5
      vertex 26.8887 50.2535 1.5
    endloop
  endfacet
  facet normal 0.555582 -0.831462 0
    outer loop
      vertex 27.65 50.7622 1.5
      vertex 26.8887 50.2535 0
      vertex 27.65 50.7622 0
    endloop
  endfacet
  facet normal -0.831462 -0.555582 0
    outer loop
      vertex 37.2122 48.2 0
      vertex 36.7035 48.9613 1.5
      vertex 36.7035 48.9613 0
    endloop
  endfacet
  facet normal -0.831462 -0.555582 0
    outer loop
      vertex 36.7035 48.9613 1.5
      vertex 37.2122 48.2 0
      vertex 37.2122 48.2 1.5
    endloop
  endfacet
  facet normal -0.442314 -0.89686 0
    outer loop
      vertex 33.8288 51.1672 0
      vertex 34.65 50.7622 1.5
      vertex 33.8288 51.1672 1.5
    endloop
  endfacet
  facet normal -0.442314 -0.89686 -0
    outer loop
      vertex 34.65 50.7622 1.5
      vertex 33.8288 51.1672 0
      vertex 34.65 50.7622 0
    endloop
  endfacet
  facet normal -0.659401 0.751791 0
    outer loop
      vertex 36.0997 39.7503 0
      vertex 35.4113 39.1465 1.5
      vertex 36.0997 39.7503 1.5
    endloop
  endfacet
  facet normal -0.659401 0.751791 0
    outer loop
      vertex 35.4113 39.1465 1.5
      vertex 36.0997 39.7503 0
      vertex 35.4113 39.1465 0
    endloop
  endfacet
  facet normal -0.751791 0.659401 0
    outer loop
      vertex 36.0997 39.7503 0
      vertex 36.7035 40.4387 1.5
      vertex 36.7035 40.4387 0
    endloop
  endfacet
  facet normal -0.751791 0.659401 0
    outer loop
      vertex 36.7035 40.4387 1.5
      vertex 36.0997 39.7503 0
      vertex 36.0997 39.7503 1.5
    endloop
  endfacet
  facet normal -0.89686 -0.442314 0
    outer loop
      vertex 37.6172 47.3788 0
      vertex 37.2122 48.2 1.5
      vertex 37.2122 48.2 0
    endloop
  endfacet
  facet normal -0.89686 -0.442314 0
    outer loop
      vertex 37.2122 48.2 1.5
      vertex 37.6172 47.3788 0
      vertex 37.6172 47.3788 1.5
    endloop
  endfacet
  facet normal 0.442314 0.89686 -0
    outer loop
      vertex 28.4712 38.2328 0
      vertex 27.65 38.6378 1.5
      vertex 28.4712 38.2328 1.5
    endloop
  endfacet
  facet normal 0.442314 0.89686 0
    outer loop
      vertex 27.65 38.6378 1.5
      vertex 28.4712 38.2328 0
      vertex 27.65 38.6378 0
    endloop
  endfacet
  facet normal -0.751791 -0.659401 0
    outer loop
      vertex 36.7035 48.9613 0
      vertex 36.0997 49.6497 1.5
      vertex 36.0997 49.6497 0
    endloop
  endfacet
  facet normal -0.751791 -0.659401 0
    outer loop
      vertex 36.0997 49.6497 1.5
      vertex 36.7035 48.9613 0
      vertex 36.7035 48.9613 1.5
    endloop
  endfacet
  facet normal -0.3214 0.946944 0
    outer loop
      vertex 33.8288 38.2328 0
      vertex 32.9617 37.9385 1.5
      vertex 33.8288 38.2328 1.5
    endloop
  endfacet
  facet normal -0.3214 0.946944 0
    outer loop
      vertex 32.9617 37.9385 1.5
      vertex 33.8288 38.2328 0
      vertex 32.9617 37.9385 0
    endloop
  endfacet
  facet normal 0.751791 -0.659401 0
    outer loop
      vertex 25.5965 48.9613 1.5
      vertex 26.2003 49.6497 0
      vertex 26.2003 49.6497 1.5
    endloop
  endfacet
  facet normal 0.751791 -0.659401 0
    outer loop
      vertex 26.2003 49.6497 0
      vertex 25.5965 48.9613 1.5
      vertex 25.5965 48.9613 0
    endloop
  endfacet
  facet normal 0.442314 -0.89686 0
    outer loop
      vertex 27.65 50.7622 0
      vertex 28.4712 51.1672 1.5
      vertex 27.65 50.7622 1.5
    endloop
  endfacet
  facet normal 0.442314 -0.89686 0
    outer loop
      vertex 28.4712 51.1672 1.5
      vertex 27.65 50.7622 0
      vertex 28.4712 51.1672 0
    endloop
  endfacet
  facet normal -0.831462 0.555582 0
    outer loop
      vertex 36.7035 40.4387 0
      vertex 37.2122 41.2 1.5
      vertex 37.2122 41.2 0
    endloop
  endfacet
  facet normal -0.831462 0.555582 0
    outer loop
      vertex 37.2122 41.2 1.5
      vertex 36.7035 40.4387 0
      vertex 36.7035 40.4387 1.5
    endloop
  endfacet
  facet normal -0.195066 0.98079 0
    outer loop
      vertex 32.9617 37.9385 0
      vertex 32.0637 37.7599 1.5
      vertex 32.9617 37.9385 1.5
    endloop
  endfacet
  facet normal -0.195066 0.98079 0
    outer loop
      vertex 32.0637 37.7599 1.5
      vertex 32.9617 37.9385 0
      vertex 32.0637 37.7599 0
    endloop
  endfacet
  facet normal 0.831462 0.555582 0
    outer loop
      vertex 25.5965 40.4387 1.5
      vertex 25.0878 41.2 0
      vertex 25.0878 41.2 1.5
    endloop
  endfacet
  facet normal 0.831462 0.555582 0
    outer loop
      vertex 25.0878 41.2 0
      vertex 25.5965 40.4387 1.5
      vertex 25.5965 40.4387 0
    endloop
  endfacet
  facet normal 0.946944 -0.3214 0
    outer loop
      vertex 24.3885 46.5117 1.5
      vertex 24.6828 47.3788 0
      vertex 24.6828 47.3788 1.5
    endloop
  endfacet
  facet normal 0.946944 -0.3214 0
    outer loop
      vertex 24.6828 47.3788 0
      vertex 24.3885 46.5117 1.5
      vertex 24.3885 46.5117 0
    endloop
  endfacet
  facet normal -0.442314 0.89686 0
    outer loop
      vertex 34.65 38.6378 0
      vertex 33.8288 38.2328 1.5
      vertex 34.65 38.6378 1.5
    endloop
  endfacet
  facet normal -0.442314 0.89686 0
    outer loop
      vertex 33.8288 38.2328 1.5
      vertex 34.65 38.6378 0
      vertex 33.8288 38.2328 0
    endloop
  endfacet
  facet normal 0.659401 0.751791 -0
    outer loop
      vertex 26.8887 39.1465 0
      vertex 26.2003 39.7503 1.5
      vertex 26.8887 39.1465 1.5
    endloop
  endfacet
  facet normal 0.659401 0.751791 0
    outer loop
      vertex 26.2003 39.7503 1.5
      vertex 26.8887 39.1465 0
      vertex 26.2003 39.7503 0
    endloop
  endfacet
  facet normal -0.997858 0.0654172 0
    outer loop
      vertex 38.0901 43.7863 0
      vertex 38.15 44.7 1.5
      vertex 38.15 44.7 0
    endloop
  endfacet
  facet normal -0.997858 0.0654172 0
    outer loop
      vertex 38.15 44.7 1.5
      vertex 38.0901 43.7863 0
      vertex 38.0901 43.7863 1.5
    endloop
  endfacet
  facet normal 0.831462 -0.555582 0
    outer loop
      vertex 25.0878 48.2 1.5
      vertex 25.5965 48.9613 0
      vertex 25.5965 48.9613 1.5
    endloop
  endfacet
  facet normal 0.831462 -0.555582 0
    outer loop
      vertex 25.5965 48.9613 0
      vertex 25.0878 48.2 1.5
      vertex 25.0878 48.2 0
    endloop
  endfacet
  facet normal -0.3214 -0.946944 0
    outer loop
      vertex 32.9617 51.4615 0
      vertex 33.8288 51.1672 1.5
      vertex 32.9617 51.4615 1.5
    endloop
  endfacet
  facet normal -0.3214 -0.946944 -0
    outer loop
      vertex 33.8288 51.1672 1.5
      vertex 32.9617 51.4615 0
      vertex 33.8288 51.1672 0
    endloop
  endfacet
  facet normal 0.3214 -0.946944 0
    outer loop
      vertex 28.4712 51.1672 0
      vertex 29.3383 51.4615 1.5
      vertex 28.4712 51.1672 1.5
    endloop
  endfacet
  facet normal 0.3214 -0.946944 0
    outer loop
      vertex 29.3383 51.4615 1.5
      vertex 28.4712 51.1672 0
      vertex 29.3383 51.4615 0
    endloop
  endfacet
  facet normal 0.997858 -0.0654172 0
    outer loop
      vertex 24.15 44.7 1.5
      vertex 24.2099 45.6137 0
      vertex 24.2099 45.6137 1.5
    endloop
  endfacet
  facet normal 0.997858 -0.0654172 0
    outer loop
      vertex 24.2099 45.6137 0
      vertex 24.15 44.7 1.5
      vertex 24.15 44.7 0
    endloop
  endfacet
  facet normal -0.946944 -0.3214 0
    outer loop
      vertex 37.9115 46.5117 0
      vertex 37.6172 47.3788 1.5
      vertex 37.6172 47.3788 0
    endloop
  endfacet
  facet normal -0.946944 -0.3214 0
    outer loop
      vertex 37.6172 47.3788 1.5
      vertex 37.9115 46.5117 0
      vertex 37.9115 46.5117 1.5
    endloop
  endfacet
  facet normal 0.659401 -0.751791 0
    outer loop
      vertex 26.2003 49.6497 0
      vertex 26.8887 50.2535 1.5
      vertex 26.2003 49.6497 1.5
    endloop
  endfacet
  facet normal 0.659401 -0.751791 0
    outer loop
      vertex 26.8887 50.2535 1.5
      vertex 26.2003 49.6497 0
      vertex 26.8887 50.2535 0
    endloop
  endfacet
  facet normal -0.195066 -0.98079 0
    outer loop
      vertex 32.0637 51.6401 0
      vertex 32.9617 51.4615 1.5
      vertex 32.0637 51.6401 1.5
    endloop
  endfacet
  facet normal -0.195066 -0.98079 -0
    outer loop
      vertex 32.9617 51.4615 1.5
      vertex 32.0637 51.6401 0
      vertex 32.9617 51.4615 0
    endloop
  endfacet
  facet normal 0.3214 0.946944 -0
    outer loop
      vertex 29.3383 37.9385 0
      vertex 28.4712 38.2328 1.5
      vertex 29.3383 37.9385 1.5
    endloop
  endfacet
  facet normal 0.3214 0.946944 0
    outer loop
      vertex 28.4712 38.2328 1.5
      vertex 29.3383 37.9385 0
      vertex 28.4712 38.2328 0
    endloop
  endfacet
  facet normal -0.555582 -0.831462 0
    outer loop
      vertex 34.65 50.7622 0
      vertex 35.4113 50.2535 1.5
      vertex 34.65 50.7622 1.5
    endloop
  endfacet
  facet normal -0.555582 -0.831462 -0
    outer loop
      vertex 35.4113 50.2535 1.5
      vertex 34.65 50.7622 0
      vertex 35.4113 50.2535 0
    endloop
  endfacet
  facet normal 0.751791 0.659401 0
    outer loop
      vertex 26.2003 39.7503 1.5
      vertex 25.5965 40.4387 0
      vertex 25.5965 40.4387 1.5
    endloop
  endfacet
  facet normal 0.751791 0.659401 0
    outer loop
      vertex 25.5965 40.4387 0
      vertex 26.2003 39.7503 1.5
      vertex 26.2003 39.7503 0
    endloop
  endfacet
  facet normal 0.98079 0.195066 0
    outer loop
      vertex 24.3885 42.8883 1.5
      vertex 24.2099 43.7863 0
      vertex 24.2099 43.7863 1.5
    endloop
  endfacet
  facet normal 0.98079 0.195066 0
    outer loop
      vertex 24.2099 43.7863 0
      vertex 24.3885 42.8883 1.5
      vertex 24.3885 42.8883 0
    endloop
  endfacet
  facet normal 0.98079 -0.195066 0
    outer loop
      vertex 24.2099 45.6137 1.5
      vertex 24.3885 46.5117 0
      vertex 24.3885 46.5117 1.5
    endloop
  endfacet
  facet normal 0.98079 -0.195066 0
    outer loop
      vertex 24.3885 46.5117 0
      vertex 24.2099 45.6137 1.5
      vertex 24.2099 45.6137 0
    endloop
  endfacet
  facet normal 0.195066 0.98079 -0
    outer loop
      vertex 30.2363 37.7599 0
      vertex 29.3383 37.9385 1.5
      vertex 30.2363 37.7599 1.5
    endloop
  endfacet
  facet normal 0.195066 0.98079 0
    outer loop
      vertex 29.3383 37.9385 1.5
      vertex 30.2363 37.7599 0
      vertex 29.3383 37.9385 0
    endloop
  endfacet
  facet normal -0.946944 0.3214 0
    outer loop
      vertex 37.6172 42.0212 0
      vertex 37.9115 42.8883 1.5
      vertex 37.9115 42.8883 0
    endloop
  endfacet
  facet normal -0.946944 0.3214 0
    outer loop
      vertex 37.9115 42.8883 1.5
      vertex 37.6172 42.0212 0
      vertex 37.6172 42.0212 1.5
    endloop
  endfacet
  facet normal -0.98079 0.195066 0
    outer loop
      vertex 37.9115 42.8883 0
      vertex 38.0901 43.7863 1.5
      vertex 38.0901 43.7863 0
    endloop
  endfacet
  facet normal -0.98079 0.195066 0
    outer loop
      vertex 38.0901 43.7863 1.5
      vertex 37.9115 42.8883 0
      vertex 37.9115 42.8883 1.5
    endloop
  endfacet
  facet normal 0.195066 -0.98079 0
    outer loop
      vertex 29.3383 51.4615 0
      vertex 30.2363 51.6401 1.5
      vertex 29.3383 51.4615 1.5
    endloop
  endfacet
  facet normal 0.195066 -0.98079 0
    outer loop
      vertex 30.2363 51.6401 1.5
      vertex 29.3383 51.4615 0
      vertex 30.2363 51.6401 0
    endloop
  endfacet
  facet normal 0.997858 0.0654172 0
    outer loop
      vertex 24.2099 43.7863 1.5
      vertex 24.15 44.7 0
      vertex 24.15 44.7 1.5
    endloop
  endfacet
  facet normal 0.997858 0.0654172 0
    outer loop
      vertex 24.15 44.7 0
      vertex 24.2099 43.7863 1.5
      vertex 24.2099 43.7863 0
    endloop
  endfacet
  facet normal 0.0654172 -0.997858 0
    outer loop
      vertex 30.2363 51.6401 0
      vertex 31.15 51.7 1.5
      vertex 30.2363 51.6401 1.5
    endloop
  endfacet
  facet normal 0.0654172 -0.997858 0
    outer loop
      vertex 31.15 51.7 1.5
      vertex 30.2363 51.6401 0
      vertex 31.15 51.7 0
    endloop
  endfacet
  facet normal 0.89686 0.442314 0
    outer loop
      vertex 25.0878 41.2 1.5
      vertex 24.6828 42.0212 0
      vertex 24.6828 42.0212 1.5
    endloop
  endfacet
  facet normal 0.89686 0.442314 0
    outer loop
      vertex 24.6828 42.0212 0
      vertex 25.0878 41.2 1.5
      vertex 25.0878 41.2 0
    endloop
  endfacet
  facet normal 0.946944 0.3214 0
    outer loop
      vertex 24.6828 42.0212 1.5
      vertex 24.3885 42.8883 0
      vertex 24.3885 42.8883 1.5
    endloop
  endfacet
  facet normal 0.946944 0.3214 0
    outer loop
      vertex 24.3885 42.8883 0
      vertex 24.6828 42.0212 1.5
      vertex 24.6828 42.0212 0
    endloop
  endfacet
  facet normal -0.0654172 -0.997858 0
    outer loop
      vertex 31.15 51.7 0
      vertex 32.0637 51.6401 1.5
      vertex 31.15 51.7 1.5
    endloop
  endfacet
  facet normal -0.0654172 -0.997858 -0
    outer loop
      vertex 32.0637 51.6401 1.5
      vertex 31.15 51.7 0
      vertex 32.0637 51.6401 0
    endloop
  endfacet
  facet normal -0.659401 -0.751791 0
    outer loop
      vertex 35.4113 50.2535 0
      vertex 36.0997 49.6497 1.5
      vertex 35.4113 50.2535 1.5
    endloop
  endfacet
  facet normal -0.659401 -0.751791 -0
    outer loop
      vertex 36.0997 49.6497 1.5
      vertex 35.4113 50.2535 0
      vertex 36.0997 49.6497 0
    endloop
  endfacet
  facet normal -0.555582 0.831462 0
    outer loop
      vertex 35.4113 39.1465 0
      vertex 34.65 38.6378 1.5
      vertex 35.4113 39.1465 1.5
    endloop
  endfacet
  facet normal -0.555582 0.831462 0
    outer loop
      vertex 34.65 38.6378 1.5
      vertex 35.4113 39.1465 0
      vertex 34.65 38.6378 0
    endloop
  endfacet
  facet normal 0.89686 -0.442314 0
    outer loop
      vertex 24.6828 47.3788 1.5
      vertex 25.0878 48.2 0
      vertex 25.0878 48.2 1.5
    endloop
  endfacet
  facet normal 0.89686 -0.442314 0
    outer loop
      vertex 25.0878 48.2 0
      vertex 24.6828 47.3788 1.5
      vertex 24.6828 47.3788 0
    endloop
  endfacet
  facet normal 0.0654172 0.997858 -0
    outer loop
      vertex 31.15 37.7 0
      vertex 30.2363 37.7599 1.5
      vertex 31.15 37.7 1.5
    endloop
  endfacet
  facet normal 0.0654172 0.997858 0
    outer loop
      vertex 30.2363 37.7599 1.5
      vertex 31.15 37.7 0
      vertex 30.2363 37.7599 0
    endloop
  endfacet
  facet normal -0.195066 0.98079 0
    outer loop
      vertex 52.0117 37.9385 0
      vertex 51.1137 37.7599 1.5
      vertex 52.0117 37.9385 1.5
    endloop
  endfacet
  facet normal -0.195066 0.98079 0
    outer loop
      vertex 51.1137 37.7599 1.5
      vertex 52.0117 37.9385 0
      vertex 51.1137 37.7599 0
    endloop
  endfacet
  facet normal -0.98079 -0.195066 0
    outer loop
      vertex 57.1401 45.6137 0
      vertex 56.9615 46.5117 1.5
      vertex 56.9615 46.5117 0
    endloop
  endfacet
  facet normal -0.98079 -0.195066 0
    outer loop
      vertex 56.9615 46.5117 1.5
      vertex 57.1401 45.6137 0
      vertex 57.1401 45.6137 1.5
    endloop
  endfacet
  facet normal -0.997858 -0.0654172 0
    outer loop
      vertex 57.2 44.7 0
      vertex 57.1401 45.6137 1.5
      vertex 57.1401 45.6137 0
    endloop
  endfacet
  facet normal -0.997858 -0.0654172 0
    outer loop
      vertex 57.1401 45.6137 1.5
      vertex 57.2 44.7 0
      vertex 57.2 44.7 1.5
    endloop
  endfacet
  facet normal 0.98079 -0.195066 0
    outer loop
      vertex 43.2599 45.6137 1.5
      vertex 43.4385 46.5117 0
      vertex 43.4385 46.5117 1.5
    endloop
  endfacet
  facet normal 0.98079 -0.195066 0
    outer loop
      vertex 43.4385 46.5117 0
      vertex 43.2599 45.6137 1.5
      vertex 43.2599 45.6137 0
    endloop
  endfacet
  facet normal 0.659401 -0.751791 0
    outer loop
      vertex 45.2503 49.6497 0
      vertex 45.9387 50.2535 1.5
      vertex 45.2503 49.6497 1.5
    endloop
  endfacet
  facet normal 0.659401 -0.751791 0
    outer loop
      vertex 45.9387 50.2535 1.5
      vertex 45.2503 49.6497 0
      vertex 45.9387 50.2535 0
    endloop
  endfacet
  facet normal -0.831462 -0.555582 0
    outer loop
      vertex 56.2622 48.2 0
      vertex 55.7535 48.9613 1.5
      vertex 55.7535 48.9613 0
    endloop
  endfacet
  facet normal -0.831462 -0.555582 0
    outer loop
      vertex 55.7535 48.9613 1.5
      vertex 56.2622 48.2 0
      vertex 56.2622 48.2 1.5
    endloop
  endfacet
  facet normal -0.0654172 0.997858 0
    outer loop
      vertex 51.1137 37.7599 0
      vertex 50.2 37.7 1.5
      vertex 51.1137 37.7599 1.5
    endloop
  endfacet
  facet normal -0.0654172 0.997858 0
    outer loop
      vertex 50.2 37.7 1.5
      vertex 51.1137 37.7599 0
      vertex 50.2 37.7 0
    endloop
  endfacet
  facet normal -0.89686 -0.442314 0
    outer loop
      vertex 56.6672 47.3788 0
      vertex 56.2622 48.2 1.5
      vertex 56.2622 48.2 0
    endloop
  endfacet
  facet normal -0.89686 -0.442314 0
    outer loop
      vertex 56.2622 48.2 1.5
      vertex 56.6672 47.3788 0
      vertex 56.6672 47.3788 1.5
    endloop
  endfacet
  facet normal 0.442314 -0.89686 0
    outer loop
      vertex 46.7 50.7622 0
      vertex 47.5212 51.1672 1.5
      vertex 46.7 50.7622 1.5
    endloop
  endfacet
  facet normal 0.442314 -0.89686 0
    outer loop
      vertex 47.5212 51.1672 1.5
      vertex 46.7 50.7622 0
      vertex 47.5212 51.1672 0
    endloop
  endfacet
  facet normal -0.555582 0.831462 0
    outer loop
      vertex 54.4613 39.1465 0
      vertex 53.7 38.6378 1.5
      vertex 54.4613 39.1465 1.5
    endloop
  endfacet
  facet normal -0.555582 0.831462 0
    outer loop
      vertex 53.7 38.6378 1.5
      vertex 54.4613 39.1465 0
      vertex 53.7 38.6378 0
    endloop
  endfacet
  facet normal 0.0654172 0.997858 -0
    outer loop
      vertex 50.2 37.7 0
      vertex 49.2863 37.7599 1.5
      vertex 50.2 37.7 1.5
    endloop
  endfacet
  facet normal 0.0654172 0.997858 0
    outer loop
      vertex 49.2863 37.7599 1.5
      vertex 50.2 37.7 0
      vertex 49.2863 37.7599 0
    endloop
  endfacet
  facet normal 0.89686 0.442314 0
    outer loop
      vertex 44.1378 41.2 1.5
      vertex 43.7328 42.0212 0
      vertex 43.7328 42.0212 1.5
    endloop
  endfacet
  facet normal 0.89686 0.442314 0
    outer loop
      vertex 43.7328 42.0212 0
      vertex 44.1378 41.2 1.5
      vertex 44.1378 41.2 0
    endloop
  endfacet
  facet normal 0.442314 0.89686 -0
    outer loop
      vertex 47.5212 38.2328 0
      vertex 46.7 38.6378 1.5
      vertex 47.5212 38.2328 1.5
    endloop
  endfacet
  facet normal 0.442314 0.89686 0
    outer loop
      vertex 46.7 38.6378 1.5
      vertex 47.5212 38.2328 0
      vertex 46.7 38.6378 0
    endloop
  endfacet
  facet normal -0.98079 0.195066 0
    outer loop
      vertex 56.9615 42.8883 0
      vertex 57.1401 43.7863 1.5
      vertex 57.1401 43.7863 0
    endloop
  endfacet
  facet normal -0.98079 0.195066 0
    outer loop
      vertex 57.1401 43.7863 1.5
      vertex 56.9615 42.8883 0
      vertex 56.9615 42.8883 1.5
    endloop
  endfacet
  facet normal 0.3214 -0.946944 0
    outer loop
      vertex 47.5212 51.1672 0
      vertex 48.3883 51.4615 1.5
      vertex 47.5212 51.1672 1.5
    endloop
  endfacet
  facet normal 0.3214 -0.946944 0
    outer loop
      vertex 48.3883 51.4615 1.5
      vertex 47.5212 51.1672 0
      vertex 48.3883 51.4615 0
    endloop
  endfacet
  facet normal -0.3214 0.946944 0
    outer loop
      vertex 52.8788 38.2328 0
      vertex 52.0117 37.9385 1.5
      vertex 52.8788 38.2328 1.5
    endloop
  endfacet
  facet normal -0.3214 0.946944 0
    outer loop
      vertex 52.0117 37.9385 1.5
      vertex 52.8788 38.2328 0
      vertex 52.0117 37.9385 0
    endloop
  endfacet
  facet normal 0.195066 -0.98079 0
    outer loop
      vertex 48.3883 51.4615 0
      vertex 49.2863 51.6401 1.5
      vertex 48.3883 51.4615 1.5
    endloop
  endfacet
  facet normal 0.195066 -0.98079 0
    outer loop
      vertex 49.2863 51.6401 1.5
      vertex 48.3883 51.4615 0
      vertex 49.2863 51.6401 0
    endloop
  endfacet
  facet normal 0.659401 0.751791 -0
    outer loop
      vertex 45.9387 39.1465 0
      vertex 45.2503 39.7503 1.5
      vertex 45.9387 39.1465 1.5
    endloop
  endfacet
  facet normal 0.659401 0.751791 0
    outer loop
      vertex 45.2503 39.7503 1.5
      vertex 45.9387 39.1465 0
      vertex 45.2503 39.7503 0
    endloop
  endfacet
  facet normal -0.751791 -0.659401 0
    outer loop
      vertex 55.7535 48.9613 0
      vertex 55.1497 49.6497 1.5
      vertex 55.1497 49.6497 0
    endloop
  endfacet
  facet normal -0.751791 -0.659401 0
    outer loop
      vertex 55.1497 49.6497 1.5
      vertex 55.7535 48.9613 0
      vertex 55.7535 48.9613 1.5
    endloop
  endfacet
  facet normal -0.751791 0.659401 0
    outer loop
      vertex 55.1497 39.7503 0
      vertex 55.7535 40.4387 1.5
      vertex 55.7535 40.4387 0
    endloop
  endfacet
  facet normal -0.751791 0.659401 0
    outer loop
      vertex 55.7535 40.4387 1.5
      vertex 55.1497 39.7503 0
      vertex 55.1497 39.7503 1.5
    endloop
  endfacet
  facet normal -0.997858 0.0654172 0
    outer loop
      vertex 57.1401 43.7863 0
      vertex 57.2 44.7 1.5
      vertex 57.2 44.7 0
    endloop
  endfacet
  facet normal -0.997858 0.0654172 0
    outer loop
      vertex 57.2 44.7 1.5
      vertex 57.1401 43.7863 0
      vertex 57.1401 43.7863 1.5
    endloop
  endfacet
  facet normal -0.442314 -0.89686 0
    outer loop
      vertex 52.8788 51.1672 0
      vertex 53.7 50.7622 1.5
      vertex 52.8788 51.1672 1.5
    endloop
  endfacet
  facet normal -0.442314 -0.89686 -0
    outer loop
      vertex 53.7 50.7622 1.5
      vertex 52.8788 51.1672 0
      vertex 53.7 50.7622 0
    endloop
  endfacet
  facet normal 0.555582 -0.831462 0
    outer loop
      vertex 45.9387 50.2535 0
      vertex 46.7 50.7622 1.5
      vertex 45.9387 50.2535 1.5
    endloop
  endfacet
  facet normal 0.555582 -0.831462 0
    outer loop
      vertex 46.7 50.7622 1.5
      vertex 45.9387 50.2535 0
      vertex 46.7 50.7622 0
    endloop
  endfacet
  facet normal 0.946944 0.3214 0
    outer loop
      vertex 43.7328 42.0212 1.5
      vertex 43.4385 42.8883 0
      vertex 43.4385 42.8883 1.5
    endloop
  endfacet
  facet normal 0.946944 0.3214 0
    outer loop
      vertex 43.4385 42.8883 0
      vertex 43.7328 42.0212 1.5
      vertex 43.7328 42.0212 0
    endloop
  endfacet
  facet normal -0.659401 -0.751791 0
    outer loop
      vertex 54.4613 50.2535 0
      vertex 55.1497 49.6497 1.5
      vertex 54.4613 50.2535 1.5
    endloop
  endfacet
  facet normal -0.659401 -0.751791 -0
    outer loop
      vertex 55.1497 49.6497 1.5
      vertex 54.4613 50.2535 0
      vertex 55.1497 49.6497 0
    endloop
  endfacet
  facet normal -0.3214 -0.946944 0
    outer loop
      vertex 52.0117 51.4615 0
      vertex 52.8788 51.1672 1.5
      vertex 52.0117 51.4615 1.5
    endloop
  endfacet
  facet normal -0.3214 -0.946944 -0
    outer loop
      vertex 52.8788 51.1672 1.5
      vertex 52.0117 51.4615 0
      vertex 52.8788 51.1672 0
    endloop
  endfacet
  facet normal 0.997858 -0.0654172 0
    outer loop
      vertex 43.2 44.7 1.5
      vertex 43.2599 45.6137 0
      vertex 43.2599 45.6137 1.5
    endloop
  endfacet
  facet normal 0.997858 -0.0654172 0
    outer loop
      vertex 43.2599 45.6137 0
      vertex 43.2 44.7 1.5
      vertex 43.2 44.7 0
    endloop
  endfacet
  facet normal 0.3214 0.946944 -0
    outer loop
      vertex 48.3883 37.9385 0
      vertex 47.5212 38.2328 1.5
      vertex 48.3883 37.9385 1.5
    endloop
  endfacet
  facet normal 0.3214 0.946944 0
    outer loop
      vertex 47.5212 38.2328 1.5
      vertex 48.3883 37.9385 0
      vertex 47.5212 38.2328 0
    endloop
  endfacet
  facet normal -0.555582 -0.831462 0
    outer loop
      vertex 53.7 50.7622 0
      vertex 54.4613 50.2535 1.5
      vertex 53.7 50.7622 1.5
    endloop
  endfacet
  facet normal -0.555582 -0.831462 -0
    outer loop
      vertex 54.4613 50.2535 1.5
      vertex 53.7 50.7622 0
      vertex 54.4613 50.2535 0
    endloop
  endfacet
  facet normal 0.831462 0.555582 0
    outer loop
      vertex 44.6465 40.4387 1.5
      vertex 44.1378 41.2 0
      vertex 44.1378 41.2 1.5
    endloop
  endfacet
  facet normal 0.831462 0.555582 0
    outer loop
      vertex 44.1378 41.2 0
      vertex 44.6465 40.4387 1.5
      vertex 44.6465 40.4387 0
    endloop
  endfacet
  facet normal -0.831462 0.555582 0
    outer loop
      vertex 55.7535 40.4387 0
      vertex 56.2622 41.2 1.5
      vertex 56.2622 41.2 0
    endloop
  endfacet
  facet normal -0.831462 0.555582 0
    outer loop
      vertex 56.2622 41.2 1.5
      vertex 55.7535 40.4387 0
      vertex 55.7535 40.4387 1.5
    endloop
  endfacet
  facet normal -0.89686 0.442314 0
    outer loop
      vertex 56.2622 41.2 0
      vertex 56.6672 42.0212 1.5
      vertex 56.6672 42.0212 0
    endloop
  endfacet
  facet normal -0.89686 0.442314 0
    outer loop
      vertex 56.6672 42.0212 1.5
      vertex 56.2622 41.2 0
      vertex 56.2622 41.2 1.5
    endloop
  endfacet
  facet normal 0.98079 0.195066 0
    outer loop
      vertex 43.4385 42.8883 1.5
      vertex 43.2599 43.7863 0
      vertex 43.2599 43.7863 1.5
    endloop
  endfacet
  facet normal 0.98079 0.195066 0
    outer loop
      vertex 43.2599 43.7863 0
      vertex 43.4385 42.8883 1.5
      vertex 43.4385 42.8883 0
    endloop
  endfacet
  facet normal -0.659401 0.751791 0
    outer loop
      vertex 55.1497 39.7503 0
      vertex 54.4613 39.1465 1.5
      vertex 55.1497 39.7503 1.5
    endloop
  endfacet
  facet normal -0.659401 0.751791 0
    outer loop
      vertex 54.4613 39.1465 1.5
      vertex 55.1497 39.7503 0
      vertex 54.4613 39.1465 0
    endloop
  endfacet
  facet normal -0.195066 -0.98079 0
    outer loop
      vertex 51.1137 51.6401 0
      vertex 52.0117 51.4615 1.5
      vertex 51.1137 51.6401 1.5
    endloop
  endfacet
  facet normal -0.195066 -0.98079 -0
    outer loop
      vertex 52.0117 51.4615 1.5
      vertex 51.1137 51.6401 0
      vertex 52.0117 51.4615 0
    endloop
  endfacet
  facet normal 0.751791 -0.659401 0
    outer loop
      vertex 44.6465 48.9613 1.5
      vertex 45.2503 49.6497 0
      vertex 45.2503 49.6497 1.5
    endloop
  endfacet
  facet normal 0.751791 -0.659401 0
    outer loop
      vertex 45.2503 49.6497 0
      vertex 44.6465 48.9613 1.5
      vertex 44.6465 48.9613 0
    endloop
  endfacet
  facet normal -0.946944 -0.3214 0
    outer loop
      vertex 56.9615 46.5117 0
      vertex 56.6672 47.3788 1.5
      vertex 56.6672 47.3788 0
    endloop
  endfacet
  facet normal -0.946944 -0.3214 0
    outer loop
      vertex 56.6672 47.3788 1.5
      vertex 56.9615 46.5117 0
      vertex 56.9615 46.5117 1.5
    endloop
  endfacet
  facet normal 0.89686 -0.442314 0
    outer loop
      vertex 43.7328 47.3788 1.5
      vertex 44.1378 48.2 0
      vertex 44.1378 48.2 1.5
    endloop
  endfacet
  facet normal 0.89686 -0.442314 0
    outer loop
      vertex 44.1378 48.2 0
      vertex 43.7328 47.3788 1.5
      vertex 43.7328 47.3788 0
    endloop
  endfacet
  facet normal -0.946944 0.3214 0
    outer loop
      vertex 56.6672 42.0212 0
      vertex 56.9615 42.8883 1.5
      vertex 56.9615 42.8883 0
    endloop
  endfacet
  facet normal -0.946944 0.3214 0
    outer loop
      vertex 56.9615 42.8883 1.5
      vertex 56.6672 42.0212 0
      vertex 56.6672 42.0212 1.5
    endloop
  endfacet
  facet normal 0.555582 0.831462 -0
    outer loop
      vertex 46.7 38.6378 0
      vertex 45.9387 39.1465 1.5
      vertex 46.7 38.6378 1.5
    endloop
  endfacet
  facet normal 0.555582 0.831462 0
    outer loop
      vertex 45.9387 39.1465 1.5
      vertex 46.7 38.6378 0
      vertex 45.9387 39.1465 0
    endloop
  endfacet
  facet normal -0.442314 0.89686 0
    outer loop
      vertex 53.7 38.6378 0
      vertex 52.8788 38.2328 1.5
      vertex 53.7 38.6378 1.5
    endloop
  endfacet
  facet normal -0.442314 0.89686 0
    outer loop
      vertex 52.8788 38.2328 1.5
      vertex 53.7 38.6378 0
      vertex 52.8788 38.2328 0
    endloop
  endfacet
  facet normal 0.997858 0.0654172 0
    outer loop
      vertex 43.2599 43.7863 1.5
      vertex 43.2 44.7 0
      vertex 43.2 44.7 1.5
    endloop
  endfacet
  facet normal 0.997858 0.0654172 0
    outer loop
      vertex 43.2 44.7 0
      vertex 43.2599 43.7863 1.5
      vertex 43.2599 43.7863 0
    endloop
  endfacet
  facet normal 0.0654172 -0.997858 0
    outer loop
      vertex 49.2863 51.6401 0
      vertex 50.2 51.7 1.5
      vertex 49.2863 51.6401 1.5
    endloop
  endfacet
  facet normal 0.0654172 -0.997858 0
    outer loop
      vertex 50.2 51.7 1.5
      vertex 49.2863 51.6401 0
      vertex 50.2 51.7 0
    endloop
  endfacet
  facet normal -0.0654172 -0.997858 0
    outer loop
      vertex 50.2 51.7 0
      vertex 51.1137 51.6401 1.5
      vertex 50.2 51.7 1.5
    endloop
  endfacet
  facet normal -0.0654172 -0.997858 -0
    outer loop
      vertex 51.1137 51.6401 1.5
      vertex 50.2 51.7 0
      vertex 51.1137 51.6401 0
    endloop
  endfacet
  facet normal 0.195066 0.98079 -0
    outer loop
      vertex 49.2863 37.7599 0
      vertex 48.3883 37.9385 1.5
      vertex 49.2863 37.7599 1.5
    endloop
  endfacet
  facet normal 0.195066 0.98079 0
    outer loop
      vertex 48.3883 37.9385 1.5
      vertex 49.2863 37.7599 0
      vertex 48.3883 37.9385 0
    endloop
  endfacet
  facet normal 0.946944 -0.3214 0
    outer loop
      vertex 43.4385 46.5117 1.5
      vertex 43.7328 47.3788 0
      vertex 43.7328 47.3788 1.5
    endloop
  endfacet
  facet normal 0.946944 -0.3214 0
    outer loop
      vertex 43.7328 47.3788 0
      vertex 43.4385 46.5117 1.5
      vertex 43.4385 46.5117 0
    endloop
  endfacet
  facet normal 0.751791 0.659401 0
    outer loop
      vertex 45.2503 39.7503 1.5
      vertex 44.6465 40.4387 0
      vertex 44.6465 40.4387 1.5
    endloop
  endfacet
  facet normal 0.751791 0.659401 0
    outer loop
      vertex 44.6465 40.4387 0
      vertex 45.2503 39.7503 1.5
      vertex 45.2503 39.7503 0
    endloop
  endfacet
  facet normal 0.831462 -0.555582 0
    outer loop
      vertex 44.1378 48.2 1.5
      vertex 44.6465 48.9613 0
      vertex 44.6465 48.9613 1.5
    endloop
  endfacet
  facet normal 0.831462 -0.555582 0
    outer loop
      vertex 44.6465 48.9613 0
      vertex 44.1378 48.2 1.5
      vertex 44.1378 48.2 0
    endloop
  endfacet
  facet normal -0.98079 -0.195066 0
    outer loop
      vertex 76.1901 45.6137 0
      vertex 76.0115 46.5117 1.5
      vertex 76.0115 46.5117 0
    endloop
  endfacet
  facet normal -0.98079 -0.195066 0
    outer loop
      vertex 76.0115 46.5117 1.5
      vertex 76.1901 45.6137 0
      vertex 76.1901 45.6137 1.5
    endloop
  endfacet
  facet normal -0.997858 -0.0654172 0
    outer loop
      vertex 76.25 44.7 0
      vertex 76.1901 45.6137 1.5
      vertex 76.1901 45.6137 0
    endloop
  endfacet
  facet normal -0.997858 -0.0654172 0
    outer loop
      vertex 76.1901 45.6137 1.5
      vertex 76.25 44.7 0
      vertex 76.25 44.7 1.5
    endloop
  endfacet
  facet normal 0.997858 -0.0654172 0
    outer loop
      vertex 62.25 44.7 1.5
      vertex 62.3099 45.6137 0
      vertex 62.3099 45.6137 1.5
    endloop
  endfacet
  facet normal 0.997858 -0.0654172 0
    outer loop
      vertex 62.3099 45.6137 0
      vertex 62.25 44.7 1.5
      vertex 62.25 44.7 0
    endloop
  endfacet
  facet normal 0.195066 -0.98079 0
    outer loop
      vertex 67.4383 51.4615 0
      vertex 68.3363 51.6401 1.5
      vertex 67.4383 51.4615 1.5
    endloop
  endfacet
  facet normal 0.195066 -0.98079 0
    outer loop
      vertex 68.3363 51.6401 1.5
      vertex 67.4383 51.4615 0
      vertex 68.3363 51.6401 0
    endloop
  endfacet
  facet normal -0.659401 -0.751791 0
    outer loop
      vertex 73.5113 50.2535 0
      vertex 74.1997 49.6497 1.5
      vertex 73.5113 50.2535 1.5
    endloop
  endfacet
  facet normal -0.659401 -0.751791 -0
    outer loop
      vertex 74.1997 49.6497 1.5
      vertex 73.5113 50.2535 0
      vertex 74.1997 49.6497 0
    endloop
  endfacet
  facet normal -0.89686 0.442314 0
    outer loop
      vertex 75.3122 41.2 0
      vertex 75.7172 42.0212 1.5
      vertex 75.7172 42.0212 0
    endloop
  endfacet
  facet normal -0.89686 0.442314 0
    outer loop
      vertex 75.7172 42.0212 1.5
      vertex 75.3122 41.2 0
      vertex 75.3122 41.2 1.5
    endloop
  endfacet
  facet normal -0.195066 0.98079 0
    outer loop
      vertex 71.0617 37.9385 0
      vertex 70.1637 37.7599 1.5
      vertex 71.0617 37.9385 1.5
    endloop
  endfacet
  facet normal -0.195066 0.98079 0
    outer loop
      vertex 70.1637 37.7599 1.5
      vertex 71.0617 37.9385 0
      vertex 70.1637 37.7599 0
    endloop
  endfacet
  facet normal -0.555582 0.831462 0
    outer loop
      vertex 73.5113 39.1465 0
      vertex 72.75 38.6378 1.5
      vertex 73.5113 39.1465 1.5
    endloop
  endfacet
  facet normal -0.555582 0.831462 0
    outer loop
      vertex 72.75 38.6378 1.5
      vertex 73.5113 39.1465 0
      vertex 72.75 38.6378 0
    endloop
  endfacet
  facet normal -0.997858 0.0654172 0
    outer loop
      vertex 76.1901 43.7863 0
      vertex 76.25 44.7 1.5
      vertex 76.25 44.7 0
    endloop
  endfacet
  facet normal -0.997858 0.0654172 0
    outer loop
      vertex 76.25 44.7 1.5
      vertex 76.1901 43.7863 0
      vertex 76.1901 43.7863 1.5
    endloop
  endfacet
  facet normal -0.831462 -0.555582 0
    outer loop
      vertex 75.3122 48.2 0
      vertex 74.8035 48.9613 1.5
      vertex 74.8035 48.9613 0
    endloop
  endfacet
  facet normal -0.831462 -0.555582 0
    outer loop
      vertex 74.8035 48.9613 1.5
      vertex 75.3122 48.2 0
      vertex 75.3122 48.2 1.5
    endloop
  endfacet
  facet normal -0.831462 0.555582 0
    outer loop
      vertex 74.8035 40.4387 0
      vertex 75.3122 41.2 1.5
      vertex 75.3122 41.2 0
    endloop
  endfacet
  facet normal -0.831462 0.555582 0
    outer loop
      vertex 75.3122 41.2 1.5
      vertex 74.8035 40.4387 0
      vertex 74.8035 40.4387 1.5
    endloop
  endfacet
  facet normal -0.442314 -0.89686 0
    outer loop
      vertex 71.9288 51.1672 0
      vertex 72.75 50.7622 1.5
      vertex 71.9288 51.1672 1.5
    endloop
  endfacet
  facet normal -0.442314 -0.89686 -0
    outer loop
      vertex 72.75 50.7622 1.5
      vertex 71.9288 51.1672 0
      vertex 72.75 50.7622 0
    endloop
  endfacet
  facet normal -0.659401 0.751791 0
    outer loop
      vertex 74.1997 39.7503 0
      vertex 73.5113 39.1465 1.5
      vertex 74.1997 39.7503 1.5
    endloop
  endfacet
  facet normal -0.659401 0.751791 0
    outer loop
      vertex 73.5113 39.1465 1.5
      vertex 74.1997 39.7503 0
      vertex 73.5113 39.1465 0
    endloop
  endfacet
  facet normal 0.0654172 -0.997858 0
    outer loop
      vertex 68.3363 51.6401 0
      vertex 69.25 51.7 1.5
      vertex 68.3363 51.6401 1.5
    endloop
  endfacet
  facet normal 0.0654172 -0.997858 0
    outer loop
      vertex 69.25 51.7 1.5
      vertex 68.3363 51.6401 0
      vertex 69.25 51.7 0
    endloop
  endfacet
  facet normal 0.555582 -0.831462 0
    outer loop
      vertex 64.9887 50.2535 0
      vertex 65.75 50.7622 1.5
      vertex 64.9887 50.2535 1.5
    endloop
  endfacet
  facet normal 0.555582 -0.831462 0
    outer loop
      vertex 65.75 50.7622 1.5
      vertex 64.9887 50.2535 0
      vertex 65.75 50.7622 0
    endloop
  endfacet
  facet normal 0.751791 0.659401 0
    outer loop
      vertex 64.3003 39.7503 1.5
      vertex 63.6965 40.4387 0
      vertex 63.6965 40.4387 1.5
    endloop
  endfacet
  facet normal 0.751791 0.659401 0
    outer loop
      vertex 63.6965 40.4387 0
      vertex 64.3003 39.7503 1.5
      vertex 64.3003 39.7503 0
    endloop
  endfacet
  facet normal 0.659401 -0.751791 0
    outer loop
      vertex 64.3003 49.6497 0
      vertex 64.9887 50.2535 1.5
      vertex 64.3003 49.6497 1.5
    endloop
  endfacet
  facet normal 0.659401 -0.751791 0
    outer loop
      vertex 64.9887 50.2535 1.5
      vertex 64.3003 49.6497 0
      vertex 64.9887 50.2535 0
    endloop
  endfacet
  facet normal -0.751791 0.659401 0
    outer loop
      vertex 74.1997 39.7503 0
      vertex 74.8035 40.4387 1.5
      vertex 74.8035 40.4387 0
    endloop
  endfacet
  facet normal -0.751791 0.659401 0
    outer loop
      vertex 74.8035 40.4387 1.5
      vertex 74.1997 39.7503 0
      vertex 74.1997 39.7503 1.5
    endloop
  endfacet
  facet normal -0.3214 -0.946944 0
    outer loop
      vertex 71.0617 51.4615 0
      vertex 71.9288 51.1672 1.5
      vertex 71.0617 51.4615 1.5
    endloop
  endfacet
  facet normal -0.3214 -0.946944 -0
    outer loop
      vertex 71.9288 51.1672 1.5
      vertex 71.0617 51.4615 0
      vertex 71.9288 51.1672 0
    endloop
  endfacet
  facet normal 0.3214 0.946944 -0
    outer loop
      vertex 67.4383 37.9385 0
      vertex 66.5712 38.2328 1.5
      vertex 67.4383 37.9385 1.5
    endloop
  endfacet
  facet normal 0.3214 0.946944 0
    outer loop
      vertex 66.5712 38.2328 1.5
      vertex 67.4383 37.9385 0
      vertex 66.5712 38.2328 0
    endloop
  endfacet
  facet normal 0.89686 -0.442314 0
    outer loop
      vertex 62.7828 47.3788 1.5
      vertex 63.1878 48.2 0
      vertex 63.1878 48.2 1.5
    endloop
  endfacet
  facet normal 0.89686 -0.442314 0
    outer loop
      vertex 63.1878 48.2 0
      vertex 62.7828 47.3788 1.5
      vertex 62.7828 47.3788 0
    endloop
  endfacet
  facet normal 0.442314 0.89686 -0
    outer loop
      vertex 66.5712 38.2328 0
      vertex 65.75 38.6378 1.5
      vertex 66.5712 38.2328 1.5
    endloop
  endfacet
  facet normal 0.442314 0.89686 0
    outer loop
      vertex 65.75 38.6378 1.5
      vertex 66.5712 38.2328 0
      vertex 65.75 38.6378 0
    endloop
  endfacet
  facet normal -0.3214 0.946944 0
    outer loop
      vertex 71.9288 38.2328 0
      vertex 71.0617 37.9385 1.5
      vertex 71.9288 38.2328 1.5
    endloop
  endfacet
  facet normal -0.3214 0.946944 0
    outer loop
      vertex 71.0617 37.9385 1.5
      vertex 71.9288 38.2328 0
      vertex 71.0617 37.9385 0
    endloop
  endfacet
  facet normal 0.946944 0.3214 0
    outer loop
      vertex 62.7828 42.0212 1.5
      vertex 62.4885 42.8883 0
      vertex 62.4885 42.8883 1.5
    endloop
  endfacet
  facet normal 0.946944 0.3214 0
    outer loop
      vertex 62.4885 42.8883 0
      vertex 62.7828 42.0212 1.5
      vertex 62.7828 42.0212 0
    endloop
  endfacet
  facet normal 0.89686 0.442314 0
    outer loop
      vertex 63.1878 41.2 1.5
      vertex 62.7828 42.0212 0
      vertex 62.7828 42.0212 1.5
    endloop
  endfacet
  facet normal 0.89686 0.442314 0
    outer loop
      vertex 62.7828 42.0212 0
      vertex 63.1878 41.2 1.5
      vertex 63.1878 41.2 0
    endloop
  endfacet
  facet normal -0.555582 -0.831462 0
    outer loop
      vertex 72.75 50.7622 0
      vertex 73.5113 50.2535 1.5
      vertex 72.75 50.7622 1.5
    endloop
  endfacet
  facet normal -0.555582 -0.831462 -0
    outer loop
      vertex 73.5113 50.2535 1.5
      vertex 72.75 50.7622 0
      vertex 73.5113 50.2535 0
    endloop
  endfacet
  facet normal 0.442314 -0.89686 0
    outer loop
      vertex 65.75 50.7622 0
      vertex 66.5712 51.1672 1.5
      vertex 65.75 50.7622 1.5
    endloop
  endfacet
  facet normal 0.442314 -0.89686 0
    outer loop
      vertex 66.5712 51.1672 1.5
      vertex 65.75 50.7622 0
      vertex 66.5712 51.1672 0
    endloop
  endfacet
  facet normal 0.751791 -0.659401 0
    outer loop
      vertex 63.6965 48.9613 1.5
      vertex 64.3003 49.6497 0
      vertex 64.3003 49.6497 1.5
    endloop
  endfacet
  facet normal 0.751791 -0.659401 0
    outer loop
      vertex 64.3003 49.6497 0
      vertex 63.6965 48.9613 1.5
      vertex 63.6965 48.9613 0
    endloop
  endfacet
  facet normal 0.98079 -0.195066 0
    outer loop
      vertex 62.3099 45.6137 1.5
      vertex 62.4885 46.5117 0
      vertex 62.4885 46.5117 1.5
    endloop
  endfacet
  facet normal 0.98079 -0.195066 0
    outer loop
      vertex 62.4885 46.5117 0
      vertex 62.3099 45.6137 1.5
      vertex 62.3099 45.6137 0
    endloop
  endfacet
  facet normal 0.659401 0.751791 -0
    outer loop
      vertex 64.9887 39.1465 0
      vertex 64.3003 39.7503 1.5
      vertex 64.9887 39.1465 1.5
    endloop
  endfacet
  facet normal 0.659401 0.751791 0
    outer loop
      vertex 64.3003 39.7503 1.5
      vertex 64.9887 39.1465 0
      vertex 64.3003 39.7503 0
    endloop
  endfacet
  facet normal -0.946944 0.3214 0
    outer loop
      vertex 75.7172 42.0212 0
      vertex 76.0115 42.8883 1.5
      vertex 76.0115 42.8883 0
    endloop
  endfacet
  facet normal -0.946944 0.3214 0
    outer loop
      vertex 76.0115 42.8883 1.5
      vertex 75.7172 42.0212 0
      vertex 75.7172 42.0212 1.5
    endloop
  endfacet
  facet normal 0.831462 0.555582 0
    outer loop
      vertex 63.6965 40.4387 1.5
      vertex 63.1878 41.2 0
      vertex 63.1878 41.2 1.5
    endloop
  endfacet
  facet normal 0.831462 0.555582 0
    outer loop
      vertex 63.1878 41.2 0
      vertex 63.6965 40.4387 1.5
      vertex 63.6965 40.4387 0
    endloop
  endfacet
  facet normal -0.0654172 0.997858 0
    outer loop
      vertex 70.1637 37.7599 0
      vertex 69.25 37.7 1.5
      vertex 70.1637 37.7599 1.5
    endloop
  endfacet
  facet normal -0.0654172 0.997858 0
    outer loop
      vertex 69.25 37.7 1.5
      vertex 70.1637 37.7599 0
      vertex 69.25 37.7 0
    endloop
  endfacet
  facet normal -0.89686 -0.442314 0
    outer loop
      vertex 75.7172 47.3788 0
      vertex 75.3122 48.2 1.5
      vertex 75.3122 48.2 0
    endloop
  endfacet
  facet normal -0.89686 -0.442314 0
    outer loop
      vertex 75.3122 48.2 1.5
      vertex 75.7172 47.3788 0
      vertex 75.7172 47.3788 1.5
    endloop
  endfacet
  facet normal -0.442314 0.89686 0
    outer loop
      vertex 72.75 38.6378 0
      vertex 71.9288 38.2328 1.5
      vertex 72.75 38.6378 1.5
    endloop
  endfacet
  facet normal -0.442314 0.89686 0
    outer loop
      vertex 71.9288 38.2328 1.5
      vertex 72.75 38.6378 0
      vertex 71.9288 38.2328 0
    endloop
  endfacet
  facet normal -0.98079 0.195066 0
    outer loop
      vertex 76.0115 42.8883 0
      vertex 76.1901 43.7863 1.5
      vertex 76.1901 43.7863 0
    endloop
  endfacet
  facet normal -0.98079 0.195066 0
    outer loop
      vertex 76.1901 43.7863 1.5
      vertex 76.0115 42.8883 0
      vertex 76.0115 42.8883 1.5
    endloop
  endfacet
  facet normal -0.195066 -0.98079 0
    outer loop
      vertex 70.1637 51.6401 0
      vertex 71.0617 51.4615 1.5
      vertex 70.1637 51.6401 1.5
    endloop
  endfacet
  facet normal -0.195066 -0.98079 -0
    outer loop
      vertex 71.0617 51.4615 1.5
      vertex 70.1637 51.6401 0
      vertex 71.0617 51.4615 0
    endloop
  endfacet
  facet normal 0.195066 0.98079 -0
    outer loop
      vertex 68.3363 37.7599 0
      vertex 67.4383 37.9385 1.5
      vertex 68.3363 37.7599 1.5
    endloop
  endfacet
  facet normal 0.195066 0.98079 0
    outer loop
      vertex 67.4383 37.9385 1.5
      vertex 68.3363 37.7599 0
      vertex 67.4383 37.9385 0
    endloop
  endfacet
  facet normal -0.751791 -0.659401 0
    outer loop
      vertex 74.8035 48.9613 0
      vertex 74.1997 49.6497 1.5
      vertex 74.1997 49.6497 0
    endloop
  endfacet
  facet normal -0.751791 -0.659401 0
    outer loop
      vertex 74.1997 49.6497 1.5
      vertex 74.8035 48.9613 0
      vertex 74.8035 48.9613 1.5
    endloop
  endfacet
  facet normal -0.946944 -0.3214 0
    outer loop
      vertex 76.0115 46.5117 0
      vertex 75.7172 47.3788 1.5
      vertex 75.7172 47.3788 0
    endloop
  endfacet
  facet normal -0.946944 -0.3214 0
    outer loop
      vertex 75.7172 47.3788 1.5
      vertex 76.0115 46.5117 0
      vertex 76.0115 46.5117 1.5
    endloop
  endfacet
  facet normal 0.3214 -0.946944 0
    outer loop
      vertex 66.5712 51.1672 0
      vertex 67.4383 51.4615 1.5
      vertex 66.5712 51.1672 1.5
    endloop
  endfacet
  facet normal 0.3214 -0.946944 0
    outer loop
      vertex 67.4383 51.4615 1.5
      vertex 66.5712 51.1672 0
      vertex 67.4383 51.4615 0
    endloop
  endfacet
  facet normal 0.0654172 0.997858 -0
    outer loop
      vertex 69.25 37.7 0
      vertex 68.3363 37.7599 1.5
      vertex 69.25 37.7 1.5
    endloop
  endfacet
  facet normal 0.0654172 0.997858 0
    outer loop
      vertex 68.3363 37.7599 1.5
      vertex 69.25 37.7 0
      vertex 68.3363 37.7599 0
    endloop
  endfacet
  facet normal 0.997858 0.0654172 0
    outer loop
      vertex 62.3099 43.7863 1.5
      vertex 62.25 44.7 0
      vertex 62.25 44.7 1.5
    endloop
  endfacet
  facet normal 0.997858 0.0654172 0
    outer loop
      vertex 62.25 44.7 0
      vertex 62.3099 43.7863 1.5
      vertex 62.3099 43.7863 0
    endloop
  endfacet
  facet normal 0.98079 0.195066 0
    outer loop
      vertex 62.4885 42.8883 1.5
      vertex 62.3099 43.7863 0
      vertex 62.3099 43.7863 1.5
    endloop
  endfacet
  facet normal 0.98079 0.195066 0
    outer loop
      vertex 62.3099 43.7863 0
      vertex 62.4885 42.8883 1.5
      vertex 62.4885 42.8883 0
    endloop
  endfacet
  facet normal -0.0654172 -0.997858 0
    outer loop
      vertex 69.25 51.7 0
      vertex 70.1637 51.6401 1.5
      vertex 69.25 51.7 1.5
    endloop
  endfacet
  facet normal -0.0654172 -0.997858 -0
    outer loop
      vertex 70.1637 51.6401 1.5
      vertex 69.25 51.7 0
      vertex 70.1637 51.6401 0
    endloop
  endfacet
  facet normal 0.831462 -0.555582 0
    outer loop
      vertex 63.1878 48.2 1.5
      vertex 63.6965 48.9613 0
      vertex 63.6965 48.9613 1.5
    endloop
  endfacet
  facet normal 0.831462 -0.555582 0
    outer loop
      vertex 63.6965 48.9613 0
      vertex 63.1878 48.2 1.5
      vertex 63.1878 48.2 0
    endloop
  endfacet
  facet normal 0.555582 0.831462 -0
    outer loop
      vertex 65.75 38.6378 0
      vertex 64.9887 39.1465 1.5
      vertex 65.75 38.6378 1.5
    endloop
  endfacet
  facet normal 0.555582 0.831462 0
    outer loop
      vertex 64.9887 39.1465 1.5
      vertex 65.75 38.6378 0
      vertex 64.9887 39.1465 0
    endloop
  endfacet
  facet normal 0.946944 -0.3214 0
    outer loop
      vertex 62.4885 46.5117 1.5
      vertex 62.7828 47.3788 0
      vertex 62.7828 47.3788 1.5
    endloop
  endfacet
  facet normal 0.946944 -0.3214 0
    outer loop
      vertex 62.7828 47.3788 0
      vertex 62.4885 46.5117 1.5
      vertex 62.4885 46.5117 0
    endloop
  endfacet
  facet normal -0.195066 0.98079 0
    outer loop
      vertex 52.0117 21.9385 0
      vertex 51.1137 21.7599 1.5
      vertex 52.0117 21.9385 1.5
    endloop
  endfacet
  facet normal -0.195066 0.98079 0
    outer loop
      vertex 51.1137 21.7599 1.5
      vertex 52.0117 21.9385 0
      vertex 51.1137 21.7599 0
    endloop
  endfacet
  facet normal -0.98079 -0.195066 0
    outer loop
      vertex 57.1401 29.6137 0
      vertex 56.9615 30.5117 1.5
      vertex 56.9615 30.5117 0
    endloop
  endfacet
  facet normal -0.98079 -0.195066 0
    outer loop
      vertex 56.9615 30.5117 1.5
      vertex 57.1401 29.6137 0
      vertex 57.1401 29.6137 1.5
    endloop
  endfacet
  facet normal -0.997858 -0.0654172 0
    outer loop
      vertex 57.2 28.7 0
      vertex 57.1401 29.6137 1.5
      vertex 57.1401 29.6137 0
    endloop
  endfacet
  facet normal -0.997858 -0.0654172 0
    outer loop
      vertex 57.1401 29.6137 1.5
      vertex 57.2 28.7 0
      vertex 57.2 28.7 1.5
    endloop
  endfacet
  facet normal 0.98079 -0.195066 0
    outer loop
      vertex 43.2599 29.6137 1.5
      vertex 43.4385 30.5117 0
      vertex 43.4385 30.5117 1.5
    endloop
  endfacet
  facet normal 0.98079 -0.195066 0
    outer loop
      vertex 43.4385 30.5117 0
      vertex 43.2599 29.6137 1.5
      vertex 43.2599 29.6137 0
    endloop
  endfacet
  facet normal 0.659401 -0.751791 0
    outer loop
      vertex 45.2503 33.6497 0
      vertex 45.9387 34.2535 1.5
      vertex 45.2503 33.6497 1.5
    endloop
  endfacet
  facet normal 0.659401 -0.751791 0
    outer loop
      vertex 45.9387 34.2535 1.5
      vertex 45.2503 33.6497 0
      vertex 45.9387 34.2535 0
    endloop
  endfacet
  facet normal -0.831462 -0.555582 0
    outer loop
      vertex 56.2622 32.2 0
      vertex 55.7535 32.9613 1.5
      vertex 55.7535 32.9613 0
    endloop
  endfacet
  facet normal -0.831462 -0.555582 0
    outer loop
      vertex 55.7535 32.9613 1.5
      vertex 56.2622 32.2 0
      vertex 56.2622 32.2 1.5
    endloop
  endfacet
  facet normal -0.0654172 0.997858 0
    outer loop
      vertex 51.1137 21.7599 0
      vertex 50.2 21.7 1.5
      vertex 51.1137 21.7599 1.5
    endloop
  endfacet
  facet normal -0.0654172 0.997858 0
    outer loop
      vertex 50.2 21.7 1.5
      vertex 51.1137 21.7599 0
      vertex 50.2 21.7 0
    endloop
  endfacet
  facet normal -0.89686 -0.442314 0
    outer loop
      vertex 56.6672 31.3788 0
      vertex 56.2622 32.2 1.5
      vertex 56.2622 32.2 0
    endloop
  endfacet
  facet normal -0.89686 -0.442314 0
    outer loop
      vertex 56.2622 32.2 1.5
      vertex 56.6672 31.3788 0
      vertex 56.6672 31.3788 1.5
    endloop
  endfacet
  facet normal 0.442314 -0.89686 0
    outer loop
      vertex 46.7 34.7622 0
      vertex 47.5212 35.1672 1.5
      vertex 46.7 34.7622 1.5
    endloop
  endfacet
  facet normal 0.442314 -0.89686 0
    outer loop
      vertex 47.5212 35.1672 1.5
      vertex 46.7 34.7622 0
      vertex 47.5212 35.1672 0
    endloop
  endfacet
  facet normal -0.555582 0.831462 0
    outer loop
      vertex 54.4613 23.1465 0
      vertex 53.7 22.6378 1.5
      vertex 54.4613 23.1465 1.5
    endloop
  endfacet
  facet normal -0.555582 0.831462 0
    outer loop
      vertex 53.7 22.6378 1.5
      vertex 54.4613 23.1465 0
      vertex 53.7 22.6378 0
    endloop
  endfacet
  facet normal 0.0654172 0.997858 -0
    outer loop
      vertex 50.2 21.7 0
      vertex 49.2863 21.7599 1.5
      vertex 50.2 21.7 1.5
    endloop
  endfacet
  facet normal 0.0654172 0.997858 0
    outer loop
      vertex 49.2863 21.7599 1.5
      vertex 50.2 21.7 0
      vertex 49.2863 21.7599 0
    endloop
  endfacet
  facet normal 0.89686 0.442314 0
    outer loop
      vertex 44.1378 25.2 1.5
      vertex 43.7328 26.0212 0
      vertex 43.7328 26.0212 1.5
    endloop
  endfacet
  facet normal 0.89686 0.442314 0
    outer loop
      vertex 43.7328 26.0212 0
      vertex 44.1378 25.2 1.5
      vertex 44.1378 25.2 0
    endloop
  endfacet
  facet normal 0.442314 0.89686 -0
    outer loop
      vertex 47.5212 22.2328 0
      vertex 46.7 22.6378 1.5
      vertex 47.5212 22.2328 1.5
    endloop
  endfacet
  facet normal 0.442314 0.89686 0
    outer loop
      vertex 46.7 22.6378 1.5
      vertex 47.5212 22.2328 0
      vertex 46.7 22.6378 0
    endloop
  endfacet
  facet normal -0.98079 0.195066 0
    outer loop
      vertex 56.9615 26.8883 0
      vertex 57.1401 27.7863 1.5
      vertex 57.1401 27.7863 0
    endloop
  endfacet
  facet normal -0.98079 0.195066 0
    outer loop
      vertex 57.1401 27.7863 1.5
      vertex 56.9615 26.8883 0
      vertex 56.9615 26.8883 1.5
    endloop
  endfacet
  facet normal 0.3214 -0.946944 0
    outer loop
      vertex 47.5212 35.1672 0
      vertex 48.3883 35.4615 1.5
      vertex 47.5212 35.1672 1.5
    endloop
  endfacet
  facet normal 0.3214 -0.946944 0
    outer loop
      vertex 48.3883 35.4615 1.5
      vertex 47.5212 35.1672 0
      vertex 48.3883 35.4615 0
    endloop
  endfacet
  facet normal -0.3214 0.946944 0
    outer loop
      vertex 52.8788 22.2328 0
      vertex 52.0117 21.9385 1.5
      vertex 52.8788 22.2328 1.5
    endloop
  endfacet
  facet normal -0.3214 0.946944 0
    outer loop
      vertex 52.0117 21.9385 1.5
      vertex 52.8788 22.2328 0
      vertex 52.0117 21.9385 0
    endloop
  endfacet
  facet normal 0.195066 -0.98079 0
    outer loop
      vertex 48.3883 35.4615 0
      vertex 49.2863 35.6401 1.5
      vertex 48.3883 35.4615 1.5
    endloop
  endfacet
  facet normal 0.195066 -0.98079 0
    outer loop
      vertex 49.2863 35.6401 1.5
      vertex 48.3883 35.4615 0
      vertex 49.2863 35.6401 0
    endloop
  endfacet
  facet normal 0.659401 0.751791 -0
    outer loop
      vertex 45.9387 23.1465 0
      vertex 45.2503 23.7503 1.5
      vertex 45.9387 23.1465 1.5
    endloop
  endfacet
  facet normal 0.659401 0.751791 0
    outer loop
      vertex 45.2503 23.7503 1.5
      vertex 45.9387 23.1465 0
      vertex 45.2503 23.7503 0
    endloop
  endfacet
  facet normal -0.751791 -0.659401 0
    outer loop
      vertex 55.7535 32.9613 0
      vertex 55.1497 33.6497 1.5
      vertex 55.1497 33.6497 0
    endloop
  endfacet
  facet normal -0.751791 -0.659401 0
    outer loop
      vertex 55.1497 33.6497 1.5
      vertex 55.7535 32.9613 0
      vertex 55.7535 32.9613 1.5
    endloop
  endfacet
  facet normal -0.751791 0.659401 0
    outer loop
      vertex 55.1497 23.7503 0
      vertex 55.7535 24.4387 1.5
      vertex 55.7535 24.4387 0
    endloop
  endfacet
  facet normal -0.751791 0.659401 0
    outer loop
      vertex 55.7535 24.4387 1.5
      vertex 55.1497 23.7503 0
      vertex 55.1497 23.7503 1.5
    endloop
  endfacet
  facet normal -0.997858 0.0654172 0
    outer loop
      vertex 57.1401 27.7863 0
      vertex 57.2 28.7 1.5
      vertex 57.2 28.7 0
    endloop
  endfacet
  facet normal -0.997858 0.0654172 0
    outer loop
      vertex 57.2 28.7 1.5
      vertex 57.1401 27.7863 0
      vertex 57.1401 27.7863 1.5
    endloop
  endfacet
  facet normal -0.442314 -0.89686 0
    outer loop
      vertex 52.8788 35.1672 0
      vertex 53.7 34.7622 1.5
      vertex 52.8788 35.1672 1.5
    endloop
  endfacet
  facet normal -0.442314 -0.89686 -0
    outer loop
      vertex 53.7 34.7622 1.5
      vertex 52.8788 35.1672 0
      vertex 53.7 34.7622 0
    endloop
  endfacet
  facet normal 0.555582 -0.831462 0
    outer loop
      vertex 45.9387 34.2535 0
      vertex 46.7 34.7622 1.5
      vertex 45.9387 34.2535 1.5
    endloop
  endfacet
  facet normal 0.555582 -0.831462 0
    outer loop
      vertex 46.7 34.7622 1.5
      vertex 45.9387 34.2535 0
      vertex 46.7 34.7622 0
    endloop
  endfacet
  facet normal 0.946944 0.3214 0
    outer loop
      vertex 43.7328 26.0212 1.5
      vertex 43.4385 26.8883 0
      vertex 43.4385 26.8883 1.5
    endloop
  endfacet
  facet normal 0.946944 0.3214 0
    outer loop
      vertex 43.4385 26.8883 0
      vertex 43.7328 26.0212 1.5
      vertex 43.7328 26.0212 0
    endloop
  endfacet
  facet normal -0.659401 -0.751791 0
    outer loop
      vertex 54.4613 34.2535 0
      vertex 55.1497 33.6497 1.5
      vertex 54.4613 34.2535 1.5
    endloop
  endfacet
  facet normal -0.659401 -0.751791 -0
    outer loop
      vertex 55.1497 33.6497 1.5
      vertex 54.4613 34.2535 0
      vertex 55.1497 33.6497 0
    endloop
  endfacet
  facet normal -0.3214 -0.946944 0
    outer loop
      vertex 52.0117 35.4615 0
      vertex 52.8788 35.1672 1.5
      vertex 52.0117 35.4615 1.5
    endloop
  endfacet
  facet normal -0.3214 -0.946944 -0
    outer loop
      vertex 52.8788 35.1672 1.5
      vertex 52.0117 35.4615 0
      vertex 52.8788 35.1672 0
    endloop
  endfacet
  facet normal -0.946944 0.3214 0
    outer loop
      vertex 56.6672 26.0212 0
      vertex 56.9615 26.8883 1.5
      vertex 56.9615 26.8883 0
    endloop
  endfacet
  facet normal -0.946944 0.3214 0
    outer loop
      vertex 56.9615 26.8883 1.5
      vertex 56.6672 26.0212 0
      vertex 56.6672 26.0212 1.5
    endloop
  endfacet
  facet normal 0.3214 0.946944 -0
    outer loop
      vertex 48.3883 21.9385 0
      vertex 47.5212 22.2328 1.5
      vertex 48.3883 21.9385 1.5
    endloop
  endfacet
  facet normal 0.3214 0.946944 0
    outer loop
      vertex 47.5212 22.2328 1.5
      vertex 48.3883 21.9385 0
      vertex 47.5212 22.2328 0
    endloop
  endfacet
  facet normal -0.555582 -0.831462 0
    outer loop
      vertex 53.7 34.7622 0
      vertex 54.4613 34.2535 1.5
      vertex 53.7 34.7622 1.5
    endloop
  endfacet
  facet normal -0.555582 -0.831462 -0
    outer loop
      vertex 54.4613 34.2535 1.5
      vertex 53.7 34.7622 0
      vertex 54.4613 34.2535 0
    endloop
  endfacet
  facet normal 0.831462 0.555582 0
    outer loop
      vertex 44.6465 24.4387 1.5
      vertex 44.1378 25.2 0
      vertex 44.1378 25.2 1.5
    endloop
  endfacet
  facet normal 0.831462 0.555582 0
    outer loop
      vertex 44.1378 25.2 0
      vertex 44.6465 24.4387 1.5
      vertex 44.6465 24.4387 0
    endloop
  endfacet
  facet normal -0.831462 0.555582 0
    outer loop
      vertex 55.7535 24.4387 0
      vertex 56.2622 25.2 1.5
      vertex 56.2622 25.2 0
    endloop
  endfacet
  facet normal -0.831462 0.555582 0
    outer loop
      vertex 56.2622 25.2 1.5
      vertex 55.7535 24.4387 0
      vertex 55.7535 24.4387 1.5
    endloop
  endfacet
  facet normal -0.89686 0.442314 0
    outer loop
      vertex 56.2622 25.2 0
      vertex 56.6672 26.0212 1.5
      vertex 56.6672 26.0212 0
    endloop
  endfacet
  facet normal -0.89686 0.442314 0
    outer loop
      vertex 56.6672 26.0212 1.5
      vertex 56.2622 25.2 0
      vertex 56.2622 25.2 1.5
    endloop
  endfacet
  facet normal 0.98079 0.195066 0
    outer loop
      vertex 43.4385 26.8883 1.5
      vertex 43.2599 27.7863 0
      vertex 43.2599 27.7863 1.5
    endloop
  endfacet
  facet normal 0.98079 0.195066 0
    outer loop
      vertex 43.2599 27.7863 0
      vertex 43.4385 26.8883 1.5
      vertex 43.4385 26.8883 0
    endloop
  endfacet
  facet normal -0.659401 0.751791 0
    outer loop
      vertex 55.1497 23.7503 0
      vertex 54.4613 23.1465 1.5
      vertex 55.1497 23.7503 1.5
    endloop
  endfacet
  facet normal -0.659401 0.751791 0
    outer loop
      vertex 54.4613 23.1465 1.5
      vertex 55.1497 23.7503 0
      vertex 54.4613 23.1465 0
    endloop
  endfacet
  facet normal -0.195066 -0.98079 0
    outer loop
      vertex 51.1137 35.6401 0
      vertex 52.0117 35.4615 1.5
      vertex 51.1137 35.6401 1.5
    endloop
  endfacet
  facet normal -0.195066 -0.98079 -0
    outer loop
      vertex 52.0117 35.4615 1.5
      vertex 51.1137 35.6401 0
      vertex 52.0117 35.4615 0
    endloop
  endfacet
  facet normal 0.751791 -0.659401 0
    outer loop
      vertex 44.6465 32.9613 1.5
      vertex 45.2503 33.6497 0
      vertex 45.2503 33.6497 1.5
    endloop
  endfacet
  facet normal 0.751791 -0.659401 0
    outer loop
      vertex 45.2503 33.6497 0
      vertex 44.6465 32.9613 1.5
      vertex 44.6465 32.9613 0
    endloop
  endfacet
  facet normal -0.946944 -0.3214 0
    outer loop
      vertex 56.9615 30.5117 0
      vertex 56.6672 31.3788 1.5
      vertex 56.6672 31.3788 0
    endloop
  endfacet
  facet normal -0.946944 -0.3214 0
    outer loop
      vertex 56.6672 31.3788 1.5
      vertex 56.9615 30.5117 0
      vertex 56.9615 30.5117 1.5
    endloop
  endfacet
  facet normal 0.89686 -0.442314 0
    outer loop
      vertex 43.7328 31.3788 1.5
      vertex 44.1378 32.2 0
      vertex 44.1378 32.2 1.5
    endloop
  endfacet
  facet normal 0.89686 -0.442314 0
    outer loop
      vertex 44.1378 32.2 0
      vertex 43.7328 31.3788 1.5
      vertex 43.7328 31.3788 0
    endloop
  endfacet
  facet normal 0.555582 0.831462 -0
    outer loop
      vertex 46.7 22.6378 0
      vertex 45.9387 23.1465 1.5
      vertex 46.7 22.6378 1.5
    endloop
  endfacet
  facet normal 0.555582 0.831462 0
    outer loop
      vertex 45.9387 23.1465 1.5
      vertex 46.7 22.6378 0
      vertex 45.9387 23.1465 0
    endloop
  endfacet
  facet normal -0.442314 0.89686 0
    outer loop
      vertex 53.7 22.6378 0
      vertex 52.8788 22.2328 1.5
      vertex 53.7 22.6378 1.5
    endloop
  endfacet
  facet normal -0.442314 0.89686 0
    outer loop
      vertex 52.8788 22.2328 1.5
      vertex 53.7 22.6378 0
      vertex 52.8788 22.2328 0
    endloop
  endfacet
  facet normal 0.997858 0.0654172 0
    outer loop
      vertex 43.2599 27.7863 1.5
      vertex 43.2 28.7 0
      vertex 43.2 28.7 1.5
    endloop
  endfacet
  facet normal 0.997858 0.0654172 0
    outer loop
      vertex 43.2 28.7 0
      vertex 43.2599 27.7863 1.5
      vertex 43.2599 27.7863 0
    endloop
  endfacet
  facet normal 0.0654172 -0.997858 0
    outer loop
      vertex 49.2863 35.6401 0
      vertex 50.2 35.7 1.5
      vertex 49.2863 35.6401 1.5
    endloop
  endfacet
  facet normal 0.0654172 -0.997858 0
    outer loop
      vertex 50.2 35.7 1.5
      vertex 49.2863 35.6401 0
      vertex 50.2 35.7 0
    endloop
  endfacet
  facet normal -0.0654172 -0.997858 0
    outer loop
      vertex 50.2 35.7 0
      vertex 51.1137 35.6401 1.5
      vertex 50.2 35.7 1.5
    endloop
  endfacet
  facet normal -0.0654172 -0.997858 -0
    outer loop
      vertex 51.1137 35.6401 1.5
      vertex 50.2 35.7 0
      vertex 51.1137 35.6401 0
    endloop
  endfacet
  facet normal 0.195066 0.98079 -0
    outer loop
      vertex 49.2863 21.7599 0
      vertex 48.3883 21.9385 1.5
      vertex 49.2863 21.7599 1.5
    endloop
  endfacet
  facet normal 0.195066 0.98079 0
    outer loop
      vertex 48.3883 21.9385 1.5
      vertex 49.2863 21.7599 0
      vertex 48.3883 21.9385 0
    endloop
  endfacet
  facet normal 0.997858 -0.0654172 0
    outer loop
      vertex 43.2 28.7 1.5
      vertex 43.2599 29.6137 0
      vertex 43.2599 29.6137 1.5
    endloop
  endfacet
  facet normal 0.997858 -0.0654172 0
    outer loop
      vertex 43.2599 29.6137 0
      vertex 43.2 28.7 1.5
      vertex 43.2 28.7 0
    endloop
  endfacet
  facet normal 0.946944 -0.3214 0
    outer loop
      vertex 43.4385 30.5117 1.5
      vertex 43.7328 31.3788 0
      vertex 43.7328 31.3788 1.5
    endloop
  endfacet
  facet normal 0.946944 -0.3214 0
    outer loop
      vertex 43.7328 31.3788 0
      vertex 43.4385 30.5117 1.5
      vertex 43.4385 30.5117 0
    endloop
  endfacet
  facet normal 0.751791 0.659401 0
    outer loop
      vertex 45.2503 23.7503 1.5
      vertex 44.6465 24.4387 0
      vertex 44.6465 24.4387 1.5
    endloop
  endfacet
  facet normal 0.751791 0.659401 0
    outer loop
      vertex 44.6465 24.4387 0
      vertex 45.2503 23.7503 1.5
      vertex 45.2503 23.7503 0
    endloop
  endfacet
  facet normal 0.831462 -0.555582 0
    outer loop
      vertex 44.1378 32.2 1.5
      vertex 44.6465 32.9613 0
      vertex 44.6465 32.9613 1.5
    endloop
  endfacet
  facet normal 0.831462 -0.555582 0
    outer loop
      vertex 44.6465 32.9613 0
      vertex 44.1378 32.2 1.5
      vertex 44.1378 32.2 0
    endloop
  endfacet
  facet normal 0.321415 -0.946938 0
    outer loop
      vertex 96.347 2.28519 0
      vertex 96.6567 2.39031 1.5
      vertex 96.347 2.28519 1.5
    endloop
  endfacet
  facet normal 0.321415 -0.946938 0
    outer loop
      vertex 96.6567 2.39031 1.5
      vertex 96.347 2.28519 0
      vertex 96.6567 2.39031 0
    endloop
  endfacet
  facet normal 0 -1 0
    outer loop
      vertex 4.7 2.2 0
      vertex 95.7 2.2 1.5
      vertex 4.7 2.2 1.5
    endloop
  endfacet
  facet normal 0 -1 -0
    outer loop
      vertex 95.7 2.2 1.5
      vertex 4.7 2.2 0
      vertex 95.7 2.2 0
    endloop
  endfacet
  facet normal 0.195116 -0.98078 0
    outer loop
      vertex 96.0263 2.22139 0
      vertex 96.347 2.28519 1.5
      vertex 96.0263 2.22139 1.5
    endloop
  endfacet
  facet normal 0.195116 -0.98078 0
    outer loop
      vertex 96.347 2.28519 1.5
      vertex 96.0263 2.22139 0
      vertex 96.347 2.28519 0
    endloop
  endfacet
  facet normal 0.0654128 -0.997858 0
    outer loop
      vertex 95.7 2.2 0
      vertex 96.0263 2.22139 1.5
      vertex 95.7 2.2 1.5
    endloop
  endfacet
  facet normal 0.0654128 -0.997858 0
    outer loop
      vertex 96.0263 2.22139 1.5
      vertex 95.7 2.2 0
      vertex 96.0263 2.22139 0
    endloop
  endfacet
  facet normal 0.195116 0.98078 -0
    outer loop
      vertex 96.347 81.1148 0
      vertex 96.0263 81.1786 1.5
      vertex 96.347 81.1148 1.5
    endloop
  endfacet
  facet normal 0.195116 0.98078 0
    outer loop
      vertex 96.0263 81.1786 1.5
      vertex 96.347 81.1148 0
      vertex 96.0263 81.1786 0
    endloop
  endfacet
  facet normal -0.0654108 -0.997858 0
    outer loop
      vertex 4.37369 2.22139 0
      vertex 4.7 2.2 1.5
      vertex 4.37369 2.22139 1.5
    endloop
  endfacet
  facet normal -0.0654108 -0.997858 -0
    outer loop
      vertex 4.7 2.2 1.5
      vertex 4.37369 2.22139 0
      vertex 4.7 2.2 0
    endloop
  endfacet
  facet normal -0.555617 0.831438 0
    outer loop
      vertex 3.45 80.8651 0
      vertex 3.1781 80.6834 1.5
      vertex 3.45 80.8651 1.5
    endloop
  endfacet
  facet normal -0.555617 0.831438 0
    outer loop
      vertex 3.1781 80.6834 1.5
      vertex 3.45 80.8651 0
      vertex 3.1781 80.6834 0
    endloop
  endfacet
  facet normal -0.321452 -0.946926 0
    outer loop
      vertex 3.74329 2.39031 0
      vertex 4.05295 2.28519 1.5
      vertex 3.74329 2.39031 1.5
    endloop
  endfacet
  facet normal -0.321452 -0.946926 -0
    outer loop
      vertex 4.05295 2.28519 1.5
      vertex 3.74329 2.39031 0
      vertex 4.05295 2.28519 0
    endloop
  endfacet
  facet normal -0.896896 0.442241 0
    outer loop
      vertex 2.39031 79.6567 0
      vertex 2.53493 79.95 1.5
      vertex 2.53493 79.95 0
    endloop
  endfacet
  facet normal -0.896896 0.442241 0
    outer loop
      vertex 2.53493 79.95 1.5
      vertex 2.39031 79.6567 0
      vertex 2.39031 79.6567 1.5
    endloop
  endfacet
  facet normal -0.659323 0.75186 0
    outer loop
      vertex 3.1781 80.6834 0
      vertex 2.93224 80.4678 1.5
      vertex 3.1781 80.6834 1.5
    endloop
  endfacet
  facet normal -0.659323 0.75186 0
    outer loop
      vertex 2.93224 80.4678 1.5
      vertex 3.1781 80.6834 0
      vertex 2.93224 80.4678 0
    endloop
  endfacet
  facet normal -0.442204 0.896915 0
    outer loop
      vertex 3.74329 81.0097 0
      vertex 3.45 80.8651 1.5
      vertex 3.74329 81.0097 1.5
    endloop
  endfacet
  facet normal -0.442204 0.896915 0
    outer loop
      vertex 3.45 80.8651 1.5
      vertex 3.74329 81.0097 0
      vertex 3.45 80.8651 0
    endloop
  endfacet
  facet normal -0.0654412 0.997856 0
    outer loop
      vertex 4.7 81.2 0
      vertex 4.37369 81.1786 1.5
      vertex 4.7 81.2 1.5
    endloop
  endfacet
  facet normal -0.0654412 0.997856 0
    outer loop
      vertex 4.37369 81.1786 1.5
      vertex 4.7 81.2 0
      vertex 4.37369 81.1786 0
    endloop
  endfacet
  facet normal 0.555617 0.831438 -0
    outer loop
      vertex 97.2219 80.6834 0
      vertex 96.95 80.8651 1.5
      vertex 97.2219 80.6834 1.5
    endloop
  endfacet
  facet normal 0.555617 0.831438 0
    outer loop
      vertex 96.95 80.8651 1.5
      vertex 97.2219 80.6834 0
      vertex 96.95 80.8651 0
    endloop
  endfacet
  facet normal 0.980785 -0.195093 0
    outer loop
      vertex 98.1148 4.05295 1.5
      vertex 98.1786 4.37369 0
      vertex 98.1786 4.37369 1.5
    endloop
  endfacet
  facet normal 0.980785 -0.195093 0
    outer loop
      vertex 98.1786 4.37369 0
      vertex 98.1148 4.05295 1.5
      vertex 98.1148 4.05295 0
    endloop
  endfacet
  facet normal 1 -0 0
    outer loop
      vertex 98.2 4.7 1.5
      vertex 98.2 78.7 0
      vertex 98.2 78.7 1.5
    endloop
  endfacet
  facet normal 1 0 0
    outer loop
      vertex 98.2 78.7 0
      vertex 98.2 4.7 1.5
      vertex 98.2 4.7 0
    endloop
  endfacet
  facet normal -1 0 0
    outer loop
      vertex 2.2 4.7 0
      vertex 2.2 78.7 1.5
      vertex 2.2 78.7 0
    endloop
  endfacet
  facet normal -1 -0 0
    outer loop
      vertex 2.2 78.7 1.5
      vertex 2.2 4.7 0
      vertex 2.2 4.7 1.5
    endloop
  endfacet
  facet normal -0.946938 0.321415 0
    outer loop
      vertex 2.28519 79.347 0
      vertex 2.39031 79.6567 1.5
      vertex 2.39031 79.6567 0
    endloop
  endfacet
  facet normal -0.946938 0.321415 0
    outer loop
      vertex 2.39031 79.6567 1.5
      vertex 2.28519 79.347 0
      vertex 2.28519 79.347 1.5
    endloop
  endfacet
  facet normal -0 0 1
    outer loop
      vertex 54.4613 23.1465 1.5
      vertex 54.7 16.7 1.5
      vertex 55.1497 23.7503 1.5
    endloop
  endfacet
  facet normal -0 0 1
    outer loop
      vertex 53.7 22.6378 1.5
      vertex 54.7 16.7 1.5
      vertex 54.4613 23.1465 1.5
    endloop
  endfacet
  facet normal -0 0 1
    outer loop
      vertex 52.8788 22.2328 1.5
      vertex 54.7 16.7 1.5
      vertex 53.7 22.6378 1.5
    endloop
  endfacet
  facet normal -0 0 1
    outer loop
      vertex 52.0117 21.9385 1.5
      vertex 54.7 16.7 1.5
      vertex 52.8788 22.2328 1.5
    endloop
  endfacet
  facet normal -0 0 1
    outer loop
      vertex 51.1137 21.7599 1.5
      vertex 54.7 16.7 1.5
      vertex 52.0117 21.9385 1.5
    endloop
  endfacet
  facet normal -0 0 1
    outer loop
      vertex 50.2 21.7 1.5
      vertex 54.7 16.7 1.5
      vertex 51.1137 21.7599 1.5
    endloop
  endfacet
  facet normal 0 0 1
    outer loop
      vertex 49.2863 21.7599 1.5
      vertex 54.7 16.7 1.5
      vertex 50.2 21.7 1.5
    endloop
  endfacet
  facet normal 0 0 1
    outer loop
      vertex 48.3883 21.9385 1.5
      vertex 54.7 16.7 1.5
      vertex 49.2863 21.7599 1.5
    endloop
  endfacet
  facet normal 0 0 1
    outer loop
      vertex 47.5212 22.2328 1.5
      vertex 54.7 16.7 1.5
      vertex 48.3883 21.9385 1.5
    endloop
  endfacet
  facet normal 0 0 1
    outer loop
      vertex 46.7 22.6378 1.5
      vertex 54.7 16.7 1.5
      vertex 47.5212 22.2328 1.5
    endloop
  endfacet
  facet normal 0 0 1
    outer loop
      vertex 14.7 16.7 1.5
      vertex 46.7 22.6378 1.5
      vertex 45.9387 23.1465 1.5
    endloop
  endfacet
  facet normal -0 0 1
    outer loop
      vertex 36.0997 39.7503 1.5
      vertex 44.6465 32.9613 1.5
      vertex 36.7035 40.4387 1.5
    endloop
  endfacet
  facet normal 0 0 1
    outer loop
      vertex 44.6465 32.9613 1.5
      vertex 36.0997 39.7503 1.5
      vertex 44.1378 32.2 1.5
    endloop
  endfacet
  facet normal -0 0 1
    outer loop
      vertex 35.4113 39.1465 1.5
      vertex 44.1378 32.2 1.5
      vertex 36.0997 39.7503 1.5
    endloop
  endfacet
  facet normal 0 0 1
    outer loop
      vertex 44.1378 32.2 1.5
      vertex 35.4113 39.1465 1.5
      vertex 43.7328 31.3788 1.5
    endloop
  endfacet
  facet normal -0 0 1
    outer loop
      vertex 34.65 38.6378 1.5
      vertex 43.7328 31.3788 1.5
      vertex 35.4113 39.1465 1.5
    endloop
  endfacet
  facet normal 0 0 1
    outer loop
      vertex 43.7328 31.3788 1.5
      vertex 34.65 38.6378 1.5
      vertex 43.4385 30.5117 1.5
    endloop
  endfacet
  facet normal -0 0 1
    outer loop
      vertex 33.8288 38.2328 1.5
      vertex 43.4385 30.5117 1.5
      vertex 34.65 38.6378 1.5
    endloop
  endfacet
  facet normal 0 0 1
    outer loop
      vertex 43.4385 30.5117 1.5
      vertex 33.8288 38.2328 1.5
      vertex 43.2599 29.6137 1.5
    endloop
  endfacet
  facet normal -0 0 1
    outer loop
      vertex 32.9617 37.9385 1.5
      vertex 43.2599 29.6137 1.5
      vertex 33.8288 38.2328 1.5
    endloop
  endfacet
  facet normal 0 0 1
    outer loop
      vertex 43.2599 29.6137 1.5
      vertex 32.9617 37.9385 1.5
      vertex 43.2 28.7 1.5
    endloop
  endfacet
  facet normal -0 0 1
    outer loop
      vertex 32.0637 37.7599 1.5
      vertex 43.2 28.7 1.5
      vertex 32.9617 37.9385 1.5
    endloop
  endfacet
  facet normal 0 0 1
    outer loop
      vertex 43.2 28.7 1.5
      vertex 32.0637 37.7599 1.5
      vertex 43.2599 27.7863 1.5
    endloop
  endfacet
  facet normal -0 0 1
    outer loop
      vertex 31.15 37.7 1.5
      vertex 43.2599 27.7863 1.5
      vertex 32.0637 37.7599 1.5
    endloop
  endfacet
  facet normal 0 0 1
    outer loop
      vertex 43.2599 27.7863 1.5
      vertex 31.15 37.7 1.5
      vertex 43.4385 26.8883 1.5
    endloop
  endfacet
  facet normal 0 0 1
    outer loop
      vertex 30.2363 37.7599 1.5
      vertex 43.4385 26.8883 1.5
      vertex 31.15 37.7 1.5
    endloop
  endfacet
  facet normal 0 0 1
    outer loop
      vertex 14.7 16.7 1.5
      vertex 43.4385 26.8883 1.5
      vertex 30.2363 37.7599 1.5
    endloop
  endfacet
  facet normal 0 0 1
    outer loop
      vertex 43.4385 26.8883 1.5
      vertex 14.7 16.7 1.5
      vertex 43.7328 26.0212 1.5
    endloop
  endfacet
  facet normal 0 0 1
    outer loop
      vertex 43.7328 26.0212 1.5
      vertex 14.7 16.7 1.5
      vertex 44.1378 25.2 1.5
    endloop
  endfacet
  facet normal 0 0 1
    outer loop
      vertex 44.1378 25.2 1.5
      vertex 14.7 16.7 1.5
      vertex 44.6465 24.4387 1.5
    endloop
  endfacet
  facet normal 0 0 1
    outer loop
      vertex 14.7 16.7 1.5
      vertex 30.2363 37.7599 1.5
      vertex 29.3383 37.9385 1.5
    endloop
  endfacet
  facet normal 0 0 1
    outer loop
      vertex 14.7 16.7 1.5
      vertex 29.3383 37.9385 1.5
      vertex 28.4712 38.2328 1.5
    endloop
  endfacet
  facet normal 0 0 1
    outer loop
      vertex 44.6465 24.4387 1.5
      vertex 14.7 16.7 1.5
      vertex 45.2503 23.7503 1.5
    endloop
  endfacet
  facet normal 0 0 1
    outer loop
      vertex 14.7 16.7 1.5
      vertex 28.4712 38.2328 1.5
      vertex 27.65 38.6378 1.5
    endloop
  endfacet
  facet normal 0 0 1
    outer loop
      vertex 14.7 16.7 1.5
      vertex 27.65 38.6378 1.5
      vertex 26.8887 39.1465 1.5
    endloop
  endfacet
  facet normal 0 0 1
    outer loop
      vertex 46.7 22.6378 1.5
      vertex 14.7 16.7 1.5
      vertex 54.7 16.7 1.5
    endloop
  endfacet
  facet normal 0 0 1
    outer loop
      vertex 45.2503 23.7503 1.5
      vertex 14.7 16.7 1.5
      vertex 45.9387 23.1465 1.5
    endloop
  endfacet
  facet normal 0 0 1
    outer loop
      vertex 26.2003 39.7503 1.5
      vertex 14.7 16.7 1.5
      vertex 26.8887 39.1465 1.5
    endloop
  endfacet
  facet normal 0 0 1
    outer loop
      vertex 25.5965 40.4387 1.5
      vertex 14.7 16.7 1.5
      vertex 26.2003 39.7503 1.5
    endloop
  endfacet
  facet normal 0 0 1
    outer loop
      vertex 25.0878 41.2 1.5
      vertex 14.7 16.7 1.5
      vertex 25.5965 40.4387 1.5
    endloop
  endfacet
  facet normal 0 0 1
    outer loop
      vertex 24.6828 42.0212 1.5
      vertex 14.7 16.7 1.5
      vertex 25.0878 41.2 1.5
    endloop
  endfacet
  facet normal 0 0 1
    outer loop
      vertex 24.3885 42.8883 1.5
      vertex 14.7 16.7 1.5
      vertex 24.6828 42.0212 1.5
    endloop
  endfacet
  facet normal 0 0 1
    outer loop
      vertex 24.2099 43.7863 1.5
      vertex 14.7 16.7 1.5
      vertex 24.3885 42.8883 1.5
    endloop
  endfacet
  facet normal 0 0 1
    outer loop
      vertex 14.7 16.7 1.5
      vertex 24.2099 43.7863 1.5
      vertex 24.15 44.7 1.5
    endloop
  endfacet
  facet normal 0 0 1
    outer loop
      vertex 62.7828 42.0212 1.5
      vertex 56.6672 42.0212 1.5
      vertex 63.1878 41.2 1.5
    endloop
  endfacet
  facet normal 0 0 1
    outer loop
      vertex 63.6965 40.4387 1.5
      vertex 57.1401 29.6137 1.5
      vertex 57.2 28.7 1.5
    endloop
  endfacet
  facet normal 0 0 1
    outer loop
      vertex 56.2622 41.2 1.5
      vertex 63.1878 41.2 1.5
      vertex 56.6672 42.0212 1.5
    endloop
  endfacet
  facet normal 0 0 1
    outer loop
      vertex 63.6965 40.4387 1.5
      vertex 56.9615 30.5117 1.5
      vertex 57.1401 29.6137 1.5
    endloop
  endfacet
  facet normal 0 0 1
    outer loop
      vertex 63.1878 41.2 1.5
      vertex 56.2622 41.2 1.5
      vertex 63.6965 40.4387 1.5
    endloop
  endfacet
  facet normal 0 0 1
    outer loop
      vertex 63.6965 40.4387 1.5
      vertex 56.6672 31.3788 1.5
      vertex 56.9615 30.5117 1.5
    endloop
  endfacet
  facet normal 0 0 1
    outer loop
      vertex 55.7535 40.4387 1.5
      vertex 63.6965 40.4387 1.5
      vertex 56.2622 41.2 1.5
    endloop
  endfacet
  facet normal 0 0 1
    outer loop
      vertex 63.6965 40.4387 1.5
      vertex 56.2622 32.2 1.5
      vertex 56.6672 31.3788 1.5
    endloop
  endfacet
  facet normal 0 0 1
    outer loop
      vertex 55.7535 32.9613 1.5
      vertex 63.6965 40.4387 1.5
      vertex 55.7535 40.4387 1.5
    endloop
  endfacet
  facet normal 0 0 1
    outer loop
      vertex 63.6965 40.4387 1.5
      vertex 55.7535 32.9613 1.5
      vertex 56.2622 32.2 1.5
    endloop
  endfacet
  facet normal -0 0 1
    outer loop
      vertex 55.1497 39.7503 1.5
      vertex 55.7535 32.9613 1.5
      vertex 55.7535 40.4387 1.5
    endloop
  endfacet
  facet normal 0 0 1
    outer loop
      vertex 55.1497 39.7503 1.5
      vertex 55.1497 33.6497 1.5
      vertex 55.7535 32.9613 1.5
    endloop
  endfacet
  facet normal -0 0 1
    outer loop
      vertex 54.4613 39.1465 1.5
      vertex 55.1497 33.6497 1.5
      vertex 55.1497 39.7503 1.5
    endloop
  endfacet
  facet normal 0 0 1
    outer loop
      vertex 54.4613 39.1465 1.5
      vertex 54.4613 34.2535 1.5
      vertex 55.1497 33.6497 1.5
    endloop
  endfacet
  facet normal -0 0 1
    outer loop
      vertex 53.7 38.6378 1.5
      vertex 54.4613 34.2535 1.5
      vertex 54.4613 39.1465 1.5
    endloop
  endfacet
  facet normal 0 0 1
    outer loop
      vertex 53.7 38.6378 1.5
      vertex 53.7 34.7622 1.5
      vertex 54.4613 34.2535 1.5
    endloop
  endfacet
  facet normal -0 0 1
    outer loop
      vertex 52.8788 38.2328 1.5
      vertex 53.7 34.7622 1.5
      vertex 53.7 38.6378 1.5
    endloop
  endfacet
  facet normal 0 0 1
    outer loop
      vertex 52.8788 38.2328 1.5
      vertex 52.8788 35.1672 1.5
      vertex 53.7 34.7622 1.5
    endloop
  endfacet
  facet normal -0 0 1
    outer loop
      vertex 52.0117 37.9385 1.5
      vertex 52.8788 35.1672 1.5
      vertex 52.8788 38.2328 1.5
    endloop
  endfacet
  facet normal 0 0 1
    outer loop
      vertex 52.0117 37.9385 1.5
      vertex 52.0117 35.4615 1.5
      vertex 52.8788 35.1672 1.5
    endloop
  endfacet
  facet normal -0 0 1
    outer loop
      vertex 51.1137 37.7599 1.5
      vertex 52.0117 35.4615 1.5
      vertex 52.0117 37.9385 1.5
    endloop
  endfacet
  facet normal 0 0 1
    outer loop
      vertex 51.1137 37.7599 1.5
      vertex 51.1137 35.6401 1.5
      vertex 52.0117 35.4615 1.5
    endloop
  endfacet
  facet normal -0 0 1
    outer loop
      vertex 50.2 37.7 1.5
      vertex 51.1137 35.6401 1.5
      vertex 51.1137 37.7599 1.5
    endloop
  endfacet
  facet normal 0 0 1
    outer loop
      vertex 50.2 37.7 1.5
      vertex 50.2 35.7 1.5
      vertex 51.1137 35.6401 1.5
    endloop
  endfacet
  facet normal 0 0 1
    outer loop
      vertex 49.2863 37.7599 1.5
      vertex 50.2 35.7 1.5
      vertex 50.2 37.7 1.5
    endloop
  endfacet
  facet normal 0 0 1
    outer loop
      vertex 49.2863 37.7599 1.5
      vertex 49.2863 35.6401 1.5
      vertex 50.2 35.7 1.5
    endloop
  endfacet
  facet normal 0 0 1
    outer loop
      vertex 48.3883 37.9385 1.5
      vertex 49.2863 35.6401 1.5
      vertex 49.2863 37.7599 1.5
    endloop
  endfacet
  facet normal 0 0 1
    outer loop
      vertex 48.3883 37.9385 1.5
      vertex 48.3883 35.4615 1.5
      vertex 49.2863 35.6401 1.5
    endloop
  endfacet
  facet normal 0 0 1
    outer loop
      vertex 47.5212 38.2328 1.5
      vertex 48.3883 35.4615 1.5
      vertex 48.3883 37.9385 1.5
    endloop
  endfacet
  facet normal 0 0 1
    outer loop
      vertex 47.5212 38.2328 1.5
      vertex 47.5212 35.1672 1.5
      vertex 48.3883 35.4615 1.5
    endloop
  endfacet
  facet normal 0 0 1
    outer loop
      vertex 46.7 38.6378 1.5
      vertex 47.5212 35.1672 1.5
      vertex 47.5212 38.2328 1.5
    endloop
  endfacet
  facet normal 0 0 1
    outer loop
      vertex 46.7 38.6378 1.5
      vertex 46.7 34.7622 1.5
      vertex 47.5212 35.1672 1.5
    endloop
  endfacet
  facet normal 0 0 1
    outer loop
      vertex 45.9387 39.1465 1.5
      vertex 46.7 34.7622 1.5
      vertex 46.7 38.6378 1.5
    endloop
  endfacet
  facet normal 0 0 1
    outer loop
      vertex 45.9387 39.1465 1.5
      vertex 45.9387 34.2535 1.5
      vertex 46.7 34.7622 1.5
    endloop
  endfacet
  facet normal 0 0 1
    outer loop
      vertex 45.2503 39.7503 1.5
      vertex 45.9387 34.2535 1.5
      vertex 45.9387 39.1465 1.5
    endloop
  endfacet
  facet normal 0 0 1
    outer loop
      vertex 45.2503 39.7503 1.5
      vertex 45.2503 33.6497 1.5
      vertex 45.9387 34.2535 1.5
    endloop
  endfacet
  facet normal 0 0 1
    outer loop
      vertex 44.6465 40.4387 1.5
      vertex 45.2503 33.6497 1.5
      vertex 45.2503 39.7503 1.5
    endloop
  endfacet
  facet normal 0 0 1
    outer loop
      vertex 44.6465 40.4387 1.5
      vertex 44.6465 32.9613 1.5
      vertex 45.2503 33.6497 1.5
    endloop
  endfacet
  facet normal 0 0 1
    outer loop
      vertex 37.6172 42.0212 1.5
      vertex 43.7328 42.0212 1.5
      vertex 37.9115 42.8883 1.5
    endloop
  endfacet
  facet normal 0 0 1
    outer loop
      vertex 43.7328 42.0212 1.5
      vertex 37.6172 42.0212 1.5
      vertex 44.1378 41.2 1.5
    endloop
  endfacet
  facet normal 0 0 1
    outer loop
      vertex 37.9115 42.8883 1.5
      vertex 43.4385 42.8883 1.5
      vertex 38.0901 43.7863 1.5
    endloop
  endfacet
  facet normal 0 0 1
    outer loop
      vertex 43.4385 42.8883 1.5
      vertex 37.9115 42.8883 1.5
      vertex 43.7328 42.0212 1.5
    endloop
  endfacet
  facet normal 0 0 1
    outer loop
      vertex 43.2599 43.7863 1.5
      vertex 38.0901 43.7863 1.5
      vertex 43.4385 42.8883 1.5
    endloop
  endfacet
  facet normal 0 0 1
    outer loop
      vertex 37.2122 41.2 1.5
      vertex 44.1378 41.2 1.5
      vertex 37.6172 42.0212 1.5
    endloop
  endfacet
  facet normal 0 0 1
    outer loop
      vertex 38.0901 43.7863 1.5
      vertex 43.2599 43.7863 1.5
      vertex 38.15 44.7 1.5
    endloop
  endfacet
  facet normal 0 0 1
    outer loop
      vertex 44.1378 41.2 1.5
      vertex 37.2122 41.2 1.5
      vertex 44.6465 40.4387 1.5
    endloop
  endfacet
  facet normal -0 0 1
    outer loop
      vertex 38.15 44.7 1.5
      vertex 43.2599 43.7863 1.5
      vertex 43.2 44.7 1.5
    endloop
  endfacet
  facet normal 0 0 1
    outer loop
      vertex 36.7035 40.4387 1.5
      vertex 44.6465 40.4387 1.5
      vertex 37.2122 41.2 1.5
    endloop
  endfacet
  facet normal 0 0 1
    outer loop
      vertex 64.9887 50.2535 1.5
      vertex 56.2622 57.2 1.5
      vertex 64.3003 49.6497 1.5
    endloop
  endfacet
  facet normal 0 0 1
    outer loop
      vertex 63.1878 48.2 1.5
      vertex 57.1401 45.6137 1.5
      vertex 57.2 44.7 1.5
    endloop
  endfacet
  facet normal -0 0 1
    outer loop
      vertex 55.7535 56.4387 1.5
      vertex 64.3003 49.6497 1.5
      vertex 56.2622 57.2 1.5
    endloop
  endfacet
  facet normal 0 0 1
    outer loop
      vertex 63.1878 48.2 1.5
      vertex 56.9615 46.5117 1.5
      vertex 57.1401 45.6137 1.5
    endloop
  endfacet
  facet normal 0 0 1
    outer loop
      vertex 64.3003 49.6497 1.5
      vertex 55.7535 56.4387 1.5
      vertex 63.6965 48.9613 1.5
    endloop
  endfacet
  facet normal 0 0 1
    outer loop
      vertex 63.1878 48.2 1.5
      vertex 56.6672 47.3788 1.5
      vertex 56.9615 46.5117 1.5
    endloop
  endfacet
  facet normal 0 0 1
    outer loop
      vertex 55.7535 48.9613 1.5
      vertex 63.6965 48.9613 1.5
      vertex 55.7535 56.4387 1.5
    endloop
  endfacet
  facet normal 0 0 1
    outer loop
      vertex 63.1878 48.2 1.5
      vertex 56.2622 48.2 1.5
      vertex 56.6672 47.3788 1.5
    endloop
  endfacet
  facet normal 0 0 1
    outer loop
      vertex 63.6965 48.9613 1.5
      vertex 55.7535 48.9613 1.5
      vertex 63.1878 48.2 1.5
    endloop
  endfacet
  facet normal 0 0 1
    outer loop
      vertex 63.1878 48.2 1.5
      vertex 55.7535 48.9613 1.5
      vertex 56.2622 48.2 1.5
    endloop
  endfacet
  facet normal -0 0 1
    outer loop
      vertex 55.1497 55.7503 1.5
      vertex 55.7535 48.9613 1.5
      vertex 55.7535 56.4387 1.5
    endloop
  endfacet
  facet normal 0 0 1
    outer loop
      vertex 55.1497 55.7503 1.5
      vertex 55.1497 49.6497 1.5
      vertex 55.7535 48.9613 1.5
    endloop
  endfacet
  facet normal -0 0 1
    outer loop
      vertex 54.4613 55.1465 1.5
      vertex 55.1497 49.6497 1.5
      vertex 55.1497 55.7503 1.5
    endloop
  endfacet
  facet normal 0 0 1
    outer loop
      vertex 54.4613 55.1465 1.5
      vertex 54.4613 50.2535 1.5
      vertex 55.1497 49.6497 1.5
    endloop
  endfacet
  facet normal -0 0 1
    outer loop
      vertex 53.7 54.6378 1.5
      vertex 54.4613 50.2535 1.5
      vertex 54.4613 55.1465 1.5
    endloop
  endfacet
  facet normal 0 0 1
    outer loop
      vertex 53.7 54.6378 1.5
      vertex 53.7 50.7622 1.5
      vertex 54.4613 50.2535 1.5
    endloop
  endfacet
  facet normal -0 0 1
    outer loop
      vertex 52.8788 54.2328 1.5
      vertex 53.7 50.7622 1.5
      vertex 53.7 54.6378 1.5
    endloop
  endfacet
  facet normal 0 0 1
    outer loop
      vertex 52.8788 54.2328 1.5
      vertex 52.8788 51.1672 1.5
      vertex 53.7 50.7622 1.5
    endloop
  endfacet
  facet normal -0 0 1
    outer loop
      vertex 52.0117 53.9385 1.5
      vertex 52.8788 51.1672 1.5
      vertex 52.8788 54.2328 1.5
    endloop
  endfacet
  facet normal 0 0 1
    outer loop
      vertex 52.0117 53.9385 1.5
      vertex 52.0117 51.4615 1.5
      vertex 52.8788 51.1672 1.5
    endloop
  endfacet
  facet normal -0 0 1
    outer loop
      vertex 51.1137 53.7599 1.5
      vertex 52.0117 51.4615 1.5
      vertex 52.0117 53.9385 1.5
    endloop
  endfacet
  facet normal 0 0 1
    outer loop
      vertex 51.1137 53.7599 1.5
      vertex 51.1137 51.6401 1.5
      vertex 52.0117 51.4615 1.5
    endloop
  endfacet
  facet normal -0 0 1
    outer loop
      vertex 50.2 53.7 1.5
      vertex 51.1137 51.6401 1.5
      vertex 51.1137 53.7599 1.5
    endloop
  endfacet
  facet normal 0 0 1
    outer loop
      vertex 50.2 53.7 1.5
      vertex 50.2 51.7 1.5
      vertex 51.1137 51.6401 1.5
    endloop
  endfacet
  facet normal 0 0 1
    outer loop
      vertex 49.2863 53.7599 1.5
      vertex 50.2 51.7 1.5
      vertex 50.2 53.7 1.5
    endloop
  endfacet
  facet normal 0 0 1
    outer loop
      vertex 49.2863 53.7599 1.5
      vertex 49.2863 51.6401 1.5
      vertex 50.2 51.7 1.5
    endloop
  endfacet
  facet normal 0 0 1
    outer loop
      vertex 48.3883 53.9385 1.5
      vertex 49.2863 51.6401 1.5
      vertex 49.2863 53.7599 1.5
    endloop
  endfacet
  facet normal 0 0 1
    outer loop
      vertex 48.3883 53.9385 1.5
      vertex 48.3883 51.4615 1.5
      vertex 49.2863 51.6401 1.5
    endloop
  endfacet
  facet normal 0 0 1
    outer loop
      vertex 47.5212 54.2328 1.5
      vertex 48.3883 51.4615 1.5
      vertex 48.3883 53.9385 1.5
    endloop
  endfacet
  facet normal 0 0 1
    outer loop
      vertex 47.5212 54.2328 1.5
      vertex 47.5212 51.1672 1.5
      vertex 48.3883 51.4615 1.5
    endloop
  endfacet
  facet normal 0 0 1
    outer loop
      vertex 46.7 54.6378 1.5
      vertex 47.5212 51.1672 1.5
      vertex 47.5212 54.2328 1.5
    endloop
  endfacet
  facet normal 0 0 1
    outer loop
      vertex 46.7 54.6378 1.5
      vertex 46.7 50.7622 1.5
      vertex 47.5212 51.1672 1.5
    endloop
  endfacet
  facet normal 0 0 1
    outer loop
      vertex 45.9387 55.1465 1.5
      vertex 46.7 50.7622 1.5
      vertex 46.7 54.6378 1.5
    endloop
  endfacet
  facet normal 0 0 1
    outer loop
      vertex 45.9387 55.1465 1.5
      vertex 45.9387 50.2535 1.5
      vertex 46.7 50.7622 1.5
    endloop
  endfacet
  facet normal 0 0 1
    outer loop
      vertex 45.2503 55.7503 1.5
      vertex 45.9387 50.2535 1.5
      vertex 45.9387 55.1465 1.5
    endloop
  endfacet
  facet normal 0 0 1
    outer loop
      vertex 45.2503 55.7503 1.5
      vertex 45.2503 49.6497 1.5
      vertex 45.9387 50.2535 1.5
    endloop
  endfacet
  facet normal 0 0 1
    outer loop
      vertex 44.6465 56.4387 1.5
      vertex 45.2503 49.6497 1.5
      vertex 45.2503 55.7503 1.5
    endloop
  endfacet
  facet normal 0 0 1
    outer loop
      vertex 44.6465 56.4387 1.5
      vertex 44.6465 48.9613 1.5
      vertex 45.2503 49.6497 1.5
    endloop
  endfacet
  facet normal 0 0 1
    outer loop
      vertex 36.0997 49.6497 1.5
      vertex 44.6465 56.4387 1.5
      vertex 44.1378 57.2 1.5
    endloop
  endfacet
  facet normal 0 0 1
    outer loop
      vertex 44.6465 56.4387 1.5
      vertex 36.7035 48.9613 1.5
      vertex 44.6465 48.9613 1.5
    endloop
  endfacet
  facet normal 0 0 1
    outer loop
      vertex 35.4113 50.2535 1.5
      vertex 44.1378 57.2 1.5
      vertex 43.7328 58.0212 1.5
    endloop
  endfacet
  facet normal 0 0 1
    outer loop
      vertex 44.6465 48.9613 1.5
      vertex 36.7035 48.9613 1.5
      vertex 44.1378 48.2 1.5
    endloop
  endfacet
  facet normal 0 0 1
    outer loop
      vertex 34.65 50.7622 1.5
      vertex 43.7328 58.0212 1.5
      vertex 43.4385 58.8883 1.5
    endloop
  endfacet
  facet normal 0 -0 1
    outer loop
      vertex 37.2122 48.2 1.5
      vertex 44.1378 48.2 1.5
      vertex 36.7035 48.9613 1.5
    endloop
  endfacet
  facet normal 0 0 1
    outer loop
      vertex 33.8288 51.1672 1.5
      vertex 43.4385 58.8883 1.5
      vertex 43.2599 59.7863 1.5
    endloop
  endfacet
  facet normal 0 0 1
    outer loop
      vertex 44.1378 48.2 1.5
      vertex 37.2122 48.2 1.5
      vertex 43.7328 47.3788 1.5
    endloop
  endfacet
  facet normal 0 0 1
    outer loop
      vertex 32.9617 51.4615 1.5
      vertex 43.2599 59.7863 1.5
      vertex 43.2 60.7 1.5
    endloop
  endfacet
  facet normal 0 -0 1
    outer loop
      vertex 37.6172 47.3788 1.5
      vertex 43.7328 47.3788 1.5
      vertex 37.2122 48.2 1.5
    endloop
  endfacet
  facet normal 0 0 1
    outer loop
      vertex 95.7 81.2 1.5
      vertex 98.2 78.7 1.5
      vertex 98.1786 79.0263 1.5
    endloop
  endfacet
  facet normal 0 0 1
    outer loop
      vertex 98.2 78.7 1.5
      vertex 76.25 44.7 1.5
      vertex 98.2 4.7 1.5
    endloop
  endfacet
  facet normal 0 0 1
    outer loop
      vertex 95.7 81.2 1.5
      vertex 98.1786 79.0263 1.5
      vertex 98.1148 79.347 1.5
    endloop
  endfacet
  facet normal -0 0 1
    outer loop
      vertex 76.1901 43.7863 1.5
      vertex 98.2 4.7 1.5
      vertex 76.25 44.7 1.5
    endloop
  endfacet
  facet normal 0 0 1
    outer loop
      vertex 95.7 81.2 1.5
      vertex 98.1148 79.347 1.5
      vertex 98.0097 79.6567 1.5
    endloop
  endfacet
  facet normal -0 0 1
    outer loop
      vertex 76.0115 42.8883 1.5
      vertex 98.2 4.7 1.5
      vertex 76.1901 43.7863 1.5
    endloop
  endfacet
  facet normal 0 0 1
    outer loop
      vertex 95.7 81.2 1.5
      vertex 98.0097 79.6567 1.5
      vertex 97.8651 79.95 1.5
    endloop
  endfacet
  facet normal -0 0 1
    outer loop
      vertex 75.7172 42.0212 1.5
      vertex 98.2 4.7 1.5
      vertex 76.0115 42.8883 1.5
    endloop
  endfacet
  facet normal 0 0 1
    outer loop
      vertex 95.7 81.2 1.5
      vertex 97.8651 79.95 1.5
      vertex 97.6834 80.2219 1.5
    endloop
  endfacet
  facet normal -0 0 1
    outer loop
      vertex 75.3122 41.2 1.5
      vertex 98.2 4.7 1.5
      vertex 75.7172 42.0212 1.5
    endloop
  endfacet
  facet normal 0 0 1
    outer loop
      vertex 95.7 81.2 1.5
      vertex 97.6834 80.2219 1.5
      vertex 97.4678 80.4678 1.5
    endloop
  endfacet
  facet normal -0 0 1
    outer loop
      vertex 74.8035 40.4387 1.5
      vertex 98.2 4.7 1.5
      vertex 75.3122 41.2 1.5
    endloop
  endfacet
  facet normal 0 0 1
    outer loop
      vertex 95.7 81.2 1.5
      vertex 97.4678 80.4678 1.5
      vertex 97.2219 80.6834 1.5
    endloop
  endfacet
  facet normal -0 0 1
    outer loop
      vertex 74.1997 39.7503 1.5
      vertex 98.2 4.7 1.5
      vertex 74.8035 40.4387 1.5
    endloop
  endfacet
  facet normal 0 0 1
    outer loop
      vertex 95.7 81.2 1.5
      vertex 97.2219 80.6834 1.5
      vertex 96.95 80.8651 1.5
    endloop
  endfacet
  facet normal -0 0 1
    outer loop
      vertex 73.5113 39.1465 1.5
      vertex 98.2 4.7 1.5
      vertex 74.1997 39.7503 1.5
    endloop
  endfacet
  facet normal 0 0 1
    outer loop
      vertex 95.7 81.2 1.5
      vertex 96.95 80.8651 1.5
      vertex 96.6567 81.0097 1.5
    endloop
  endfacet
  facet normal -0 0 1
    outer loop
      vertex 72.75 38.6378 1.5
      vertex 98.2 4.7 1.5
      vertex 73.5113 39.1465 1.5
    endloop
  endfacet
  facet normal 0 0 1
    outer loop
      vertex 95.7 81.2 1.5
      vertex 96.6567 81.0097 1.5
      vertex 96.347 81.1148 1.5
    endloop
  endfacet
  facet normal -0 0 1
    outer loop
      vertex 71.9288 38.2328 1.5
      vertex 98.2 4.7 1.5
      vertex 72.75 38.6378 1.5
    endloop
  endfacet
  facet normal 0 0 1
    outer loop
      vertex 95.7 81.2 1.5
      vertex 96.347 81.1148 1.5
      vertex 96.0263 81.1786 1.5
    endloop
  endfacet
  facet normal 0 0 1
    outer loop
      vertex 98.2 4.7 1.5
      vertex 95.7 2.2 1.5
      vertex 98.1786 4.37369 1.5
    endloop
  endfacet
  facet normal 0 0 1
    outer loop
      vertex 72.75 50.7622 1.5
      vertex 98.2 78.7 1.5
      vertex 95.7 81.2 1.5
    endloop
  endfacet
  facet normal 0 0 1
    outer loop
      vertex 98.1786 4.37369 1.5
      vertex 95.7 2.2 1.5
      vertex 98.1148 4.05295 1.5
    endloop
  endfacet
  facet normal 0 0 1
    outer loop
      vertex 98.0097 3.74329 1.5
      vertex 95.7 2.2 1.5
      vertex 97.8651 3.45 1.5
    endloop
  endfacet
  facet normal 0 0 1
    outer loop
      vertex 98.2 78.7 1.5
      vertex 76.1901 45.6137 1.5
      vertex 76.25 44.7 1.5
    endloop
  endfacet
  facet normal 0 0 1
    outer loop
      vertex 98.2 78.7 1.5
      vertex 76.0115 46.5117 1.5
      vertex 76.1901 45.6137 1.5
    endloop
  endfacet
  facet normal 0 0 1
    outer loop
      vertex 98.2 78.7 1.5
      vertex 75.7172 47.3788 1.5
      vertex 76.0115 46.5117 1.5
    endloop
  endfacet
  facet normal 0 0 1
    outer loop
      vertex 98.2 78.7 1.5
      vertex 75.3122 48.2 1.5
      vertex 75.7172 47.3788 1.5
    endloop
  endfacet
  facet normal 0 0 1
    outer loop
      vertex 98.2 78.7 1.5
      vertex 74.8035 48.9613 1.5
      vertex 75.3122 48.2 1.5
    endloop
  endfacet
  facet normal 0 0 1
    outer loop
      vertex 98.2 78.7 1.5
      vertex 74.1997 49.6497 1.5
      vertex 74.8035 48.9613 1.5
    endloop
  endfacet
  facet normal 0 0 1
    outer loop
      vertex 98.2 78.7 1.5
      vertex 73.5113 50.2535 1.5
      vertex 74.1997 49.6497 1.5
    endloop
  endfacet
  facet normal 0 0 1
    outer loop
      vertex 98.2 78.7 1.5
      vertex 72.75 50.7622 1.5
      vertex 73.5113 50.2535 1.5
    endloop
  endfacet
  facet normal 0 0 1
    outer loop
      vertex 95.7 81.2 1.5
      vertex 71.9288 51.1672 1.5
      vertex 72.75 50.7622 1.5
    endloop
  endfacet
  facet normal 0 0 1
    outer loop
      vertex 95.7 81.2 1.5
      vertex 71.0617 51.4615 1.5
      vertex 71.9288 51.1672 1.5
    endloop
  endfacet
  facet normal -0 0 1
    outer loop
      vertex 56.6672 63.3788 1.5
      vertex 71.0617 51.4615 1.5
      vertex 95.7 81.2 1.5
    endloop
  endfacet
  facet normal 0 0 1
    outer loop
      vertex 71.0617 51.4615 1.5
      vertex 56.6672 63.3788 1.5
      vertex 70.1637 51.6401 1.5
    endloop
  endfacet
  facet normal -0 -0 1
    outer loop
      vertex 56.9615 62.5117 1.5
      vertex 70.1637 51.6401 1.5
      vertex 56.6672 63.3788 1.5
    endloop
  endfacet
  facet normal 0 0 1
    outer loop
      vertex 70.1637 51.6401 1.5
      vertex 56.9615 62.5117 1.5
      vertex 69.25 51.7 1.5
    endloop
  endfacet
  facet normal -0 -0 1
    outer loop
      vertex 57.1401 61.6137 1.5
      vertex 69.25 51.7 1.5
      vertex 56.9615 62.5117 1.5
    endloop
  endfacet
  facet normal -0 -0 1
    outer loop
      vertex 57.2 60.7 1.5
      vertex 68.3363 51.6401 1.5
      vertex 57.1401 61.6137 1.5
    endloop
  endfacet
  facet normal 0 0 1
    outer loop
      vertex 68.3363 51.6401 1.5
      vertex 57.2 60.7 1.5
      vertex 67.4383 51.4615 1.5
    endloop
  endfacet
  facet normal -0 0 1
    outer loop
      vertex 57.1401 59.7863 1.5
      vertex 67.4383 51.4615 1.5
      vertex 57.2 60.7 1.5
    endloop
  endfacet
  facet normal 0 0 1
    outer loop
      vertex 62.4885 46.5117 1.5
      vertex 57.2 44.7 1.5
      vertex 62.3099 45.6137 1.5
    endloop
  endfacet
  facet normal 0 0 1
    outer loop
      vertex 62.7828 47.3788 1.5
      vertex 57.2 44.7 1.5
      vertex 62.4885 46.5117 1.5
    endloop
  endfacet
  facet normal 0 0 1
    outer loop
      vertex 63.1878 48.2 1.5
      vertex 57.2 44.7 1.5
      vertex 62.7828 47.3788 1.5
    endloop
  endfacet
  facet normal -0 0 1
    outer loop
      vertex 56.2622 57.2 1.5
      vertex 64.9887 50.2535 1.5
      vertex 56.6672 58.0212 1.5
    endloop
  endfacet
  facet normal 0 0 1
    outer loop
      vertex 65.75 50.7622 1.5
      vertex 56.6672 58.0212 1.5
      vertex 64.9887 50.2535 1.5
    endloop
  endfacet
  facet normal -0 0 1
    outer loop
      vertex 56.6672 58.0212 1.5
      vertex 65.75 50.7622 1.5
      vertex 56.9615 58.8883 1.5
    endloop
  endfacet
  facet normal -0 0 1
    outer loop
      vertex 56.9615 58.8883 1.5
      vertex 66.5712 51.1672 1.5
      vertex 57.1401 59.7863 1.5
    endloop
  endfacet
  facet normal 0 0 1
    outer loop
      vertex 66.5712 51.1672 1.5
      vertex 56.9615 58.8883 1.5
      vertex 65.75 50.7622 1.5
    endloop
  endfacet
  facet normal 0 0 1
    outer loop
      vertex 67.4383 51.4615 1.5
      vertex 57.1401 59.7863 1.5
      vertex 66.5712 51.1672 1.5
    endloop
  endfacet
  facet normal 0 0 1
    outer loop
      vertex 69.25 51.7 1.5
      vertex 57.1401 61.6137 1.5
      vertex 68.3363 51.6401 1.5
    endloop
  endfacet
  facet normal 0 0 1
    outer loop
      vertex 95.7 81.2 1.5
      vertex 56.2622 64.2 1.5
      vertex 56.6672 63.3788 1.5
    endloop
  endfacet
  facet normal 0 0 1
    outer loop
      vertex 95.7 81.2 1.5
      vertex 55.7535 64.9613 1.5
      vertex 56.2622 64.2 1.5
    endloop
  endfacet
  facet normal 0 0 1
    outer loop
      vertex 95.7 81.2 1.5
      vertex 55.1497 65.6497 1.5
      vertex 55.7535 64.9613 1.5
    endloop
  endfacet
  facet normal 0 0 1
    outer loop
      vertex 95.7 81.2 1.5
      vertex 54.4613 66.2535 1.5
      vertex 55.1497 65.6497 1.5
    endloop
  endfacet
  facet normal 0 0 1
    outer loop
      vertex 95.7 81.2 1.5
      vertex 53.7 66.7622 1.5
      vertex 54.4613 66.2535 1.5
    endloop
  endfacet
  facet normal 0 0 1
    outer loop
      vertex 95.7 81.2 1.5
      vertex 52.8788 67.1672 1.5
      vertex 53.7 66.7622 1.5
    endloop
  endfacet
  facet normal 0 0 1
    outer loop
      vertex 95.7 81.2 1.5
      vertex 52.0117 67.4615 1.5
      vertex 52.8788 67.1672 1.5
    endloop
  endfacet
  facet normal 0 0 1
    outer loop
      vertex 95.7 81.2 1.5
      vertex 51.1137 67.6401 1.5
      vertex 52.0117 67.4615 1.5
    endloop
  endfacet
  facet normal 0 0 1
    outer loop
      vertex 95.7 81.2 1.5
      vertex 50.2 67.7 1.5
      vertex 51.1137 67.6401 1.5
    endloop
  endfacet
  facet normal -0 0 1
    outer loop
      vertex 4.7 81.2 1.5
      vertex 50.2 67.7 1.5
      vertex 95.7 81.2 1.5
    endloop
  endfacet
  facet normal 0 0 1
    outer loop
      vertex 50.2 67.7 1.5
      vertex 4.7 81.2 1.5
      vertex 49.2863 67.6401 1.5
    endloop
  endfacet
  facet normal 0 -0 1
    outer loop
      vertex 37.9115 46.5117 1.5
      vertex 43.4385 46.5117 1.5
      vertex 37.6172 47.3788 1.5
    endloop
  endfacet
  facet normal 0 0 1
    outer loop
      vertex 44.6465 40.4387 1.5
      vertex 36.7035 40.4387 1.5
      vertex 44.6465 32.9613 1.5
    endloop
  endfacet
  facet normal 0 0 1
    outer loop
      vertex 32.0637 51.6401 1.5
      vertex 43.2 60.7 1.5
      vertex 43.2599 61.6137 1.5
    endloop
  endfacet
  facet normal 0 0 1
    outer loop
      vertex 31.15 51.7 1.5
      vertex 43.2599 61.6137 1.5
      vertex 43.4385 62.5117 1.5
    endloop
  endfacet
  facet normal 0 0 1
    outer loop
      vertex 43.2 44.7 1.5
      vertex 38.0901 45.6137 1.5
      vertex 38.15 44.7 1.5
    endloop
  endfacet
  facet normal 0 0 1
    outer loop
      vertex 43.2599 45.6137 1.5
      vertex 38.0901 45.6137 1.5
      vertex 43.2 44.7 1.5
    endloop
  endfacet
  facet normal 0 0 1
    outer loop
      vertex 30.2363 51.6401 1.5
      vertex 43.4385 62.5117 1.5
      vertex 43.7328 63.3788 1.5
    endloop
  endfacet
  facet normal 0 -0 1
    outer loop
      vertex 38.0901 45.6137 1.5
      vertex 43.2599 45.6137 1.5
      vertex 37.9115 46.5117 1.5
    endloop
  endfacet
  facet normal 0 0 1
    outer loop
      vertex 43.4385 46.5117 1.5
      vertex 37.9115 46.5117 1.5
      vertex 43.2599 45.6137 1.5
    endloop
  endfacet
  facet normal 0 0 1
    outer loop
      vertex 43.7328 47.3788 1.5
      vertex 37.6172 47.3788 1.5
      vertex 43.4385 46.5117 1.5
    endloop
  endfacet
  facet normal 0 0 1
    outer loop
      vertex 44.6465 56.4387 1.5
      vertex 36.0997 49.6497 1.5
      vertex 36.7035 48.9613 1.5
    endloop
  endfacet
  facet normal 0 0 1
    outer loop
      vertex 4.7 81.2 1.5
      vertex 43.7328 63.3788 1.5
      vertex 44.1378 64.2 1.5
    endloop
  endfacet
  facet normal 0 0 1
    outer loop
      vertex 44.1378 57.2 1.5
      vertex 35.4113 50.2535 1.5
      vertex 36.0997 49.6497 1.5
    endloop
  endfacet
  facet normal 0 0 1
    outer loop
      vertex 43.7328 58.0212 1.5
      vertex 34.65 50.7622 1.5
      vertex 35.4113 50.2535 1.5
    endloop
  endfacet
  facet normal 0 0 1
    outer loop
      vertex 4.7 81.2 1.5
      vertex 44.1378 64.2 1.5
      vertex 44.6465 64.9613 1.5
    endloop
  endfacet
  facet normal 0 0 1
    outer loop
      vertex 43.4385 58.8883 1.5
      vertex 33.8288 51.1672 1.5
      vertex 34.65 50.7622 1.5
    endloop
  endfacet
  facet normal 0 0 1
    outer loop
      vertex 43.2599 59.7863 1.5
      vertex 32.9617 51.4615 1.5
      vertex 33.8288 51.1672 1.5
    endloop
  endfacet
  facet normal 0 0 1
    outer loop
      vertex 43.2 60.7 1.5
      vertex 32.0637 51.6401 1.5
      vertex 32.9617 51.4615 1.5
    endloop
  endfacet
  facet normal 0 0 1
    outer loop
      vertex 4.7 81.2 1.5
      vertex 44.6465 64.9613 1.5
      vertex 45.2503 65.6497 1.5
    endloop
  endfacet
  facet normal 0 0 1
    outer loop
      vertex 43.2599 61.6137 1.5
      vertex 31.15 51.7 1.5
      vertex 32.0637 51.6401 1.5
    endloop
  endfacet
  facet normal 0 0 1
    outer loop
      vertex 43.4385 62.5117 1.5
      vertex 30.2363 51.6401 1.5
      vertex 31.15 51.7 1.5
    endloop
  endfacet
  facet normal 0 0 1
    outer loop
      vertex 43.7328 63.3788 1.5
      vertex 29.3383 51.4615 1.5
      vertex 30.2363 51.6401 1.5
    endloop
  endfacet
  facet normal 0 0 1
    outer loop
      vertex 43.7328 63.3788 1.5
      vertex 4.7 81.2 1.5
      vertex 29.3383 51.4615 1.5
    endloop
  endfacet
  facet normal 0 0 1
    outer loop
      vertex 4.7 81.2 1.5
      vertex 45.2503 65.6497 1.5
      vertex 45.9387 66.2535 1.5
    endloop
  endfacet
  facet normal 0 0 1
    outer loop
      vertex 29.3383 51.4615 1.5
      vertex 4.7 81.2 1.5
      vertex 28.4712 51.1672 1.5
    endloop
  endfacet
  facet normal 0 0 1
    outer loop
      vertex 28.4712 51.1672 1.5
      vertex 4.7 81.2 1.5
      vertex 27.65 50.7622 1.5
    endloop
  endfacet
  facet normal 0 0 1
    outer loop
      vertex 2.2 78.7 1.5
      vertex 24.15 44.7 1.5
      vertex 24.2099 45.6137 1.5
    endloop
  endfacet
  facet normal 0 0 1
    outer loop
      vertex 2.2 78.7 1.5
      vertex 24.2099 45.6137 1.5
      vertex 24.3885 46.5117 1.5
    endloop
  endfacet
  facet normal 0 0 1
    outer loop
      vertex 24.15 44.7 1.5
      vertex 2.2 78.7 1.5
      vertex 14.7 16.7 1.5
    endloop
  endfacet
  facet normal 0 0 1
    outer loop
      vertex 24.6828 47.3788 1.5
      vertex 2.2 78.7 1.5
      vertex 24.3885 46.5117 1.5
    endloop
  endfacet
  facet normal 0 0 1
    outer loop
      vertex 25.0878 48.2 1.5
      vertex 2.2 78.7 1.5
      vertex 24.6828 47.3788 1.5
    endloop
  endfacet
  facet normal 0 0 1
    outer loop
      vertex 25.5965 48.9613 1.5
      vertex 2.2 78.7 1.5
      vertex 25.0878 48.2 1.5
    endloop
  endfacet
  facet normal 0 0 1
    outer loop
      vertex 26.2003 49.6497 1.5
      vertex 2.2 78.7 1.5
      vertex 25.5965 48.9613 1.5
    endloop
  endfacet
  facet normal 0 0 1
    outer loop
      vertex 26.8887 50.2535 1.5
      vertex 2.2 78.7 1.5
      vertex 26.2003 49.6497 1.5
    endloop
  endfacet
  facet normal 0 0 1
    outer loop
      vertex 27.65 50.7622 1.5
      vertex 2.2 78.7 1.5
      vertex 26.8887 50.2535 1.5
    endloop
  endfacet
  facet normal -0 0 1
    outer loop
      vertex 2.2 78.7 1.5
      vertex 27.65 50.7622 1.5
      vertex 4.7 81.2 1.5
    endloop
  endfacet
  facet normal 0 0 1
    outer loop
      vertex 46.7 66.7622 1.5
      vertex 4.7 81.2 1.5
      vertex 45.9387 66.2535 1.5
    endloop
  endfacet
  facet normal 0 0 1
    outer loop
      vertex 47.5212 67.1672 1.5
      vertex 4.7 81.2 1.5
      vertex 46.7 66.7622 1.5
    endloop
  endfacet
  facet normal 0 0 1
    outer loop
      vertex 48.3883 67.4615 1.5
      vertex 4.7 81.2 1.5
      vertex 47.5212 67.1672 1.5
    endloop
  endfacet
  facet normal 0 0 1
    outer loop
      vertex 49.2863 67.6401 1.5
      vertex 4.7 81.2 1.5
      vertex 48.3883 67.4615 1.5
    endloop
  endfacet
  facet normal 0 0 1
    outer loop
      vertex 97.6834 3.1781 1.5
      vertex 95.7 2.2 1.5
      vertex 97.4678 2.93224 1.5
    endloop
  endfacet
  facet normal 0 0 1
    outer loop
      vertex 97.4678 2.93224 1.5
      vertex 95.7 2.2 1.5
      vertex 97.2219 2.71662 1.5
    endloop
  endfacet
  facet normal 0 0 1
    outer loop
      vertex 96.95 2.53493 1.5
      vertex 95.7 2.2 1.5
      vertex 96.6567 2.39031 1.5
    endloop
  endfacet
  facet normal 0 0 1
    outer loop
      vertex 96.6567 2.39031 1.5
      vertex 95.7 2.2 1.5
      vertex 96.347 2.28519 1.5
    endloop
  endfacet
  facet normal 0 0 1
    outer loop
      vertex 96.347 2.28519 1.5
      vertex 95.7 2.2 1.5
      vertex 96.0263 2.22139 1.5
    endloop
  endfacet
  facet normal 0 0 1
    outer loop
      vertex 97.2219 2.71662 1.5
      vertex 95.7 2.2 1.5
      vertex 96.95 2.53493 1.5
    endloop
  endfacet
  facet normal 0 0 1
    outer loop
      vertex 97.8651 3.45 1.5
      vertex 95.7 2.2 1.5
      vertex 97.6834 3.1781 1.5
    endloop
  endfacet
  facet normal 0 0 1
    outer loop
      vertex 98.1148 4.05295 1.5
      vertex 95.7 2.2 1.5
      vertex 98.0097 3.74329 1.5
    endloop
  endfacet
  facet normal 0 0 1
    outer loop
      vertex 98.2 4.7 1.5
      vertex 71.9288 38.2328 1.5
      vertex 95.7 2.2 1.5
    endloop
  endfacet
  facet normal -0 0 1
    outer loop
      vertex 71.0617 37.9385 1.5
      vertex 95.7 2.2 1.5
      vertex 71.9288 38.2328 1.5
    endloop
  endfacet
  facet normal 0 0 1
    outer loop
      vertex 56.6672 26.0212 1.5
      vertex 71.0617 37.9385 1.5
      vertex 70.1637 37.7599 1.5
    endloop
  endfacet
  facet normal 0 0 1
    outer loop
      vertex 56.9615 26.8883 1.5
      vertex 70.1637 37.7599 1.5
      vertex 69.25 37.7 1.5
    endloop
  endfacet
  facet normal 0 0 1
    outer loop
      vertex 57.1401 27.7863 1.5
      vertex 69.25 37.7 1.5
      vertex 68.3363 37.7599 1.5
    endloop
  endfacet
  facet normal 0 0 1
    outer loop
      vertex 57.2 28.7 1.5
      vertex 68.3363 37.7599 1.5
      vertex 67.4383 37.9385 1.5
    endloop
  endfacet
  facet normal 0 0 1
    outer loop
      vertex 57.2 28.7 1.5
      vertex 67.4383 37.9385 1.5
      vertex 66.5712 38.2328 1.5
    endloop
  endfacet
  facet normal 0 0 1
    outer loop
      vertex 57.2 28.7 1.5
      vertex 66.5712 38.2328 1.5
      vertex 65.75 38.6378 1.5
    endloop
  endfacet
  facet normal 0 0 1
    outer loop
      vertex 57.2 28.7 1.5
      vertex 65.75 38.6378 1.5
      vertex 64.9887 39.1465 1.5
    endloop
  endfacet
  facet normal 0 0 1
    outer loop
      vertex 57.2 28.7 1.5
      vertex 64.9887 39.1465 1.5
      vertex 64.3003 39.7503 1.5
    endloop
  endfacet
  facet normal 0 0 1
    outer loop
      vertex 57.2 28.7 1.5
      vertex 64.3003 39.7503 1.5
      vertex 63.6965 40.4387 1.5
    endloop
  endfacet
  facet normal 0 0 1
    outer loop
      vertex 62.3099 45.6137 1.5
      vertex 57.2 44.7 1.5
      vertex 62.25 44.7 1.5
    endloop
  endfacet
  facet normal 0 0 1
    outer loop
      vertex 62.25 44.7 1.5
      vertex 57.2 44.7 1.5
      vertex 62.3099 43.7863 1.5
    endloop
  endfacet
  facet normal 0 0 1
    outer loop
      vertex 57.1401 43.7863 1.5
      vertex 62.3099 43.7863 1.5
      vertex 57.2 44.7 1.5
    endloop
  endfacet
  facet normal 0 0 1
    outer loop
      vertex 62.3099 43.7863 1.5
      vertex 57.1401 43.7863 1.5
      vertex 62.4885 42.8883 1.5
    endloop
  endfacet
  facet normal 0 0 1
    outer loop
      vertex 56.9615 42.8883 1.5
      vertex 62.4885 42.8883 1.5
      vertex 57.1401 43.7863 1.5
    endloop
  endfacet
  facet normal 0 0 1
    outer loop
      vertex 62.4885 42.8883 1.5
      vertex 56.9615 42.8883 1.5
      vertex 62.7828 42.0212 1.5
    endloop
  endfacet
  facet normal 0 0 1
    outer loop
      vertex 56.6672 42.0212 1.5
      vertex 62.7828 42.0212 1.5
      vertex 56.9615 42.8883 1.5
    endloop
  endfacet
  facet normal 0 0 1
    outer loop
      vertex 68.3363 37.7599 1.5
      vertex 57.2 28.7 1.5
      vertex 57.1401 27.7863 1.5
    endloop
  endfacet
  facet normal 0 0 1
    outer loop
      vertex 69.25 37.7 1.5
      vertex 57.1401 27.7863 1.5
      vertex 56.9615 26.8883 1.5
    endloop
  endfacet
  facet normal 0 0 1
    outer loop
      vertex 70.1637 37.7599 1.5
      vertex 56.9615 26.8883 1.5
      vertex 56.6672 26.0212 1.5
    endloop
  endfacet
  facet normal 0 0 1
    outer loop
      vertex 71.0617 37.9385 1.5
      vertex 56.6672 26.0212 1.5
      vertex 54.7 16.7 1.5
    endloop
  endfacet
  facet normal 0 0 1
    outer loop
      vertex 54.7 16.7 1.5
      vertex 56.6672 26.0212 1.5
      vertex 56.2622 25.2 1.5
    endloop
  endfacet
  facet normal 0 0 1
    outer loop
      vertex 54.7 16.7 1.5
      vertex 56.2622 25.2 1.5
      vertex 55.7535 24.4387 1.5
    endloop
  endfacet
  facet normal 0 0 1
    outer loop
      vertex 54.7 16.7 1.5
      vertex 55.7535 24.4387 1.5
      vertex 55.1497 23.7503 1.5
    endloop
  endfacet
  facet normal 0 0 1
    outer loop
      vertex 71.0617 37.9385 1.5
      vertex 54.7 16.7 1.5
      vertex 95.7 2.2 1.5
    endloop
  endfacet
  facet normal -0 0 1
    outer loop
      vertex 54.7 6.7 1.5
      vertex 95.7 2.2 1.5
      vertex 54.7 16.7 1.5
    endloop
  endfacet
  facet normal 0 0 1
    outer loop
      vertex 4.7 2.2 1.5
      vertex 54.7 6.7 1.5
      vertex 14.7 6.7 1.5
    endloop
  endfacet
  facet normal 0 0 1
    outer loop
      vertex 54.7 6.7 1.5
      vertex 4.7 2.2 1.5
      vertex 95.7 2.2 1.5
    endloop
  endfacet
  facet normal 0 0 1
    outer loop
      vertex 2.2 4.7 1.5
      vertex 14.7 16.7 1.5
      vertex 2.2 78.7 1.5
    endloop
  endfacet
  facet normal 0 0 1
    outer loop
      vertex 2.2 78.7 1.5
      vertex 4.7 81.2 1.5
      vertex 4.37369 81.1786 1.5
    endloop
  endfacet
  facet normal 0 0 1
    outer loop
      vertex 14.7 16.7 1.5
      vertex 2.2 4.7 1.5
      vertex 14.7 6.7 1.5
    endloop
  endfacet
  facet normal 0 0 1
    outer loop
      vertex 2.2 78.7 1.5
      vertex 4.37369 81.1786 1.5
      vertex 4.05295 81.1148 1.5
    endloop
  endfacet
  facet normal 0 0 1
    outer loop
      vertex 14.7 6.7 1.5
      vertex 2.2 4.7 1.5
      vertex 4.7 2.2 1.5
    endloop
  endfacet
  facet normal 0 0 1
    outer loop
      vertex 2.2 78.7 1.5
      vertex 4.05295 81.1148 1.5
      vertex 3.74329 81.0097 1.5
    endloop
  endfacet
  facet normal 0 0 1
    outer loop
      vertex 4.7 2.2 1.5
      vertex 2.2 4.7 1.5
      vertex 4.37369 2.22139 1.5
    endloop
  endfacet
  facet normal 0 0 1
    outer loop
      vertex 2.2 78.7 1.5
      vertex 3.74329 81.0097 1.5
      vertex 3.45 80.8651 1.5
    endloop
  endfacet
  facet normal 0 0 1
    outer loop
      vertex 4.37369 2.22139 1.5
      vertex 2.2 4.7 1.5
      vertex 4.05295 2.28519 1.5
    endloop
  endfacet
  facet normal 0 0 1
    outer loop
      vertex 2.2 78.7 1.5
      vertex 3.45 80.8651 1.5
      vertex 3.1781 80.6834 1.5
    endloop
  endfacet
  facet normal 0 0 1
    outer loop
      vertex 4.05295 2.28519 1.5
      vertex 2.2 4.7 1.5
      vertex 3.74329 2.39031 1.5
    endloop
  endfacet
  facet normal 0 0 1
    outer loop
      vertex 2.2 78.7 1.5
      vertex 3.1781 80.6834 1.5
      vertex 2.93224 80.4678 1.5
    endloop
  endfacet
  facet normal 0 0 1
    outer loop
      vertex 3.74329 2.39031 1.5
      vertex 2.2 4.7 1.5
      vertex 3.45 2.53493 1.5
    endloop
  endfacet
  facet normal 0 0 1
    outer loop
      vertex 2.2 78.7 1.5
      vertex 2.93224 80.4678 1.5
      vertex 2.71662 80.2219 1.5
    endloop
  endfacet
  facet normal 0 0 1
    outer loop
      vertex 3.45 2.53493 1.5
      vertex 2.2 4.7 1.5
      vertex 3.1781 2.71662 1.5
    endloop
  endfacet
  facet normal 0 0 1
    outer loop
      vertex 2.2 78.7 1.5
      vertex 2.71662 80.2219 1.5
      vertex 2.53493 79.95 1.5
    endloop
  endfacet
  facet normal 0 0 1
    outer loop
      vertex 3.1781 2.71662 1.5
      vertex 2.2 4.7 1.5
      vertex 2.93224 2.93224 1.5
    endloop
  endfacet
  facet normal 0 0 1
    outer loop
      vertex 2.2 78.7 1.5
      vertex 2.53493 79.95 1.5
      vertex 2.39031 79.6567 1.5
    endloop
  endfacet
  facet normal 0 0 1
    outer loop
      vertex 2.93224 2.93224 1.5
      vertex 2.2 4.7 1.5
      vertex 2.71662 3.1781 1.5
    endloop
  endfacet
  facet normal 0 0 1
    outer loop
      vertex 2.2 78.7 1.5
      vertex 2.39031 79.6567 1.5
      vertex 2.28519 79.347 1.5
    endloop
  endfacet
  facet normal 0 0 1
    outer loop
      vertex 2.71662 3.1781 1.5
      vertex 2.2 4.7 1.5
      vertex 2.53493 3.45 1.5
    endloop
  endfacet
  facet normal 0 0 1
    outer loop
      vertex 2.2 78.7 1.5
      vertex 2.28519 79.347 1.5
      vertex 2.22139 79.0263 1.5
    endloop
  endfacet
  facet normal 0 0 1
    outer loop
      vertex 2.53493 3.45 1.5
      vertex 2.2 4.7 1.5
      vertex 2.39031 3.74329 1.5
    endloop
  endfacet
  facet normal 0 0 1
    outer loop
      vertex 2.39031 3.74329 1.5
      vertex 2.2 4.7 1.5
      vertex 2.28519 4.05295 1.5
    endloop
  endfacet
  facet normal 0 0 1
    outer loop
      vertex 2.28519 4.05295 1.5
      vertex 2.2 4.7 1.5
      vertex 2.22139 4.37369 1.5
    endloop
  endfacet
  facet normal -0.195093 -0.980785 0
    outer loop
      vertex 4.05295 2.28519 0
      vertex 4.37369 2.22139 1.5
      vertex 4.05295 2.28519 1.5
    endloop
  endfacet
  facet normal -0.195093 -0.980785 -0
    outer loop
      vertex 4.37369 2.22139 1.5
      vertex 4.05295 2.28519 0
      vertex 4.37369 2.22139 0
    endloop
  endfacet
  facet normal 0.896921 0.442191 0
    outer loop
      vertex 98.0097 79.6567 1.5
      vertex 97.8651 79.95 0
      vertex 97.8651 79.95 1.5
    endloop
  endfacet
  facet normal 0.896921 0.442191 0
    outer loop
      vertex 97.8651 79.95 0
      vertex 98.0097 79.6567 1.5
      vertex 98.0097 79.6567 0
    endloop
  endfacet
  facet normal -0.751883 0.659297 0
    outer loop
      vertex 2.71662 80.2219 0
      vertex 2.93224 80.4678 1.5
      vertex 2.93224 80.4678 0
    endloop
  endfacet
  facet normal -0.751883 0.659297 0
    outer loop
      vertex 2.93224 80.4678 1.5
      vertex 2.71662 80.2219 0
      vertex 2.71662 80.2219 1.5
    endloop
  endfacet
  facet normal -0.555596 -0.831452 0
    outer loop
      vertex 3.1781 2.71662 0
      vertex 3.45 2.53493 1.5
      vertex 3.1781 2.71662 1.5
    endloop
  endfacet
  facet normal -0.555596 -0.831452 -0
    outer loop
      vertex 3.45 2.53493 1.5
      vertex 3.1781 2.71662 0
      vertex 3.45 2.53493 0
    endloop
  endfacet
  facet normal 0 1 -0
    outer loop
      vertex 95.7 81.2 0
      vertex 4.7 81.2 1.5
      vertex 95.7 81.2 1.5
    endloop
  endfacet
  facet normal 0 1 0
    outer loop
      vertex 4.7 81.2 1.5
      vertex 95.7 81.2 0
      vertex 4.7 81.2 0
    endloop
  endfacet
  facet normal -0.321397 0.946944 0
    outer loop
      vertex 4.05295 81.1148 0
      vertex 3.74329 81.0097 1.5
      vertex 4.05295 81.1148 1.5
    endloop
  endfacet
  facet normal -0.321397 0.946944 0
    outer loop
      vertex 3.74329 81.0097 1.5
      vertex 4.05295 81.1148 0
      vertex 3.74329 81.0097 0
    endloop
  endfacet
  facet normal 0.555596 -0.831452 0
    outer loop
      vertex 96.95 2.53493 0
      vertex 97.2219 2.71662 1.5
      vertex 96.95 2.53493 1.5
    endloop
  endfacet
  facet normal 0.555596 -0.831452 0
    outer loop
      vertex 97.2219 2.71662 1.5
      vertex 96.95 2.53493 0
      vertex 97.2219 2.71662 0
    endloop
  endfacet
  facet normal -0.831452 0.555596 0
    outer loop
      vertex 2.53493 79.95 0
      vertex 2.71662 80.2219 1.5
      vertex 2.71662 80.2219 0
    endloop
  endfacet
  facet normal -0.831452 0.555596 0
    outer loop
      vertex 2.71662 80.2219 1.5
      vertex 2.53493 79.95 0
      vertex 2.53493 79.95 1.5
    endloop
  endfacet
  facet normal 0.751913 0.659262 0
    outer loop
      vertex 97.6834 80.2219 1.5
      vertex 97.4678 80.4678 0
      vertex 97.4678 80.4678 1.5
    endloop
  endfacet
  facet normal 0.751913 0.659262 0
    outer loop
      vertex 97.4678 80.4678 0
      vertex 97.6834 80.2219 1.5
      vertex 97.6834 80.2219 0
    endloop
  endfacet
  facet normal 0.0654432 0.997856 -0
    outer loop
      vertex 96.0263 81.1786 0
      vertex 95.7 81.2 1.5
      vertex 96.0263 81.1786 1.5
    endloop
  endfacet
  facet normal 0.0654432 0.997856 0
    outer loop
      vertex 95.7 81.2 1.5
      vertex 96.0263 81.1786 0
      vertex 95.7 81.2 0
    endloop
  endfacet
  facet normal -0.195093 0.980785 0
    outer loop
      vertex 4.37369 81.1786 0
      vertex 4.05295 81.1148 1.5
      vertex 4.37369 81.1786 1.5
    endloop
  endfacet
  facet normal -0.195093 0.980785 0
    outer loop
      vertex 4.05295 81.1148 1.5
      vertex 4.37369 81.1786 0
      vertex 4.05295 81.1148 0
    endloop
  endfacet
  facet normal 0.442191 0.896921 -0
    outer loop
      vertex 96.95 80.8651 0
      vertex 96.6567 81.0097 1.5
      vertex 96.95 80.8651 1.5
    endloop
  endfacet
  facet normal 0.442191 0.896921 0
    outer loop
      vertex 96.6567 81.0097 1.5
      vertex 96.95 80.8651 0
      vertex 96.6567 81.0097 0
    endloop
  endfacet
  facet normal -0.89689 -0.442253 0
    outer loop
      vertex 2.53493 3.45 0
      vertex 2.39031 3.74329 1.5
      vertex 2.39031 3.74329 0
    endloop
  endfacet
  facet normal -0.89689 -0.442253 0
    outer loop
      vertex 2.39031 3.74329 1.5
      vertex 2.53493 3.45 0
      vertex 2.53493 3.45 1.5
    endloop
  endfacet
  facet normal -0.659357 -0.75183 0
    outer loop
      vertex 2.93224 2.93224 0
      vertex 3.1781 2.71662 1.5
      vertex 2.93224 2.93224 1.5
    endloop
  endfacet
  facet normal -0.659357 -0.75183 -0
    outer loop
      vertex 3.1781 2.71662 1.5
      vertex 2.93224 2.93224 0
      vertex 3.1781 2.71662 0
    endloop
  endfacet
  facet normal -0.442253 -0.89689 0
    outer loop
      vertex 3.45 2.53493 0
      vertex 3.74329 2.39031 1.5
      vertex 3.45 2.53493 1.5
    endloop
  endfacet
  facet normal -0.442253 -0.89689 -0
    outer loop
      vertex 3.74329 2.39031 1.5
      vertex 3.45 2.53493 0
      vertex 3.74329 2.39031 0
    endloop
  endfacet
  facet normal -0.980785 -0.195093 0
    outer loop
      vertex 2.28519 4.05295 0
      vertex 2.22139 4.37369 1.5
      vertex 2.22139 4.37369 0
    endloop
  endfacet
  facet normal -0.980785 -0.195093 0
    outer loop
      vertex 2.22139 4.37369 1.5
      vertex 2.28519 4.05295 0
      vertex 2.28519 4.05295 1.5
    endloop
  endfacet
  facet normal 0.659262 0.751913 -0
    outer loop
      vertex 97.4678 80.4678 0
      vertex 97.2219 80.6834 1.5
      vertex 97.4678 80.4678 1.5
    endloop
  endfacet
  facet normal 0.659262 0.751913 0
    outer loop
      vertex 97.2219 80.6834 1.5
      vertex 97.4678 80.4678 0
      vertex 97.2219 80.6834 0
    endloop
  endfacet
  facet normal -0.98078 0.195116 0
    outer loop
      vertex 2.22139 79.0263 0
      vertex 2.28519 79.347 1.5
      vertex 2.28519 79.347 0
    endloop
  endfacet
  facet normal -0.98078 0.195116 0
    outer loop
      vertex 2.28519 79.347 1.5
      vertex 2.22139 79.0263 0
      vertex 2.22139 79.0263 1.5
    endloop
  endfacet
  facet normal 0.831438 -0.555617 0
    outer loop
      vertex 97.6834 3.1781 1.5
      vertex 97.8651 3.45 0
      vertex 97.8651 3.45 1.5
    endloop
  endfacet
  facet normal 0.831438 -0.555617 0
    outer loop
      vertex 97.8651 3.45 0
      vertex 97.6834 3.1781 1.5
      vertex 97.6834 3.1781 0
    endloop
  endfacet
  facet normal 0.896915 -0.442204 0
    outer loop
      vertex 97.8651 3.45 1.5
      vertex 98.0097 3.74329 0
      vertex 98.0097 3.74329 1.5
    endloop
  endfacet
  facet normal 0.896915 -0.442204 0
    outer loop
      vertex 98.0097 3.74329 0
      vertex 97.8651 3.45 1.5
      vertex 97.8651 3.45 0
    endloop
  endfacet
  facet normal 0.659297 -0.751883 0
    outer loop
      vertex 97.2219 2.71662 0
      vertex 97.4678 2.93224 1.5
      vertex 97.2219 2.71662 1.5
    endloop
  endfacet
  facet normal 0.659297 -0.751883 0
    outer loop
      vertex 97.4678 2.93224 1.5
      vertex 97.2219 2.71662 0
      vertex 97.4678 2.93224 0
    endloop
  endfacet
  facet normal 0.946944 -0.321397 0
    outer loop
      vertex 98.0097 3.74329 1.5
      vertex 98.1148 4.05295 0
      vertex 98.1148 4.05295 1.5
    endloop
  endfacet
  facet normal 0.946944 -0.321397 0
    outer loop
      vertex 98.1148 4.05295 0
      vertex 98.0097 3.74329 1.5
      vertex 98.0097 3.74329 0
    endloop
  endfacet
  facet normal -0.997858 0.0654128 0
    outer loop
      vertex 2.2 78.7 0
      vertex 2.22139 79.0263 1.5
      vertex 2.22139 79.0263 0
    endloop
  endfacet
  facet normal -0.997858 0.0654128 0
    outer loop
      vertex 2.22139 79.0263 1.5
      vertex 2.2 78.7 0
      vertex 2.2 78.7 1.5
    endloop
  endfacet
  facet normal 0.997856 0.0654432 0
    outer loop
      vertex 98.2 78.7 1.5
      vertex 98.1786 79.0263 0
      vertex 98.1786 79.0263 1.5
    endloop
  endfacet
  facet normal 0.997856 0.0654432 0
    outer loop
      vertex 98.1786 79.0263 0
      vertex 98.2 78.7 1.5
      vertex 98.2 78.7 0
    endloop
  endfacet
  facet normal 0.831438 0.555617 0
    outer loop
      vertex 97.8651 79.95 1.5
      vertex 97.6834 80.2219 0
      vertex 97.6834 80.2219 1.5
    endloop
  endfacet
  facet normal 0.831438 0.555617 0
    outer loop
      vertex 97.6834 80.2219 0
      vertex 97.8651 79.95 1.5
      vertex 97.8651 79.95 0
    endloop
  endfacet
  facet normal -0.75183 -0.659357 0
    outer loop
      vertex 2.93224 2.93224 0
      vertex 2.71662 3.1781 1.5
      vertex 2.71662 3.1781 0
    endloop
  endfacet
  facet normal -0.75183 -0.659357 0
    outer loop
      vertex 2.71662 3.1781 1.5
      vertex 2.93224 2.93224 0
      vertex 2.93224 2.93224 1.5
    endloop
  endfacet
  facet normal 0.32136 0.946957 -0
    outer loop
      vertex 96.6567 81.0097 0
      vertex 96.347 81.1148 1.5
      vertex 96.6567 81.0097 1.5
    endloop
  endfacet
  facet normal 0.32136 0.946957 0
    outer loop
      vertex 96.347 81.1148 1.5
      vertex 96.6567 81.0097 0
      vertex 96.347 81.1148 0
    endloop
  endfacet
  facet normal -0.831452 -0.555596 0
    outer loop
      vertex 2.71662 3.1781 0
      vertex 2.53493 3.45 1.5
      vertex 2.53493 3.45 0
    endloop
  endfacet
  facet normal -0.831452 -0.555596 0
    outer loop
      vertex 2.53493 3.45 1.5
      vertex 2.71662 3.1781 0
      vertex 2.71662 3.1781 1.5
    endloop
  endfacet
  facet normal -0.997858 -0.0654108 0
    outer loop
      vertex 2.22139 4.37369 0
      vertex 2.2 4.7 1.5
      vertex 2.2 4.7 0
    endloop
  endfacet
  facet normal -0.997858 -0.0654108 0
    outer loop
      vertex 2.2 4.7 1.5
      vertex 2.22139 4.37369 0
      vertex 2.22139 4.37369 1.5
    endloop
  endfacet
  facet normal 0.98078 0.195116 0
    outer loop
      vertex 98.1786 79.0263 1.5
      vertex 98.1148 79.347 0
      vertex 98.1148 79.347 1.5
    endloop
  endfacet
  facet normal 0.98078 0.195116 0
    outer loop
      vertex 98.1148 79.347 0
      vertex 98.1786 79.0263 1.5
      vertex 98.1786 79.0263 0
    endloop
  endfacet
  facet normal -0 0 -1
    outer loop
      vertex 64.9887 39.1465 0
      vertex 56.2622 32.2 0
      vertex 64.3003 39.7503 0
    endloop
  endfacet
  facet normal 0 0 -1
    outer loop
      vertex 63.1878 41.2 0
      vertex 57.1401 43.7863 0
      vertex 57.2 44.7 0
    endloop
  endfacet
  facet normal 0 0 -1
    outer loop
      vertex 55.7535 32.9613 0
      vertex 64.3003 39.7503 0
      vertex 56.2622 32.2 0
    endloop
  endfacet
  facet normal 0 0 -1
    outer loop
      vertex 63.1878 41.2 0
      vertex 56.9615 42.8883 0
      vertex 57.1401 43.7863 0
    endloop
  endfacet
  facet normal -0 0 -1
    outer loop
      vertex 64.3003 39.7503 0
      vertex 55.7535 32.9613 0
      vertex 63.6965 40.4387 0
    endloop
  endfacet
  facet normal 0 0 -1
    outer loop
      vertex 63.1878 41.2 0
      vertex 56.6672 42.0212 0
      vertex 56.9615 42.8883 0
    endloop
  endfacet
  facet normal 0 0 -1
    outer loop
      vertex 55.7535 40.4387 0
      vertex 63.6965 40.4387 0
      vertex 55.7535 32.9613 0
    endloop
  endfacet
  facet normal 0 0 -1
    outer loop
      vertex 63.1878 41.2 0
      vertex 56.2622 41.2 0
      vertex 56.6672 42.0212 0
    endloop
  endfacet
  facet normal 0 0 -1
    outer loop
      vertex 63.6965 40.4387 0
      vertex 55.7535 40.4387 0
      vertex 63.1878 41.2 0
    endloop
  endfacet
  facet normal -0 0 -1
    outer loop
      vertex 63.1878 41.2 0
      vertex 55.7535 40.4387 0
      vertex 56.2622 41.2 0
    endloop
  endfacet
  facet normal 0 0 -1
    outer loop
      vertex 55.1497 33.6497 0
      vertex 55.7535 40.4387 0
      vertex 55.7535 32.9613 0
    endloop
  endfacet
  facet normal 0 0 -1
    outer loop
      vertex 55.1497 33.6497 0
      vertex 55.1497 39.7503 0
      vertex 55.7535 40.4387 0
    endloop
  endfacet
  facet normal 0 0 -1
    outer loop
      vertex 54.4613 34.2535 0
      vertex 55.1497 39.7503 0
      vertex 55.1497 33.6497 0
    endloop
  endfacet
  facet normal 0 0 -1
    outer loop
      vertex 54.4613 34.2535 0
      vertex 54.4613 39.1465 0
      vertex 55.1497 39.7503 0
    endloop
  endfacet
  facet normal 0 0 -1
    outer loop
      vertex 53.7 34.7622 0
      vertex 54.4613 39.1465 0
      vertex 54.4613 34.2535 0
    endloop
  endfacet
  facet normal 0 0 -1
    outer loop
      vertex 53.7 34.7622 0
      vertex 53.7 38.6378 0
      vertex 54.4613 39.1465 0
    endloop
  endfacet
  facet normal 0 0 -1
    outer loop
      vertex 52.8788 35.1672 0
      vertex 53.7 38.6378 0
      vertex 53.7 34.7622 0
    endloop
  endfacet
  facet normal 0 0 -1
    outer loop
      vertex 52.8788 35.1672 0
      vertex 52.8788 38.2328 0
      vertex 53.7 38.6378 0
    endloop
  endfacet
  facet normal 0 0 -1
    outer loop
      vertex 52.0117 35.4615 0
      vertex 52.8788 38.2328 0
      vertex 52.8788 35.1672 0
    endloop
  endfacet
  facet normal 0 0 -1
    outer loop
      vertex 52.0117 35.4615 0
      vertex 52.0117 37.9385 0
      vertex 52.8788 38.2328 0
    endloop
  endfacet
  facet normal 0 0 -1
    outer loop
      vertex 51.1137 35.6401 0
      vertex 52.0117 37.9385 0
      vertex 52.0117 35.4615 0
    endloop
  endfacet
  facet normal 0 0 -1
    outer loop
      vertex 51.1137 35.6401 0
      vertex 51.1137 37.7599 0
      vertex 52.0117 37.9385 0
    endloop
  endfacet
  facet normal 0 0 -1
    outer loop
      vertex 50.2 35.7 0
      vertex 51.1137 37.7599 0
      vertex 51.1137 35.6401 0
    endloop
  endfacet
  facet normal 0 0 -1
    outer loop
      vertex 50.2 35.7 0
      vertex 50.2 37.7 0
      vertex 51.1137 37.7599 0
    endloop
  endfacet
  facet normal 0 0 -1
    outer loop
      vertex 49.2863 35.6401 0
      vertex 50.2 37.7 0
      vertex 50.2 35.7 0
    endloop
  endfacet
  facet normal 0 0 -1
    outer loop
      vertex 49.2863 35.6401 0
      vertex 49.2863 37.7599 0
      vertex 50.2 37.7 0
    endloop
  endfacet
  facet normal 0 0 -1
    outer loop
      vertex 48.3883 35.4615 0
      vertex 49.2863 37.7599 0
      vertex 49.2863 35.6401 0
    endloop
  endfacet
  facet normal 0 0 -1
    outer loop
      vertex 48.3883 35.4615 0
      vertex 48.3883 37.9385 0
      vertex 49.2863 37.7599 0
    endloop
  endfacet
  facet normal 0 0 -1
    outer loop
      vertex 47.5212 35.1672 0
      vertex 48.3883 37.9385 0
      vertex 48.3883 35.4615 0
    endloop
  endfacet
  facet normal 0 0 -1
    outer loop
      vertex 47.5212 35.1672 0
      vertex 47.5212 38.2328 0
      vertex 48.3883 37.9385 0
    endloop
  endfacet
  facet normal 0 0 -1
    outer loop
      vertex 46.7 34.7622 0
      vertex 47.5212 38.2328 0
      vertex 47.5212 35.1672 0
    endloop
  endfacet
  facet normal 0 0 -1
    outer loop
      vertex 46.7 34.7622 0
      vertex 46.7 38.6378 0
      vertex 47.5212 38.2328 0
    endloop
  endfacet
  facet normal 0 0 -1
    outer loop
      vertex 45.9387 34.2535 0
      vertex 46.7 38.6378 0
      vertex 46.7 34.7622 0
    endloop
  endfacet
  facet normal 0 0 -1
    outer loop
      vertex 45.9387 34.2535 0
      vertex 45.9387 39.1465 0
      vertex 46.7 38.6378 0
    endloop
  endfacet
  facet normal 0 0 -1
    outer loop
      vertex 45.2503 33.6497 0
      vertex 45.9387 39.1465 0
      vertex 45.9387 34.2535 0
    endloop
  endfacet
  facet normal 0 0 -1
    outer loop
      vertex 45.2503 33.6497 0
      vertex 45.2503 39.7503 0
      vertex 45.9387 39.1465 0
    endloop
  endfacet
  facet normal 0 0 -1
    outer loop
      vertex 44.6465 32.9613 0
      vertex 45.2503 39.7503 0
      vertex 45.2503 33.6497 0
    endloop
  endfacet
  facet normal 0 0 -1
    outer loop
      vertex 44.6465 32.9613 0
      vertex 44.6465 40.4387 0
      vertex 45.2503 39.7503 0
    endloop
  endfacet
  facet normal 0 0 -1
    outer loop
      vertex 36.0997 39.7503 0
      vertex 44.6465 32.9613 0
      vertex 44.1378 32.2 0
    endloop
  endfacet
  facet normal 0 0 -1
    outer loop
      vertex 44.6465 32.9613 0
      vertex 36.7035 40.4387 0
      vertex 44.6465 40.4387 0
    endloop
  endfacet
  facet normal 0 0 -1
    outer loop
      vertex 35.4113 39.1465 0
      vertex 44.1378 32.2 0
      vertex 43.7328 31.3788 0
    endloop
  endfacet
  facet normal 0 0 -1
    outer loop
      vertex 44.6465 40.4387 0
      vertex 36.7035 40.4387 0
      vertex 44.1378 41.2 0
    endloop
  endfacet
  facet normal 0 0 -1
    outer loop
      vertex 34.65 38.6378 0
      vertex 43.7328 31.3788 0
      vertex 43.4385 30.5117 0
    endloop
  endfacet
  facet normal 0 -0 -1
    outer loop
      vertex 37.2122 41.2 0
      vertex 44.1378 41.2 0
      vertex 36.7035 40.4387 0
    endloop
  endfacet
  facet normal 0 0 -1
    outer loop
      vertex 33.8288 38.2328 0
      vertex 43.4385 30.5117 0
      vertex 43.2599 29.6137 0
    endloop
  endfacet
  facet normal 0 0 -1
    outer loop
      vertex 44.1378 41.2 0
      vertex 37.2122 41.2 0
      vertex 43.7328 42.0212 0
    endloop
  endfacet
  facet normal 0 0 -1
    outer loop
      vertex 32.9617 37.9385 0
      vertex 43.2599 29.6137 0
      vertex 43.2 28.7 0
    endloop
  endfacet
  facet normal 0 -0 -1
    outer loop
      vertex 37.6172 42.0212 0
      vertex 43.7328 42.0212 0
      vertex 37.2122 41.2 0
    endloop
  endfacet
  facet normal 0 0 -1
    outer loop
      vertex 95.7 2.2 0
      vertex 98.2 4.7 0
      vertex 98.1786 4.37369 0
    endloop
  endfacet
  facet normal 0 0 -1
    outer loop
      vertex 98.2 4.7 0
      vertex 82.2 56.7 0
      vertex 98.2 78.7 0
    endloop
  endfacet
  facet normal 0 0 -1
    outer loop
      vertex 95.7 2.2 0
      vertex 98.1786 4.37369 0
      vertex 98.1148 4.05295 0
    endloop
  endfacet
  facet normal 0 0 -1
    outer loop
      vertex 82.2 64.7 0
      vertex 98.2 78.7 0
      vertex 82.2 56.7 0
    endloop
  endfacet
  facet normal 0 0 -1
    outer loop
      vertex 95.7 2.2 0
      vertex 98.1148 4.05295 0
      vertex 98.0097 3.74329 0
    endloop
  endfacet
  facet normal 0 -0 -1
    outer loop
      vertex 95.7 81.2 0
      vertex 98.2 78.7 0
      vertex 82.2 64.7 0
    endloop
  endfacet
  facet normal 0 0 -1
    outer loop
      vertex 95.7 2.2 0
      vertex 98.0097 3.74329 0
      vertex 97.8651 3.45 0
    endloop
  endfacet
  facet normal 0 0 -1
    outer loop
      vertex 98.2 78.7 0
      vertex 95.7 81.2 0
      vertex 98.1786 79.0263 0
    endloop
  endfacet
  facet normal 0 0 -1
    outer loop
      vertex 95.7 2.2 0
      vertex 97.8651 3.45 0
      vertex 97.6834 3.1781 0
    endloop
  endfacet
  facet normal 0 0 -1
    outer loop
      vertex 98.1786 79.0263 0
      vertex 95.7 81.2 0
      vertex 98.1148 79.347 0
    endloop
  endfacet
  facet normal 0 0 -1
    outer loop
      vertex 95.7 2.2 0
      vertex 97.6834 3.1781 0
      vertex 97.4678 2.93224 0
    endloop
  endfacet
  facet normal 0 0 -1
    outer loop
      vertex 98.1148 79.347 0
      vertex 95.7 81.2 0
      vertex 98.0097 79.6567 0
    endloop
  endfacet
  facet normal 0 0 -1
    outer loop
      vertex 95.7 2.2 0
      vertex 97.4678 2.93224 0
      vertex 97.2219 2.71662 0
    endloop
  endfacet
  facet normal 0 0 -1
    outer loop
      vertex 98.0097 79.6567 0
      vertex 95.7 81.2 0
      vertex 97.8651 79.95 0
    endloop
  endfacet
  facet normal 0 0 -1
    outer loop
      vertex 95.7 2.2 0
      vertex 97.2219 2.71662 0
      vertex 96.95 2.53493 0
    endloop
  endfacet
  facet normal 0 0 -1
    outer loop
      vertex 97.8651 79.95 0
      vertex 95.7 81.2 0
      vertex 97.6834 80.2219 0
    endloop
  endfacet
  facet normal 0 0 -1
    outer loop
      vertex 95.7 2.2 0
      vertex 96.95 2.53493 0
      vertex 96.6567 2.39031 0
    endloop
  endfacet
  facet normal 0 0 -1
    outer loop
      vertex 97.6834 80.2219 0
      vertex 95.7 81.2 0
      vertex 97.4678 80.4678 0
    endloop
  endfacet
  facet normal 0 0 -1
    outer loop
      vertex 95.7 2.2 0
      vertex 96.6567 2.39031 0
      vertex 96.347 2.28519 0
    endloop
  endfacet
  facet normal 0 0 -1
    outer loop
      vertex 97.4678 80.4678 0
      vertex 95.7 81.2 0
      vertex 97.2219 80.6834 0
    endloop
  endfacet
  facet normal 0 0 -1
    outer loop
      vertex 95.7 2.2 0
      vertex 96.347 2.28519 0
      vertex 96.0263 2.22139 0
    endloop
  endfacet
  facet normal 0 0 -1
    outer loop
      vertex 97.2219 80.6834 0
      vertex 95.7 81.2 0
      vertex 96.95 80.8651 0
    endloop
  endfacet
  facet normal 0 0 -1
    outer loop
      vertex 71.9288 38.2328 0
      vertex 98.2 4.7 0
      vertex 95.7 2.2 0
    endloop
  endfacet
  facet normal 0 0 -1
    outer loop
      vertex 96.95 80.8651 0
      vertex 95.7 81.2 0
      vertex 96.6567 81.0097 0
    endloop
  endfacet
  facet normal 0 0 -1
    outer loop
      vertex 96.6567 81.0097 0
      vertex 95.7 81.2 0
      vertex 96.347 81.1148 0
    endloop
  endfacet
  facet normal 0 0 -1
    outer loop
      vertex 98.2 4.7 0
      vertex 76.0115 42.8883 0
      vertex 82.2 56.7 0
    endloop
  endfacet
  facet normal 0 0 -1
    outer loop
      vertex 82.2 56.7 0
      vertex 76.1901 43.7863 0
      vertex 76.25 44.7 0
    endloop
  endfacet
  facet normal 0 0 -1
    outer loop
      vertex 82.2 56.7 0
      vertex 76.0115 42.8883 0
      vertex 76.1901 43.7863 0
    endloop
  endfacet
  facet normal 0 0 -1
    outer loop
      vertex 98.2 4.7 0
      vertex 75.7172 42.0212 0
      vertex 76.0115 42.8883 0
    endloop
  endfacet
  facet normal 0 0 -1
    outer loop
      vertex 98.2 4.7 0
      vertex 75.3122 41.2 0
      vertex 75.7172 42.0212 0
    endloop
  endfacet
  facet normal 0 0 -1
    outer loop
      vertex 98.2 4.7 0
      vertex 74.8035 40.4387 0
      vertex 75.3122 41.2 0
    endloop
  endfacet
  facet normal 0 0 -1
    outer loop
      vertex 98.2 4.7 0
      vertex 74.1997 39.7503 0
      vertex 74.8035 40.4387 0
    endloop
  endfacet
  facet normal 0 0 -1
    outer loop
      vertex 98.2 4.7 0
      vertex 73.5113 39.1465 0
      vertex 74.1997 39.7503 0
    endloop
  endfacet
  facet normal 0 0 -1
    outer loop
      vertex 98.2 4.7 0
      vertex 72.75 38.6378 0
      vertex 73.5113 39.1465 0
    endloop
  endfacet
  facet normal 0 0 -1
    outer loop
      vertex 98.2 4.7 0
      vertex 71.9288 38.2328 0
      vertex 72.75 38.6378 0
    endloop
  endfacet
  facet normal 0 0 -1
    outer loop
      vertex 95.7 2.2 0
      vertex 71.0617 37.9385 0
      vertex 71.9288 38.2328 0
    endloop
  endfacet
  facet normal 0 0 -1
    outer loop
      vertex 54.7 16.7 0
      vertex 71.0617 37.9385 0
      vertex 95.7 2.2 0
    endloop
  endfacet
  facet normal 0 -0 -1
    outer loop
      vertex 56.6672 26.0212 0
      vertex 71.0617 37.9385 0
      vertex 54.7 16.7 0
    endloop
  endfacet
  facet normal 0 0 -1
    outer loop
      vertex 71.0617 37.9385 0
      vertex 56.6672 26.0212 0
      vertex 70.1637 37.7599 0
    endloop
  endfacet
  facet normal 0 0 -1
    outer loop
      vertex 70.1637 37.7599 0
      vertex 56.9615 26.8883 0
      vertex 69.25 37.7 0
    endloop
  endfacet
  facet normal 0 -0 -1
    outer loop
      vertex 57.1401 27.7863 0
      vertex 69.25 37.7 0
      vertex 56.9615 26.8883 0
    endloop
  endfacet
  facet normal -0 0 -1
    outer loop
      vertex 69.25 37.7 0
      vertex 57.1401 27.7863 0
      vertex 68.3363 37.7599 0
    endloop
  endfacet
  facet normal -0 0 -1
    outer loop
      vertex 68.3363 37.7599 0
      vertex 57.2 28.7 0
      vertex 67.4383 37.9385 0
    endloop
  endfacet
  facet normal 0 0 -1
    outer loop
      vertex 57.1401 29.6137 0
      vertex 67.4383 37.9385 0
      vertex 57.2 28.7 0
    endloop
  endfacet
  facet normal -0 0 -1
    outer loop
      vertex 67.4383 37.9385 0
      vertex 57.1401 29.6137 0
      vertex 66.5712 38.2328 0
    endloop
  endfacet
  facet normal 0 0 -1
    outer loop
      vertex 62.4885 42.8883 0
      vertex 57.2 44.7 0
      vertex 62.3099 43.7863 0
    endloop
  endfacet
  facet normal 0 0 -1
    outer loop
      vertex 62.7828 42.0212 0
      vertex 57.2 44.7 0
      vertex 62.4885 42.8883 0
    endloop
  endfacet
  facet normal 0 0 -1
    outer loop
      vertex 63.1878 41.2 0
      vertex 57.2 44.7 0
      vertex 62.7828 42.0212 0
    endloop
  endfacet
  facet normal 0 0 -1
    outer loop
      vertex 56.2622 32.2 0
      vertex 64.9887 39.1465 0
      vertex 56.6672 31.3788 0
    endloop
  endfacet
  facet normal -0 0 -1
    outer loop
      vertex 65.75 38.6378 0
      vertex 56.6672 31.3788 0
      vertex 64.9887 39.1465 0
    endloop
  endfacet
  facet normal -0 0 -1
    outer loop
      vertex 66.5712 38.2328 0
      vertex 56.9615 30.5117 0
      vertex 65.75 38.6378 0
    endloop
  endfacet
  facet normal 0 0 -1
    outer loop
      vertex 56.6672 31.3788 0
      vertex 65.75 38.6378 0
      vertex 56.9615 30.5117 0
    endloop
  endfacet
  facet normal 0 0 -1
    outer loop
      vertex 56.9615 30.5117 0
      vertex 66.5712 38.2328 0
      vertex 57.1401 29.6137 0
    endloop
  endfacet
  facet normal 0 -0 -1
    outer loop
      vertex 57.2 28.7 0
      vertex 68.3363 37.7599 0
      vertex 57.1401 27.7863 0
    endloop
  endfacet
  facet normal 0 -0 -1
    outer loop
      vertex 56.9615 26.8883 0
      vertex 70.1637 37.7599 0
      vertex 56.6672 26.0212 0
    endloop
  endfacet
  facet normal 0 0 -1
    outer loop
      vertex 56.6672 26.0212 0
      vertex 54.7 16.7 0
      vertex 56.2622 25.2 0
    endloop
  endfacet
  facet normal 0 0 -1
    outer loop
      vertex 56.2622 25.2 0
      vertex 54.7 16.7 0
      vertex 55.7535 24.4387 0
    endloop
  endfacet
  facet normal 0 0 -1
    outer loop
      vertex 54.7 16.7 0
      vertex 95.7 2.2 0
      vertex 54.7 6.7 0
    endloop
  endfacet
  facet normal 0 0 -1
    outer loop
      vertex 4.7 2.2 0
      vertex 54.7 6.7 0
      vertex 95.7 2.2 0
    endloop
  endfacet
  facet normal 0 0 -1
    outer loop
      vertex 2.2 4.7 0
      vertex 14.7 6.7 0
      vertex 4.7 2.2 0
    endloop
  endfacet
  facet normal -0 0 -1
    outer loop
      vertex 54.7 6.7 0
      vertex 4.7 2.2 0
      vertex 14.7 6.7 0
    endloop
  endfacet
  facet normal 0 0 -1
    outer loop
      vertex 96.347 81.1148 0
      vertex 95.7 81.2 0
      vertex 96.0263 81.1786 0
    endloop
  endfacet
  facet normal 0 0 -1
    outer loop
      vertex 55.7535 64.9613 0
      vertex 82.2 64.7 0
      vertex 55.9281 64.7 0
    endloop
  endfacet
  facet normal 0 0 -1
    outer loop
      vertex 55.1497 65.6497 0
      vertex 82.2 64.7 0
      vertex 55.7535 64.9613 0
    endloop
  endfacet
  facet normal 0 0 -1
    outer loop
      vertex 54.4613 66.2535 0
      vertex 82.2 64.7 0
      vertex 55.1497 65.6497 0
    endloop
  endfacet
  facet normal 0 0 -1
    outer loop
      vertex 82.2 64.7 0
      vertex 54.4613 66.2535 0
      vertex 95.7 81.2 0
    endloop
  endfacet
  facet normal 0 0 -1
    outer loop
      vertex 53.7 66.7622 0
      vertex 95.7 81.2 0
      vertex 54.4613 66.2535 0
    endloop
  endfacet
  facet normal 0 0 -1
    outer loop
      vertex 52.8788 67.1672 0
      vertex 95.7 81.2 0
      vertex 53.7 66.7622 0
    endloop
  endfacet
  facet normal 0 0 -1
    outer loop
      vertex 52.0117 67.4615 0
      vertex 95.7 81.2 0
      vertex 52.8788 67.1672 0
    endloop
  endfacet
  facet normal 0 0 -1
    outer loop
      vertex 51.1137 67.6401 0
      vertex 95.7 81.2 0
      vertex 52.0117 67.4615 0
    endloop
  endfacet
  facet normal 0 0 -1
    outer loop
      vertex 50.2 67.7 0
      vertex 95.7 81.2 0
      vertex 51.1137 67.6401 0
    endloop
  endfacet
  facet normal 0 0 -1
    outer loop
      vertex 4.7 81.2 0
      vertex 50.2 67.7 0
      vertex 49.2863 67.6401 0
    endloop
  endfacet
  facet normal 0 0 -1
    outer loop
      vertex 4.7 81.2 0
      vertex 49.2863 67.6401 0
      vertex 48.3883 67.4615 0
    endloop
  endfacet
  facet normal 0 0 -1
    outer loop
      vertex 36.0997 49.6497 0
      vertex 44.6465 56.4387 0
      vertex 36.7035 48.9613 0
    endloop
  endfacet
  facet normal -0 0 -1
    outer loop
      vertex 44.6465 56.4387 0
      vertex 36.0997 49.6497 0
      vertex 44.1378 57.2 0
    endloop
  endfacet
  facet normal 0 0 -1
    outer loop
      vertex 35.4113 50.2535 0
      vertex 44.1378 57.2 0
      vertex 36.0997 49.6497 0
    endloop
  endfacet
  facet normal -0 0 -1
    outer loop
      vertex 44.1378 57.2 0
      vertex 35.4113 50.2535 0
      vertex 43.7328 58.0212 0
    endloop
  endfacet
  facet normal 0 0 -1
    outer loop
      vertex 34.65 50.7622 0
      vertex 43.7328 58.0212 0
      vertex 35.4113 50.2535 0
    endloop
  endfacet
  facet normal -0 0 -1
    outer loop
      vertex 43.7328 58.0212 0
      vertex 34.65 50.7622 0
      vertex 43.4385 58.8883 0
    endloop
  endfacet
  facet normal 0 0 -1
    outer loop
      vertex 33.8288 51.1672 0
      vertex 43.4385 58.8883 0
      vertex 34.65 50.7622 0
    endloop
  endfacet
  facet normal -0 0 -1
    outer loop
      vertex 43.4385 58.8883 0
      vertex 33.8288 51.1672 0
      vertex 43.2599 59.7863 0
    endloop
  endfacet
  facet normal 0 0 -1
    outer loop
      vertex 32.9617 51.4615 0
      vertex 43.2599 59.7863 0
      vertex 33.8288 51.1672 0
    endloop
  endfacet
  facet normal -0 0 -1
    outer loop
      vertex 43.2599 59.7863 0
      vertex 32.9617 51.4615 0
      vertex 43.2 60.7 0
    endloop
  endfacet
  facet normal 0 0 -1
    outer loop
      vertex 32.0637 51.6401 0
      vertex 43.2 60.7 0
      vertex 32.9617 51.4615 0
    endloop
  endfacet
  facet normal -0 0 -1
    outer loop
      vertex 43.2 60.7 0
      vertex 32.0637 51.6401 0
      vertex 43.2599 61.6137 0
    endloop
  endfacet
  facet normal 0 0 -1
    outer loop
      vertex 31.15 51.7 0
      vertex 43.2599 61.6137 0
      vertex 32.0637 51.6401 0
    endloop
  endfacet
  facet normal -0 0 -1
    outer loop
      vertex 43.2599 61.6137 0
      vertex 31.15 51.7 0
      vertex 43.4385 62.5117 0
    endloop
  endfacet
  facet normal 0 0 -1
    outer loop
      vertex 30.2363 51.6401 0
      vertex 43.4385 62.5117 0
      vertex 31.15 51.7 0
    endloop
  endfacet
  facet normal -0 0 -1
    outer loop
      vertex 43.4385 62.5117 0
      vertex 30.2363 51.6401 0
      vertex 43.7328 63.3788 0
    endloop
  endfacet
  facet normal 0 0 -1
    outer loop
      vertex 29.3383 51.4615 0
      vertex 43.7328 63.3788 0
      vertex 30.2363 51.6401 0
    endloop
  endfacet
  facet normal 0 0 -1
    outer loop
      vertex 4.7 81.2 0
      vertex 43.7328 63.3788 0
      vertex 29.3383 51.4615 0
    endloop
  endfacet
  facet normal 0 0 -1
    outer loop
      vertex 43.7328 63.3788 0
      vertex 4.7 81.2 0
      vertex 44.1378 64.2 0
    endloop
  endfacet
  facet normal 0 0 -1
    outer loop
      vertex 44.1378 64.2 0
      vertex 4.7 81.2 0
      vertex 44.6465 64.9613 0
    endloop
  endfacet
  facet normal 0 0 -1
    outer loop
      vertex 4.7 81.2 0
      vertex 29.3383 51.4615 0
      vertex 28.4712 51.1672 0
    endloop
  endfacet
  facet normal 0 0 -1
    outer loop
      vertex 44.6465 64.9613 0
      vertex 4.7 81.2 0
      vertex 45.2503 65.6497 0
    endloop
  endfacet
  facet normal 0 0 -1
    outer loop
      vertex 4.7 81.2 0
      vertex 28.4712 51.1672 0
      vertex 27.65 50.7622 0
    endloop
  endfacet
  facet normal 0 0 -1
    outer loop
      vertex 2.2 78.7 0
      vertex 27.65 50.7622 0
      vertex 26.8887 50.2535 0
    endloop
  endfacet
  facet normal 0 0 -1
    outer loop
      vertex 2.2 78.7 0
      vertex 24.15 44.7 0
      vertex 14.7 16.7 0
    endloop
  endfacet
  facet normal 0 0 -1
    outer loop
      vertex 24.15 44.7 0
      vertex 2.2 78.7 0
      vertex 24.2099 45.6137 0
    endloop
  endfacet
  facet normal -0 0 -1
    outer loop
      vertex 14.7 6.7 0
      vertex 2.2 4.7 0
      vertex 14.7 16.7 0
    endloop
  endfacet
  facet normal 0 0 -1
    outer loop
      vertex 2.2 78.7 0
      vertex 14.7 16.7 0
      vertex 2.2 4.7 0
    endloop
  endfacet
  facet normal 0 0 -1
    outer loop
      vertex 50.2 67.7 0
      vertex 4.7 81.2 0
      vertex 95.7 81.2 0
    endloop
  endfacet
  facet normal 0 0 -1
    outer loop
      vertex 47.5212 67.1672 0
      vertex 4.7 81.2 0
      vertex 48.3883 67.4615 0
    endloop
  endfacet
  facet normal 0 0 -1
    outer loop
      vertex 46.7 66.7622 0
      vertex 4.7 81.2 0
      vertex 47.5212 67.1672 0
    endloop
  endfacet
  facet normal 0 0 -1
    outer loop
      vertex 45.9387 66.2535 0
      vertex 4.7 81.2 0
      vertex 46.7 66.7622 0
    endloop
  endfacet
  facet normal 0 0 -1
    outer loop
      vertex 45.2503 65.6497 0
      vertex 4.7 81.2 0
      vertex 45.9387 66.2535 0
    endloop
  endfacet
  facet normal 0 0 -1
    outer loop
      vertex 2.2 78.7 0
      vertex 26.8887 50.2535 0
      vertex 26.2003 49.6497 0
    endloop
  endfacet
  facet normal 0 0 -1
    outer loop
      vertex 2.2 78.7 0
      vertex 26.2003 49.6497 0
      vertex 25.5965 48.9613 0
    endloop
  endfacet
  facet normal 0 0 -1
    outer loop
      vertex 2.2 78.7 0
      vertex 25.5965 48.9613 0
      vertex 25.0878 48.2 0
    endloop
  endfacet
  facet normal 0 0 -1
    outer loop
      vertex 2.2 78.7 0
      vertex 25.0878 48.2 0
      vertex 24.6828 47.3788 0
    endloop
  endfacet
  facet normal 0 0 -1
    outer loop
      vertex 24.2099 45.6137 0
      vertex 2.2 78.7 0
      vertex 24.3885 46.5117 0
    endloop
  endfacet
  facet normal 0 0 -1
    outer loop
      vertex 2.2 4.7 0
      vertex 4.7 2.2 0
      vertex 4.37369 2.22139 0
    endloop
  endfacet
  facet normal 0 0 -1
    outer loop
      vertex 24.3885 46.5117 0
      vertex 2.2 78.7 0
      vertex 24.6828 47.3788 0
    endloop
  endfacet
  facet normal 0 0 -1
    outer loop
      vertex 2.2 4.7 0
      vertex 4.37369 2.22139 0
      vertex 4.05295 2.28519 0
    endloop
  endfacet
  facet normal 0 0 -1
    outer loop
      vertex 27.65 50.7622 0
      vertex 2.2 78.7 0
      vertex 4.7 81.2 0
    endloop
  endfacet
  facet normal 0 0 -1
    outer loop
      vertex 2.2 4.7 0
      vertex 4.05295 2.28519 0
      vertex 3.74329 2.39031 0
    endloop
  endfacet
  facet normal 0 0 -1
    outer loop
      vertex 4.7 81.2 0
      vertex 2.2 78.7 0
      vertex 4.37369 81.1786 0
    endloop
  endfacet
  facet normal 0 0 -1
    outer loop
      vertex 2.2 4.7 0
      vertex 3.74329 2.39031 0
      vertex 3.45 2.53493 0
    endloop
  endfacet
  facet normal 0 0 -1
    outer loop
      vertex 4.37369 81.1786 0
      vertex 2.2 78.7 0
      vertex 4.05295 81.1148 0
    endloop
  endfacet
  facet normal 0 0 -1
    outer loop
      vertex 2.2 4.7 0
      vertex 3.45 2.53493 0
      vertex 3.1781 2.71662 0
    endloop
  endfacet
  facet normal 0 0 -1
    outer loop
      vertex 4.05295 81.1148 0
      vertex 2.2 78.7 0
      vertex 3.74329 81.0097 0
    endloop
  endfacet
  facet normal 0 0 -1
    outer loop
      vertex 2.2 4.7 0
      vertex 3.1781 2.71662 0
      vertex 2.93224 2.93224 0
    endloop
  endfacet
  facet normal 0 0 -1
    outer loop
      vertex 3.74329 81.0097 0
      vertex 2.2 78.7 0
      vertex 3.45 80.8651 0
    endloop
  endfacet
  facet normal 0 0 -1
    outer loop
      vertex 2.2 4.7 0
      vertex 2.93224 2.93224 0
      vertex 2.71662 3.1781 0
    endloop
  endfacet
  facet normal 0 0 -1
    outer loop
      vertex 3.45 80.8651 0
      vertex 2.2 78.7 0
      vertex 3.1781 80.6834 0
    endloop
  endfacet
  facet normal 0 0 -1
    outer loop
      vertex 2.2 4.7 0
      vertex 2.71662 3.1781 0
      vertex 2.53493 3.45 0
    endloop
  endfacet
  facet normal 0 0 -1
    outer loop
      vertex 3.1781 80.6834 0
      vertex 2.2 78.7 0
      vertex 2.93224 80.4678 0
    endloop
  endfacet
  facet normal 0 0 -1
    outer loop
      vertex 2.2 4.7 0
      vertex 2.53493 3.45 0
      vertex 2.39031 3.74329 0
    endloop
  endfacet
  facet normal 0 0 -1
    outer loop
      vertex 2.93224 80.4678 0
      vertex 2.2 78.7 0
      vertex 2.71662 80.2219 0
    endloop
  endfacet
  facet normal 0 0 -1
    outer loop
      vertex 2.2 4.7 0
      vertex 2.39031 3.74329 0
      vertex 2.28519 4.05295 0
    endloop
  endfacet
  facet normal 0 0 -1
    outer loop
      vertex 2.71662 80.2219 0
      vertex 2.2 78.7 0
      vertex 2.53493 79.95 0
    endloop
  endfacet
  facet normal 0 0 -1
    outer loop
      vertex 2.2 4.7 0
      vertex 2.28519 4.05295 0
      vertex 2.22139 4.37369 0
    endloop
  endfacet
  facet normal 0 0 -1
    outer loop
      vertex 2.53493 79.95 0
      vertex 2.2 78.7 0
      vertex 2.39031 79.6567 0
    endloop
  endfacet
  facet normal 0 0 -1
    outer loop
      vertex 2.39031 79.6567 0
      vertex 2.2 78.7 0
      vertex 2.28519 79.347 0
    endloop
  endfacet
  facet normal 0 0 -1
    outer loop
      vertex 2.28519 79.347 0
      vertex 2.2 78.7 0
      vertex 2.22139 79.0263 0
    endloop
  endfacet
  facet normal 0 0 -1
    outer loop
      vertex 76.1901 45.6137 0
      vertex 82.2 56.7 0
      vertex 76.25 44.7 0
    endloop
  endfacet
  facet normal 0 0 -1
    outer loop
      vertex 76.0115 46.5117 0
      vertex 82.2 56.7 0
      vertex 76.1901 45.6137 0
    endloop
  endfacet
  facet normal 0 0 -1
    outer loop
      vertex 75.7172 47.3788 0
      vertex 82.2 56.7 0
      vertex 76.0115 46.5117 0
    endloop
  endfacet
  facet normal 0 0 -1
    outer loop
      vertex 75.3122 48.2 0
      vertex 82.2 56.7 0
      vertex 75.7172 47.3788 0
    endloop
  endfacet
  facet normal 0 0 -1
    outer loop
      vertex 74.8035 48.9613 0
      vertex 82.2 56.7 0
      vertex 75.3122 48.2 0
    endloop
  endfacet
  facet normal 0 0 -1
    outer loop
      vertex 74.1997 49.6497 0
      vertex 82.2 56.7 0
      vertex 74.8035 48.9613 0
    endloop
  endfacet
  facet normal 0 0 -1
    outer loop
      vertex 73.5113 50.2535 0
      vertex 82.2 56.7 0
      vertex 74.1997 49.6497 0
    endloop
  endfacet
  facet normal 0 0 -1
    outer loop
      vertex 72.75 50.7622 0
      vertex 82.2 56.7 0
      vertex 73.5113 50.2535 0
    endloop
  endfacet
  facet normal 0 0 -1
    outer loop
      vertex 71.9288 51.1672 0
      vertex 82.2 56.7 0
      vertex 72.75 50.7622 0
    endloop
  endfacet
  facet normal 0 0 -1
    outer loop
      vertex 71.0617 51.4615 0
      vertex 82.2 56.7 0
      vertex 71.9288 51.1672 0
    endloop
  endfacet
  facet normal 0 0 -1
    outer loop
      vertex 70.1637 51.6401 0
      vertex 82.2 56.7 0
      vertex 71.0617 51.4615 0
    endloop
  endfacet
  facet normal 0 0 -1
    outer loop
      vertex 69.25 51.7 0
      vertex 82.2 56.7 0
      vertex 70.1637 51.6401 0
    endloop
  endfacet
  facet normal 0 0 -1
    outer loop
      vertex 55.9281 56.7 0
      vertex 69.25 51.7 0
      vertex 68.3363 51.6401 0
    endloop
  endfacet
  facet normal 0 0 -1
    outer loop
      vertex 55.9281 56.7 0
      vertex 68.3363 51.6401 0
      vertex 67.4383 51.4615 0
    endloop
  endfacet
  facet normal 0 0 -1
    outer loop
      vertex 55.9281 56.7 0
      vertex 67.4383 51.4615 0
      vertex 66.5712 51.1672 0
    endloop
  endfacet
  facet normal 0 0 -1
    outer loop
      vertex 62.3099 43.7863 0
      vertex 57.2 44.7 0
      vertex 62.25 44.7 0
    endloop
  endfacet
  facet normal 0 0 -1
    outer loop
      vertex 62.25 44.7 0
      vertex 57.2 44.7 0
      vertex 62.3099 45.6137 0
    endloop
  endfacet
  facet normal 0 0 -1
    outer loop
      vertex 57.1401 45.6137 0
      vertex 62.3099 45.6137 0
      vertex 57.2 44.7 0
    endloop
  endfacet
  facet normal 0 0 -1
    outer loop
      vertex 62.3099 45.6137 0
      vertex 57.1401 45.6137 0
      vertex 62.4885 46.5117 0
    endloop
  endfacet
  facet normal 0 0 -1
    outer loop
      vertex 56.9615 46.5117 0
      vertex 62.4885 46.5117 0
      vertex 57.1401 45.6137 0
    endloop
  endfacet
  facet normal 0 0 -1
    outer loop
      vertex 62.4885 46.5117 0
      vertex 56.9615 46.5117 0
      vertex 62.7828 47.3788 0
    endloop
  endfacet
  facet normal 0 0 -1
    outer loop
      vertex 56.6672 47.3788 0
      vertex 62.7828 47.3788 0
      vertex 56.9615 46.5117 0
    endloop
  endfacet
  facet normal 0 0 -1
    outer loop
      vertex 62.7828 47.3788 0
      vertex 56.6672 47.3788 0
      vertex 63.1878 48.2 0
    endloop
  endfacet
  facet normal 0 0 -1
    outer loop
      vertex 56.2622 48.2 0
      vertex 63.1878 48.2 0
      vertex 56.6672 47.3788 0
    endloop
  endfacet
  facet normal 0 0 -1
    outer loop
      vertex 63.1878 48.2 0
      vertex 56.2622 48.2 0
      vertex 63.6965 48.9613 0
    endloop
  endfacet
  facet normal 0 0 -1
    outer loop
      vertex 55.7535 48.9613 0
      vertex 63.6965 48.9613 0
      vertex 56.2622 48.2 0
    endloop
  endfacet
  facet normal 0 0 -1
    outer loop
      vertex 55.7535 56.4387 0
      vertex 63.6965 48.9613 0
      vertex 55.7535 48.9613 0
    endloop
  endfacet
  facet normal 0 0 -1
    outer loop
      vertex 63.6965 48.9613 0
      vertex 55.7535 56.4387 0
      vertex 64.3003 49.6497 0
    endloop
  endfacet
  facet normal 0 -0 -1
    outer loop
      vertex 55.9281 56.7 0
      vertex 64.3003 49.6497 0
      vertex 55.7535 56.4387 0
    endloop
  endfacet
  facet normal 0 0 -1
    outer loop
      vertex 64.3003 49.6497 0
      vertex 55.9281 56.7 0
      vertex 64.9887 50.2535 0
    endloop
  endfacet
  facet normal 0 0 -1
    outer loop
      vertex 69.25 51.7 0
      vertex 55.9281 56.7 0
      vertex 82.2 56.7 0
    endloop
  endfacet
  facet normal 0 0 -1
    outer loop
      vertex 64.9887 50.2535 0
      vertex 55.9281 56.7 0
      vertex 65.75 50.7622 0
    endloop
  endfacet
  facet normal 0 0 -1
    outer loop
      vertex 65.75 50.7622 0
      vertex 55.9281 56.7 0
      vertex 66.5712 51.1672 0
    endloop
  endfacet
  facet normal 0 0 -1
    outer loop
      vertex 55.1497 49.6497 0
      vertex 55.7535 56.4387 0
      vertex 55.7535 48.9613 0
    endloop
  endfacet
  facet normal 0 0 -1
    outer loop
      vertex 55.1497 49.6497 0
      vertex 55.1497 55.7503 0
      vertex 55.7535 56.4387 0
    endloop
  endfacet
  facet normal 0 0 -1
    outer loop
      vertex 54.4613 50.2535 0
      vertex 55.1497 55.7503 0
      vertex 55.1497 49.6497 0
    endloop
  endfacet
  facet normal 0 0 -1
    outer loop
      vertex 54.4613 50.2535 0
      vertex 54.4613 55.1465 0
      vertex 55.1497 55.7503 0
    endloop
  endfacet
  facet normal 0 0 -1
    outer loop
      vertex 53.7 50.7622 0
      vertex 54.4613 55.1465 0
      vertex 54.4613 50.2535 0
    endloop
  endfacet
  facet normal 0 0 -1
    outer loop
      vertex 53.7 50.7622 0
      vertex 53.7 54.6378 0
      vertex 54.4613 55.1465 0
    endloop
  endfacet
  facet normal 0 0 -1
    outer loop
      vertex 52.8788 51.1672 0
      vertex 53.7 54.6378 0
      vertex 53.7 50.7622 0
    endloop
  endfacet
  facet normal 0 0 -1
    outer loop
      vertex 52.8788 51.1672 0
      vertex 52.8788 54.2328 0
      vertex 53.7 54.6378 0
    endloop
  endfacet
  facet normal 0 0 -1
    outer loop
      vertex 52.0117 51.4615 0
      vertex 52.8788 54.2328 0
      vertex 52.8788 51.1672 0
    endloop
  endfacet
  facet normal 0 0 -1
    outer loop
      vertex 52.0117 51.4615 0
      vertex 52.0117 53.9385 0
      vertex 52.8788 54.2328 0
    endloop
  endfacet
  facet normal 0 0 -1
    outer loop
      vertex 51.1137 51.6401 0
      vertex 52.0117 53.9385 0
      vertex 52.0117 51.4615 0
    endloop
  endfacet
  facet normal 0 0 -1
    outer loop
      vertex 51.1137 51.6401 0
      vertex 51.1137 53.7599 0
      vertex 52.0117 53.9385 0
    endloop
  endfacet
  facet normal 0 0 -1
    outer loop
      vertex 50.2 51.7 0
      vertex 51.1137 53.7599 0
      vertex 51.1137 51.6401 0
    endloop
  endfacet
  facet normal 0 0 -1
    outer loop
      vertex 50.2 51.7 0
      vertex 50.2 53.7 0
      vertex 51.1137 53.7599 0
    endloop
  endfacet
  facet normal 0 0 -1
    outer loop
      vertex 49.2863 51.6401 0
      vertex 50.2 53.7 0
      vertex 50.2 51.7 0
    endloop
  endfacet
  facet normal 0 0 -1
    outer loop
      vertex 49.2863 51.6401 0
      vertex 49.2863 53.7599 0
      vertex 50.2 53.7 0
    endloop
  endfacet
  facet normal 0 0 -1
    outer loop
      vertex 48.3883 51.4615 0
      vertex 49.2863 53.7599 0
      vertex 49.2863 51.6401 0
    endloop
  endfacet
  facet normal 0 0 -1
    outer loop
      vertex 48.3883 51.4615 0
      vertex 48.3883 53.9385 0
      vertex 49.2863 53.7599 0
    endloop
  endfacet
  facet normal 0 0 -1
    outer loop
      vertex 47.5212 51.1672 0
      vertex 48.3883 53.9385 0
      vertex 48.3883 51.4615 0
    endloop
  endfacet
  facet normal 0 0 -1
    outer loop
      vertex 47.5212 51.1672 0
      vertex 47.5212 54.2328 0
      vertex 48.3883 53.9385 0
    endloop
  endfacet
  facet normal 0 0 -1
    outer loop
      vertex 46.7 50.7622 0
      vertex 47.5212 54.2328 0
      vertex 47.5212 51.1672 0
    endloop
  endfacet
  facet normal 0 0 -1
    outer loop
      vertex 46.7 50.7622 0
      vertex 46.7 54.6378 0
      vertex 47.5212 54.2328 0
    endloop
  endfacet
  facet normal 0 0 -1
    outer loop
      vertex 45.9387 50.2535 0
      vertex 46.7 54.6378 0
      vertex 46.7 50.7622 0
    endloop
  endfacet
  facet normal 0 0 -1
    outer loop
      vertex 45.9387 50.2535 0
      vertex 45.9387 55.1465 0
      vertex 46.7 54.6378 0
    endloop
  endfacet
  facet normal 0 0 -1
    outer loop
      vertex 45.2503 49.6497 0
      vertex 45.9387 55.1465 0
      vertex 45.9387 50.2535 0
    endloop
  endfacet
  facet normal 0 0 -1
    outer loop
      vertex 45.2503 49.6497 0
      vertex 45.2503 55.7503 0
      vertex 45.9387 55.1465 0
    endloop
  endfacet
  facet normal 0 0 -1
    outer loop
      vertex 44.6465 48.9613 0
      vertex 45.2503 55.7503 0
      vertex 45.2503 49.6497 0
    endloop
  endfacet
  facet normal 0 0 -1
    outer loop
      vertex 44.6465 48.9613 0
      vertex 44.6465 56.4387 0
      vertex 45.2503 55.7503 0
    endloop
  endfacet
  facet normal 0 0 -1
    outer loop
      vertex 37.6172 47.3788 0
      vertex 43.7328 47.3788 0
      vertex 37.9115 46.5117 0
    endloop
  endfacet
  facet normal 0 0 -1
    outer loop
      vertex 43.7328 47.3788 0
      vertex 37.6172 47.3788 0
      vertex 44.1378 48.2 0
    endloop
  endfacet
  facet normal 0 0 -1
    outer loop
      vertex 37.9115 46.5117 0
      vertex 43.4385 46.5117 0
      vertex 38.0901 45.6137 0
    endloop
  endfacet
  facet normal 0 0 -1
    outer loop
      vertex 43.4385 46.5117 0
      vertex 37.9115 46.5117 0
      vertex 43.7328 47.3788 0
    endloop
  endfacet
  facet normal 0 0 -1
    outer loop
      vertex 43.2599 45.6137 0
      vertex 38.0901 45.6137 0
      vertex 43.4385 46.5117 0
    endloop
  endfacet
  facet normal 0 0 -1
    outer loop
      vertex 37.2122 48.2 0
      vertex 44.1378 48.2 0
      vertex 37.6172 47.3788 0
    endloop
  endfacet
  facet normal 0 0 -1
    outer loop
      vertex 38.0901 45.6137 0
      vertex 43.2599 45.6137 0
      vertex 38.15 44.7 0
    endloop
  endfacet
  facet normal 0 0 -1
    outer loop
      vertex 44.1378 48.2 0
      vertex 37.2122 48.2 0
      vertex 44.6465 48.9613 0
    endloop
  endfacet
  facet normal 0 0 -1
    outer loop
      vertex 38.15 44.7 0
      vertex 43.2599 45.6137 0
      vertex 43.2 44.7 0
    endloop
  endfacet
  facet normal 0 0 -1
    outer loop
      vertex 36.7035 48.9613 0
      vertex 44.6465 48.9613 0
      vertex 37.2122 48.2 0
    endloop
  endfacet
  facet normal 0 0 -1
    outer loop
      vertex 55.7535 24.4387 0
      vertex 54.7 16.7 0
      vertex 55.1497 23.7503 0
    endloop
  endfacet
  facet normal 0 0 -1
    outer loop
      vertex 54.7 16.7 0
      vertex 54.4613 23.1465 0
      vertex 55.1497 23.7503 0
    endloop
  endfacet
  facet normal 0 0 -1
    outer loop
      vertex 54.7 16.7 0
      vertex 53.7 22.6378 0
      vertex 54.4613 23.1465 0
    endloop
  endfacet
  facet normal 0 0 -1
    outer loop
      vertex 54.7 16.7 0
      vertex 52.8788 22.2328 0
      vertex 53.7 22.6378 0
    endloop
  endfacet
  facet normal 0 0 -1
    outer loop
      vertex 54.7 16.7 0
      vertex 52.0117 21.9385 0
      vertex 52.8788 22.2328 0
    endloop
  endfacet
  facet normal 0 0 -1
    outer loop
      vertex 54.7 16.7 0
      vertex 51.1137 21.7599 0
      vertex 52.0117 21.9385 0
    endloop
  endfacet
  facet normal 0 0 -1
    outer loop
      vertex 54.7 16.7 0
      vertex 50.2 21.7 0
      vertex 51.1137 21.7599 0
    endloop
  endfacet
  facet normal 0 0 -1
    outer loop
      vertex 54.7 16.7 0
      vertex 49.2863 21.7599 0
      vertex 50.2 21.7 0
    endloop
  endfacet
  facet normal 0 0 -1
    outer loop
      vertex 54.7 16.7 0
      vertex 48.3883 21.9385 0
      vertex 49.2863 21.7599 0
    endloop
  endfacet
  facet normal 0 0 -1
    outer loop
      vertex 54.7 16.7 0
      vertex 47.5212 22.2328 0
      vertex 48.3883 21.9385 0
    endloop
  endfacet
  facet normal 0 0 -1
    outer loop
      vertex 54.7 16.7 0
      vertex 46.7 22.6378 0
      vertex 47.5212 22.2328 0
    endloop
  endfacet
  facet normal 0 0 -1
    outer loop
      vertex 14.7 16.7 0
      vertex 46.7 22.6378 0
      vertex 54.7 16.7 0
    endloop
  endfacet
  facet normal 0 -0 -1
    outer loop
      vertex 37.9115 42.8883 0
      vertex 43.4385 42.8883 0
      vertex 37.6172 42.0212 0
    endloop
  endfacet
  facet normal 0 0 -1
    outer loop
      vertex 44.6465 48.9613 0
      vertex 36.7035 48.9613 0
      vertex 44.6465 56.4387 0
    endloop
  endfacet
  facet normal 0 0 -1
    outer loop
      vertex 32.0637 37.7599 0
      vertex 43.2 28.7 0
      vertex 43.2599 27.7863 0
    endloop
  endfacet
  facet normal 0 0 -1
    outer loop
      vertex 31.15 37.7 0
      vertex 43.2599 27.7863 0
      vertex 43.4385 26.8883 0
    endloop
  endfacet
  facet normal -0 0 -1
    outer loop
      vertex 43.2 44.7 0
      vertex 38.0901 43.7863 0
      vertex 38.15 44.7 0
    endloop
  endfacet
  facet normal 0 0 -1
    outer loop
      vertex 43.2599 43.7863 0
      vertex 38.0901 43.7863 0
      vertex 43.2 44.7 0
    endloop
  endfacet
  facet normal 0 0 -1
    outer loop
      vertex 14.7 16.7 0
      vertex 43.4385 26.8883 0
      vertex 43.7328 26.0212 0
    endloop
  endfacet
  facet normal 0 -0 -1
    outer loop
      vertex 38.0901 43.7863 0
      vertex 43.2599 43.7863 0
      vertex 37.9115 42.8883 0
    endloop
  endfacet
  facet normal 0 0 -1
    outer loop
      vertex 43.4385 42.8883 0
      vertex 37.9115 42.8883 0
      vertex 43.2599 43.7863 0
    endloop
  endfacet
  facet normal 0 0 -1
    outer loop
      vertex 43.7328 42.0212 0
      vertex 37.6172 42.0212 0
      vertex 43.4385 42.8883 0
    endloop
  endfacet
  facet normal 0 0 -1
    outer loop
      vertex 44.6465 32.9613 0
      vertex 36.0997 39.7503 0
      vertex 36.7035 40.4387 0
    endloop
  endfacet
  facet normal 0 0 -1
    outer loop
      vertex 14.7 16.7 0
      vertex 43.7328 26.0212 0
      vertex 44.1378 25.2 0
    endloop
  endfacet
  facet normal 0 0 -1
    outer loop
      vertex 44.1378 32.2 0
      vertex 35.4113 39.1465 0
      vertex 36.0997 39.7503 0
    endloop
  endfacet
  facet normal 0 0 -1
    outer loop
      vertex 43.7328 31.3788 0
      vertex 34.65 38.6378 0
      vertex 35.4113 39.1465 0
    endloop
  endfacet
  facet normal 0 0 -1
    outer loop
      vertex 14.7 16.7 0
      vertex 44.1378 25.2 0
      vertex 44.6465 24.4387 0
    endloop
  endfacet
  facet normal 0 0 -1
    outer loop
      vertex 43.4385 30.5117 0
      vertex 33.8288 38.2328 0
      vertex 34.65 38.6378 0
    endloop
  endfacet
  facet normal 0 0 -1
    outer loop
      vertex 43.2599 29.6137 0
      vertex 32.9617 37.9385 0
      vertex 33.8288 38.2328 0
    endloop
  endfacet
  facet normal 0 0 -1
    outer loop
      vertex 43.2 28.7 0
      vertex 32.0637 37.7599 0
      vertex 32.9617 37.9385 0
    endloop
  endfacet
  facet normal 0 0 -1
    outer loop
      vertex 14.7 16.7 0
      vertex 44.6465 24.4387 0
      vertex 45.2503 23.7503 0
    endloop
  endfacet
  facet normal 0 0 -1
    outer loop
      vertex 43.2599 27.7863 0
      vertex 31.15 37.7 0
      vertex 32.0637 37.7599 0
    endloop
  endfacet
  facet normal 0 0 -1
    outer loop
      vertex 43.4385 26.8883 0
      vertex 30.2363 37.7599 0
      vertex 31.15 37.7 0
    endloop
  endfacet
  facet normal -0 0 -1
    outer loop
      vertex 43.4385 26.8883 0
      vertex 14.7 16.7 0
      vertex 30.2363 37.7599 0
    endloop
  endfacet
  facet normal -0 0 -1
    outer loop
      vertex 30.2363 37.7599 0
      vertex 14.7 16.7 0
      vertex 29.3383 37.9385 0
    endloop
  endfacet
  facet normal 0 0 -1
    outer loop
      vertex 14.7 16.7 0
      vertex 45.2503 23.7503 0
      vertex 45.9387 23.1465 0
    endloop
  endfacet
  facet normal -0 0 -1
    outer loop
      vertex 29.3383 37.9385 0
      vertex 14.7 16.7 0
      vertex 28.4712 38.2328 0
    endloop
  endfacet
  facet normal -0 0 -1
    outer loop
      vertex 28.4712 38.2328 0
      vertex 14.7 16.7 0
      vertex 27.65 38.6378 0
    endloop
  endfacet
  facet normal -0 0 -1
    outer loop
      vertex 24.2099 43.7863 0
      vertex 14.7 16.7 0
      vertex 24.15 44.7 0
    endloop
  endfacet
  facet normal -0 0 -1
    outer loop
      vertex 24.3885 42.8883 0
      vertex 14.7 16.7 0
      vertex 24.2099 43.7863 0
    endloop
  endfacet
  facet normal -0 0 -1
    outer loop
      vertex 24.6828 42.0212 0
      vertex 14.7 16.7 0
      vertex 24.3885 42.8883 0
    endloop
  endfacet
  facet normal -0 0 -1
    outer loop
      vertex 25.0878 41.2 0
      vertex 14.7 16.7 0
      vertex 24.6828 42.0212 0
    endloop
  endfacet
  facet normal -0 0 -1
    outer loop
      vertex 25.5965 40.4387 0
      vertex 14.7 16.7 0
      vertex 25.0878 41.2 0
    endloop
  endfacet
  facet normal -0 0 -1
    outer loop
      vertex 26.2003 39.7503 0
      vertex 14.7 16.7 0
      vertex 25.5965 40.4387 0
    endloop
  endfacet
  facet normal -0 0 -1
    outer loop
      vertex 26.8887 39.1465 0
      vertex 14.7 16.7 0
      vertex 26.2003 39.7503 0
    endloop
  endfacet
  facet normal -0 0 -1
    outer loop
      vertex 27.65 38.6378 0
      vertex 14.7 16.7 0
      vertex 26.8887 39.1465 0
    endloop
  endfacet
  facet normal -0 0 -1
    outer loop
      vertex 46.7 22.6378 0
      vertex 14.7 16.7 0
      vertex 45.9387 23.1465 0
    endloop
  endfacet
  facet normal -0.946926 -0.321452 0
    outer loop
      vertex 2.39031 3.74329 0
      vertex 2.28519 4.05295 1.5
      vertex 2.28519 4.05295 0
    endloop
  endfacet
  facet normal -0.946926 -0.321452 0
    outer loop
      vertex 2.28519 4.05295 1.5
      vertex 2.39031 3.74329 0
      vertex 2.39031 3.74329 1.5
    endloop
  endfacet
  facet normal 0.946957 0.32136 0
    outer loop
      vertex 98.1148 79.347 1.5
      vertex 98.0097 79.6567 0
      vertex 98.0097 79.6567 1.5
    endloop
  endfacet
  facet normal 0.946957 0.32136 0
    outer loop
      vertex 98.0097 79.6567 0
      vertex 98.1148 79.347 1.5
      vertex 98.1148 79.347 0
    endloop
  endfacet
  facet normal 0.997856 -0.0654412 0
    outer loop
      vertex 98.1786 4.37369 1.5
      vertex 98.2 4.7 0
      vertex 98.2 4.7 1.5
    endloop
  endfacet
  facet normal 0.997856 -0.0654412 0
    outer loop
      vertex 98.2 4.7 0
      vertex 98.1786 4.37369 1.5
      vertex 98.1786 4.37369 0
    endloop
  endfacet
  facet normal 0.75186 -0.659323 0
    outer loop
      vertex 97.4678 2.93224 1.5
      vertex 97.6834 3.1781 0
      vertex 97.6834 3.1781 1.5
    endloop
  endfacet
  facet normal 0.75186 -0.659323 0
    outer loop
      vertex 97.6834 3.1781 0
      vertex 97.4678 2.93224 1.5
      vertex 97.4678 2.93224 0
    endloop
  endfacet
  facet normal 0.442241 -0.896896 0
    outer loop
      vertex 96.6567 2.39031 0
      vertex 96.95 2.53493 1.5
      vertex 96.6567 2.39031 1.5
    endloop
  endfacet
  facet normal 0.442241 -0.896896 0
    outer loop
      vertex 96.95 2.53493 1.5
      vertex 96.6567 2.39031 0
      vertex 96.95 2.53493 0
    endloop
  endfacet
  facet normal -1 0 0
    outer loop
      vertex 82.2 56.7 0
      vertex 82.2 64.7 0.75
      vertex 82.2 64.7 0
    endloop
  endfacet
  facet normal -1 -0 0
    outer loop
      vertex 82.2 64.7 0.75
      vertex 82.2 56.7 0
      vertex 82.2 56.7 0.75
    endloop
  endfacet
  facet normal 0 0 -1
    outer loop
      vertex 82.2 56.7 0.75
      vertex 57.2 60.7 0.75
      vertex 82.2 64.7 0.75
    endloop
  endfacet
  facet normal 0 0 -1
    outer loop
      vertex 82.2 56.7 0.75
      vertex 57.1401 59.7863 0.75
      vertex 57.2 60.7 0.75
    endloop
  endfacet
  facet normal 0 0 -1
    outer loop
      vertex 82.2 56.7 0.75
      vertex 56.9615 58.8883 0.75
      vertex 57.1401 59.7863 0.75
    endloop
  endfacet
  facet normal 0 0 -1
    outer loop
      vertex 82.2 56.7 0.75
      vertex 56.6672 58.0212 0.75
      vertex 56.9615 58.8883 0.75
    endloop
  endfacet
  facet normal 0 0 -1
    outer loop
      vertex 82.2 56.7 0.75
      vertex 56.2622 57.2 0.75
      vertex 56.6672 58.0212 0.75
    endloop
  endfacet
  facet normal 0 -0 -1
    outer loop
      vertex 56.2622 57.2 0.75
      vertex 82.2 56.7 0.75
      vertex 55.9281 56.7 0.75
    endloop
  endfacet
  facet normal 0 0 -1
    outer loop
      vertex 57.1401 61.6137 0.75
      vertex 82.2 64.7 0.75
      vertex 57.2 60.7 0.75
    endloop
  endfacet
  facet normal 0 0 -1
    outer loop
      vertex 56.9615 62.5117 0.75
      vertex 82.2 64.7 0.75
      vertex 57.1401 61.6137 0.75
    endloop
  endfacet
  facet normal 0 0 -1
    outer loop
      vertex 56.6672 63.3788 0.75
      vertex 82.2 64.7 0.75
      vertex 56.9615 62.5117 0.75
    endloop
  endfacet
  facet normal 0 0 -1
    outer loop
      vertex 56.2622 64.2 0.75
      vertex 82.2 64.7 0.75
      vertex 56.6672 63.3788 0.75
    endloop
  endfacet
  facet normal -0 0 -1
    outer loop
      vertex 82.2 64.7 0.75
      vertex 56.2622 64.2 0.75
      vertex 55.9281 64.7 0.75
    endloop
  endfacet
  facet normal 0 -1 0
    outer loop
      vertex 55.9281 64.7 0
      vertex 82.2 64.7 0.75
      vertex 55.9281 64.7 0.75
    endloop
  endfacet
  facet normal 0 -1 -0
    outer loop
      vertex 82.2 64.7 0.75
      vertex 55.9281 64.7 0
      vertex 82.2 64.7 0
    endloop
  endfacet
  facet normal 0 1 -0
    outer loop
      vertex 82.2 56.7 0
      vertex 55.9281 56.7 0.75
      vertex 82.2 56.7 0.75
    endloop
  endfacet
  facet normal 0 1 0
    outer loop
      vertex 55.9281 56.7 0.75
      vertex 82.2 56.7 0
      vertex 55.9281 56.7 0
    endloop
  endfacet
  facet normal -1 0 0
    outer loop
      vertex 54.7 6.7 0
      vertex 54.7 16.7 1.5
      vertex 54.7 16.7 0
    endloop
  endfacet
  facet normal -1 -0 0
    outer loop
      vertex 54.7 16.7 1.5
      vertex 54.7 6.7 0
      vertex 54.7 6.7 1.5
    endloop
  endfacet
  facet normal 1 -0 0
    outer loop
      vertex 14.7 6.7 1.5
      vertex 14.7 16.7 0
      vertex 14.7 16.7 1.5
    endloop
  endfacet
  facet normal 1 0 0
    outer loop
      vertex 14.7 16.7 0
      vertex 14.7 6.7 1.5
      vertex 14.7 6.7 0
    endloop
  endfacet
  facet normal 0 -1 0
    outer loop
      vertex 14.7 16.7 0
      vertex 54.7 16.7 1.5
      vertex 14.7 16.7 1.5
    endloop
  endfacet
  facet normal 0 -1 -0
    outer loop
      vertex 54.7 16.7 1.5
      vertex 14.7 16.7 0
      vertex 54.7 16.7 0
    endloop
  endfacet
  facet normal 0 1 -0
    outer loop
      vertex 54.7 6.7 0
      vertex 14.7 6.7 1.5
      vertex 54.7 6.7 1.5
    endloop
  endfacet
  facet normal 0 1 0
    outer loop
      vertex 14.7 6.7 1.5
      vertex 54.7 6.7 0
      vertex 14.7 6.7 0
    endloop
  endfacet
endsolid OpenSCAD_Model
